"speaker_id","name","title","company","country","biography","photo_url","company_logo_url","profile_links","source_url","profile_anchor_url","scraped_date"
"01M3RRMV76ZS5MVWN9AGTNJHHN","Mohamed Nadim","Group CEO Commercial & Operations","Egytrans NOSCO","Egypt","Extensive experience in logistics, supply chain management, freight forwarding, and transportation operations. Proven track record of driving business growth, optimizing operational performance, and leading large-scale transformation initiatives. Skilled in strategic planning, commercial development, stakeholder management, and building high performing teams to achieve sustainable success in competitive markets.","https://technesummit.com/storage/events/2/speakers/01M3RRMTHEEXVQBNYX1JJA38VZ_1790758775_thumbnail.webp","https://technesummit.com/storage/events/2/speakers/01M3RRMV68ZKJ1SAFWEJ1D9ZEJ_1790758776_company_logo.png","","https://technesummit.com/2026/speakers","https://technesummit.com/2026/speakers#speakerCardModal01M3RRMV76ZS5MVWN9AGTNJHHN","2026-10-04"
"01M3RRVCFPS9A7EJQY9PQ8KYA8","Amr Barakat","Acting Manager of the Technology Management Department","the Information Technology Industry Development Agency (ITIDA)","Egypt","Amr Barakat is the Acting Manager of the Technology Management Department at the Information Technology Industry Development Agency (ITIDA), with over 15 years of experience in software engineering, technology consulting, innovation, and digital talent development. He currently leads ITIDA Gigs, a national initiative that equips Egyptian youth with the digital and freelancing skills needed to compete in the global digital economy. Passionate about the future of work, Amr works with industry, academia, and government to bridge the gap between +6digital skills and employment opportunities.","https://technesummit.com/storage/events/2/speakers/01M3RRVB6CRNK82MD0EGE1DGB2_1790758989_thumbnail.webp","https://technesummit.com/storage/events/2/speakers/01M3RRVCENZ04AKMNAW7RDSR0P_1790758990_company_logo.jpeg","","https://technesummit.com/2026/speakers","https://technesummit.com/2026/speakers#speakerCardModal01M3RRVCFPS9A7EJQY9PQ8KYA8","2026-10-04"
"01M3VV82RX2PY0NMPPWWTPCYFG","Ayman Guemeih","Senior Commercial & Business Development Leader | Telecom • Digital • Technology • Fintech • Mobility | Strategic Partnerships & Revenue Growth | MENA","stage left productions","Egypt","Ayman Guemeih is a senior Commercial and Business Development leader with 20+ years of experience across telecom, digital services, technology, fintech, mobility and strategic partnerships across MENA and Turkey. Most recently, he served as Commercial Director at Nacita Mobility, following senior regional and country leadership roles with Basebone, Digital Virgo, Mondia, Ooredoo Qatar and Orange Egypt. Ayman started his career as a telecom engineer and evolved into commercial leadership, business development, partnerships and new revenue creation. His experience spans telecom, digital products, VAS, payments, mobility and emerging business models. Outside business, Ayman is a professional musician, singer and guitarist, actor in immersive theatre, and partner at Stage Left Productions. He is also a co-founder of Cairo Runners and an IRONMAN 70.3 finisher. His perspective sits at the intersection of business, technology, creativity and people — with a strong focus on turning connections and opportunities into real commercial value.","https://technesummit.com/storage/events/2/speakers/01M3VV81KEWMH0TQ9PVXNN4YZD_1790862165_thumbnail.webp","https://technesummit.com/storage/events/2/speakers/01M3VV82RTMB5EYQRNA24YCS4M_1790862166_company_logo.png","","https://technesummit.com/2026/speakers","https://technesummit.com/2026/speakers#speakerCardModal01M3VV82RX2PY0NMPPWWTPCYFG","2026-10-04"
"01M2DM1127M3VH08K9JAGCHEN8","Zoë Harries","Founder & Senior FDI & SEZ Advisor","Impact Zones FDI Advisory","United Arab Emirates","Zoë Harries is the Founder of Impact Zones FDI Advisory, specializing in foreign direct investment, special economic zones, investment attraction, location strategy, and the activation of new innovation and startup ecosystems. She advises governments, investment promotion agencies, economic zones, and developers on how to build competitive investment destinations, activate new ecosystems from the ground up, and attract the international businesses, talent, and capital they need to take hold and grow. A former Chief Investment Officer for a PIF backed special economic zone project in Jeddah, Zoë brings senior international experience across the Middle East, Asia, Europe, and global markets, including establishing investment attraction functions for greenfield economic zones from their earliest stages. Her work sits at the intersection of capital, talent, and place, exploring why investors, entrepreneurs, and businesses choose one market over another, what it takes to activate a startup or investment ecosystem where none existed before, and how locations create the conditions for businesses and investment to establish, scale, and grow.","https://technesummit.com/storage/events/2/speakers/01M2DM0YWSE9BCSZHM50VS63ST_1789311089_thumbnail.webp","https://technesummit.com/storage/events/2/speakers/01M2DM1124EEMWWSWKZCJG6ZMS_1789311091_company_logo.jpeg","","https://technesummit.com/2026/speakers","https://technesummit.com/2026/speakers#speakerCardModal01M2DM1127M3VH08K9JAGCHEN8","2026-10-04"
"01M2WM3KRKYH0TR4NX60FR4AVZ","H.E. Mr. Ahmed Kouchouk","Minister","Ministery of Finance of Egypt","Egypt","","https://technesummit.com/storage/events/2/speakers/01M2WM3K5SBYAHAFBVE4Z7VVAC_1789814492_thumbnail.webp","https://technesummit.com/storage/events/2/speakers/01M2WM3KMZ1P3B8KCHE3K75SB3_1789814492_company_logo.png","","https://technesummit.com/2026/speakers","https://technesummit.com/2026/speakers#speakerCardModal01M2WM3KRKYH0TR4NX60FR4AVZ","2026-10-04"
"01M353PJVSSQVVDVHY9TWWWJBR","H.E. Mr. Raafat Hindy","Minister of Communications and Information Technology (MCIT) of Egypt","","Egypt","","https://technesummit.com/storage/events/2/speakers/01M353PHPE53BWHSR67YGY7F17_1790099277_thumbnail.webp","https://technesummit.com/storage/events/2/speakers/01M353PJTVMSZ0CKQF3F7CY4VT_1790099278_company_logo.jpg","","https://technesummit.com/2026/speakers","https://technesummit.com/2026/speakers#speakerCardModal01M353PJVSSQVVDVHY9TWWWJBR","2026-10-04"
"01M37A6G40MR4P023DRVD05ZW0","Nihad Mahmoud","Environmental Consultant","","Egypt","","https://technesummit.com/storage/events/2/speakers/01M37A6FWD9CGGNMB85F4Q5PT1_1790173200_thumbnail.webp","","","https://technesummit.com/2026/speakers","https://technesummit.com/2026/speakers#speakerCardModal01M37A6G40MR4P023DRVD05ZW0","2026-10-04"
"01M3A4CGWNSCE5DXFX7RRHZHX5","H.E. Mohamed Farid","Minister of Investment & Foreign Trade, Egypt","","Egypt","","https://technesummit.com/storage/events/2/speakers/01M3A4CGGNHXHKNGXE2R16GATA_1790267769_thumbnail.webp","https://technesummit.com/storage/events/2/speakers/01M3A4CGWJYT9KMZYC2R9PKSQE_1790267769_company_logo.png","","https://technesummit.com/2026/speakers","https://technesummit.com/2026/speakers#speakerCardModal01M3A4CGWNSCE5DXFX7RRHZHX5","2026-10-04"
"01M3MCPCA140DAR5BY0NKA93MB","KHALED EL DESSOUKY","General Manager of SKF Egypt and CEO of KD Consult","KD Consult","","Khaled El Dessouky is a senior business leader and executive advisor with more than 25 years of experience across multinational organizations, industries and markets. He is General Manager of SKF Egypt and CEO of KD Consult, where he advises CEOs, senior executives and business leaders on leadership, organizational transformation and strategic execution. Across four multinational organizations and seven industries, he has led through different business cultures, operating environments and stages of growth. His work centres on one question: how do leaders build organizations that can grow beyond their own personal involvement? At Techne Summit, Khaled brings practical leadership lessons from the corporate world to founders, entrepreneurs and emerging leaders making the shift from building the business themselves to leading an organization that can run without them.","https://technesummit.com/storage/events/2/speakers/01M3MCPB1JQB6Q8F655BJB216X_1790612024_thumbnail.webp","https://technesummit.com/storage/events/2/speakers/01M3MCPC9Y2WE80E8RY155ECQE_1790612025_company_logo.png","","https://technesummit.com/2026/speakers","https://technesummit.com/2026/speakers#speakerCardModal01M3MCPCA140DAR5BY0NKA93MB","2026-10-04"
"01M3N060PH86N352RVZHGDGWGE","Fred Walti","President & CEO","NGIN Org.","United States","Mr. Walti has been an entrepreneur for most of his adult life, having started eleven companies in addition to working with hundreds of entrepreneurs as EIR, mentor, consultant, and investor. He was the Founding CEO of the Los Angeles Cleantech Incubator (LACI), one of the world's leading clean technology centers, and is currently the CEO of the Network for Global Innovation (NGIN). NGIN assists cleantech entrepreneurs in more than two dozen countries by providing entrepreneur assistance programming,connecting them with investors/customers, and enabling local cities/states to develop their innovation ecosystem. NGIN is the Implementation Partner for UNIDO’s Global Climate Innovation Program, operating in a dozen developing nations. Mr. Walti was named to the Techweek100 as one of the most impactful technology leaders in the US.","https://technesummit.com/storage/events/2/speakers/01M3N0603RP52AXG000K2GZFS3_1790632460_thumbnail.webp","https://technesummit.com/storage/events/2/speakers/01M3N060PENT98HKYWZDWSYJP5_1790632461_company_logo.png","","https://technesummit.com/2026/speakers","https://technesummit.com/2026/speakers#speakerCardModal01M3N060PH86N352RVZHGDGWGE","2026-10-04"
"01KZK0TE6R7YKRESBBJ5N0JE4G","H.E Osama Saleh","Chairman credit agricole & Former Egyptian Minister of Investment","Credit Agricole - Egypt","Egypt","Current Position As A Chairman: • April 2022 – Present o Credit Agricole Bank - Egypt  (Non-Executive Chairman of the Board) • April 2019 – Present o SODIC (Sixth of October Development and Investment Company)  Vice Chairman (continuing) - April 2019 – Present  (Non-Executive Chairman of the Board) - April 2019 – January 2022 • January 2016 – Present o Abu Soma Touristic Development Company  (Non-Executive Chairman of the Board) • January 2015 – Present o Ayady Investment and Development  (Non-Executive Chairman of the Board)  And its affiliated companies:  Ayady for Urban Development  Papyrus Company  Ergo Company • December 2014 – December 2017 And from 2020 - Present o Egyptian Investment Company  (Non-Executive Chairman of the Board) As A Board Member: • March 2024 – Present o Cairo International Stadium Authority  Board Member • 2017 – Present o NI Capital Bank  Board Member • 2015 – Present o National Investment Bank  Board Member Previous Experiences • November 2014 – March 2015 o Arab Investment Company  (Non-Executive Chairman of the Board) • August 2005 – September 2009 o Delta International Bank  (Board Member)  Roles include:  Member of the General Assembly of the Holding Company for Insurance.  Member of the Board of Trustees at the Institute of Finance at the Arab Academy for Science and Technology.  Member of the Board of Trustees at the Institute of Finance at Ahram Canadian University. • May 1981 – 1982 o Arthur Young, Mohamed Abdullah Zarouk & Co.  Progressed from Auditor to Audit Team Leader. Key responsibilities included auditing banks such as the National Bank of Egypt and American Express Bank. • October 1982 – March 1991 o National Bank of Abu Dhabi - Egypt  Progressed over nine years from an Operations Employee (1 year) to Credit Administration and eventually promoted to Credit and Marketing Manager. • April 1991 – July 2005 o American Express Bank Limited, Egypt  Chief Executive Officer – Egypt  Advanced from General Manager and Deputy Regional Manager for the Middle East, with responsibilities covering marketing, credit, and investment, to becoming the CEO of the bank in June 2002. Other Roles • 2008 – 2020 o Visiting Professor of Finance  American University in Cairo","https://technesummit.com/storage/events/2/speakers/01M1GQJEYT904ANSSSQH2XYCN4_1788341730_thumbnail.webp","https://technesummit.com/storage/events/2/speakers/01M0WMF00WVQ7HXDDV0R1757DM_1787667382_company_logo.jpg","","https://technesummit.com/2026/speakers","https://technesummit.com/2026/speakers#speakerCardModal01KZK0TE6R7YKRESBBJ5N0JE4G","2026-10-04"
"01KZK0STEQDZ2PF8GFY3D0YV4C","Suzanne El Akabaoui","Acting CEO for Data Protection Center","PDPC","","Suzanne El Akabaoui Acting Chief Executive Officer of the Personal Data Protection Center | Advisor to the ICT Minister for Data Governance Suzanne El Akabaoui is a leading expert in data governance, privacy regulations, and digital policy. As Acting CEO of the Personal Data Protection Center and, Advisor to Egypt’s ICT Minister for Data Governance, she spearheads the development of national regulatory frameworks for personal data protection and privacy in alignment with Egypt’s 2030 Vision. A highly accomplished attorney, Suzanne brings extensive experience in commercial, corporate, technology, and data privacy law. She has advised multinational clients on GDPR compliance, Egyptian data protection laws, Data Sharing Agreements, and agreements for cybersecurity services. Her academic credentials include: • Law Degree, Sorbonne Paris University • Master’s Degree in Business Law • Bachelor’s Degree in Economics & Statistics, Cairo University • Certificate in Economics, Georgetown University • Certificate in Data: Law, Policy, and Regulation, London School of Economics • Certified Information Privacy Professional/Europe (CIPP/E) • Certified Information Privacy Manager (CIPM)","https://technesummit.com/storage/events/2/speakers/01KZKFNJJZF7JT3RPGHC0TT94R_1786286623_thumbnail.webp","https://technesummit.com/storage/events/2/speakers/01M0560PHTBB8DVX9WCYRNAKAR_1786880481_company_logo.png","","https://technesummit.com/2026/speakers","https://technesummit.com/2026/speakers#speakerCardModal01KZK0STEQDZ2PF8GFY3D0YV4C","2026-10-04"
"01M0WFR16WX7WEANHCTMXDJT9B","Hossam Sadek","Chief Executive Officer","Universal Health Insurance Authority","Egypt","Eng. Hossam Sadek is a distinguished executive, strategist, and public-private policy leader with more than three decades of experience spanning information technology, healthcare financing, insurance, financial services, and asset management. Throughout his career, Eng. Sadek has operated at the intersection of technology, healthcare, finance, and public policy, leading complex transformations and building innovative institutions capable of operating at a national scale. His expertise encompasses digital transformation, enterprise technology, healthcare systems, regulatory and compliance frameworks, institutional governance, and strategic public-private partnerships. Eng. Sadek served as Chief Executive Officer of Egypt’s Universal Health Insurance Authority (UHIA) from January 2020 to December 2022, playing a pivotal role in the establishment and implementation of Egypt’s landmark Universal Health Insurance programme. During this formative period, he contributed to developing the technological infrastructure, operational frameworks, governance mechanisms, and institutional capabilities underpinning one of the country’s most significant healthcare reforms. Following his tenure at UHIA, he continued to provide strategic leadership across the private sector and regional healthcare consulting, advising on healthcare transformation, organisational development, technology, and public-private collaboration. Eng. Sadek subsequently returned to the public sector to resume his leadership of UHIA, supporting the continued expansion, institutional maturity, and operational governance of Egypt’s national universal health insurance system. His career is distinguished by a rare ability to translate ambitious national strategies into scalable, technology-enabled institutions while aligning government priorities, private-sector expertise, and sustainable models of service delivery.","https://technesummit.com/storage/events/2/speakers/01M1BGAXC2E78VK3GC43G4CMGV_1788166370_thumbnail.webp","https://technesummit.com/storage/events/2/speakers/01M1BGAXQ5WK12CKNKWX46XPFV_1788166371_company_logo.png","","https://technesummit.com/2026/speakers","https://technesummit.com/2026/speakers#speakerCardModal01M0WFR16WX7WEANHCTMXDJT9B","2026-10-04"
"01KWS9742W3PC16GTD2HF3DYKY","Mohamed Kassem","General Manager","Microsoft","Egypt","Mohamed Kassem is the General Manager of Microsoft Egypt, where he leads the company’s strategic efforts to accelerate the nation’s digital transformation and drive inclusive, sustainable economic growth. In his role, Kassem partners closely with government entities, enterprises, and organizations across sectors to unlock innovation and empower people, businesses, and communities with trusted technology solutions. With nearly 20 years of experience at Microsoft, Kassem brings deep industry expertise and a strong track record of leadership supporting customers to advance their digital capabilities across cloud, AI, cybersecurity, and other emerging technologies. Prior to his current role, he served as Public Sector Lead for Microsoft Egypt, where he guided national digital transformation efforts and supported public sector innovation through secure, AI-powered solutions. As General Manager of Microsoft Egypt, Kassem leads the company’s strategy and operations in the Egyptian market, strengthening Microsoft’s commitment to local leadership and lasting positive impact. He prioritizes building strategic partnerships, encouraging the responsible adoption of technology, and empowering organizations of all sizes to leverage digital tools that drive prosperity and enhance economic competitiveness. Kassem’s dedication to innovation, inclusive growth, and talent development continues to inform his work at Microsoft and support Egypt’s broader digital ambitions.","https://technesummit.com/storage/events/2/speakers/01KWS973F7V4KTDEC0JF4Q7P64_1783259958_thumbnail.webp","https://technesummit.com/storage/events/2/speakers/01M114D7TR8F4TN5DTM89W4565_1787818319_company_logo.jpg","","https://technesummit.com/2026/speakers","https://technesummit.com/2026/speakers#speakerCardModal01KWS9742W3PC16GTD2HF3DYKY","2026-10-04"
"01K950GEZQREYTTJ2XFQ5E5Q2G","Mohamed El Araby","Managing Director","L'Oréal","","Mohamed El Araby has been appointed as Managing Director of L'Oréal Egypt, effective April 2025. He brings over 2 decades of dynamic leadership in the beauty industry to this role, with extensive experience across diverse markets in the Middle East & globally. His proven ability to drive growth, lead & nurture diverse teams and cultivate iconic brands makes him ideally suited to lead L'Oréal Egypt into its next chapter. As General Manager for L'Oréal Dermatological Beauty (LDB) in the GCC region, El Araby for the past 5 years based in Dubai, He spearheaded a period of significant expansion in GCC & Levant countries with his diverse team representing 32 countries, strategically positioning the region as a key contributor to the division's global growth El Araby solidified his expertise in the dynamic Egyptian market during his three-year tenure (2017-2020) as LDB General Manager in Egypt. He skillfully navigated a competitive landscape to establish La Roche-Posay & Vichy as leading dermo-cosmetic brands, showcasing his keen understanding of brand building and market positioning while establishing lasting partnerships with Health Care professionals. His contributions also included the successful launch of Maybelline New York in Egypt and the strategic strengthening of Garnier's market presence in the country. Expanding his global perspective, El Araby served as Zone Marketing Manager L’Oréal Paris within L'Oréal's Consumer Products Division (CPD) in Paris. This role provided invaluable exposure to diverse markets across MENA and Africa, deepening his understanding of L'Oréal Group operations and honing his expertise in navigating varied cultural and consumer contexts. Prior to L'Oréal, El Araby honed his marketing and business acumen in leading FMCG & Telecom Companies in Egypt, gaining experience in a fast-paced, competitive environment. He holds an MBA in Marketing & International Business and a BSc in Business Administration from The American University in Cairo. El Araby’s strategic vision, proven leadership, dedication to sustainability, embrace of beauty tech & digital evolution, and his commitment to talent development make him exceptionally well-equipped to lead L'Oréal Egypt to continued success.","https://technesummit.com/storage/events/2/speakers/01KZK2R8JPWXJS1ERJQ35MCDAK_1786273079_thumbnail.webp","https://technesummit.com/storage/events/2/speakers/01K950GEZMCAVH45PGQZ2PKT18_1762178644_company_logo.jpeg","","https://technesummit.com/2026/speakers","https://technesummit.com/2026/speakers#speakerCardModal01K950GEZQREYTTJ2XFQ5E5Q2G","2026-10-04"
"01KZK0TC131XH0NAE92A5FF9A7","Sherif Nour","Country President","Astrazeneca Egypt","","Sherif is a senior pharmaceutical commercial leader with over 20 years of experience across Egypt, the Gulf, North Africa, and the Asia Pacific, Middle East, and Africa region, with deep expertise in oncology and specialty care. He began his career at AstraZeneca and later spent nearly two decades at Novartis, where he held a range of senior leadership roles spanning commercial strategy, market access, and organizational transformation. In February 2026, Sherif was appointed Country President for Egypt. He re‑joined AstraZeneca in February 2025 as Egypt Oncology Business Unit Director, where he led a broad transformation of the oncology organization. Under his leadership, the business strengthened its market position, accelerated sustainable growth, and fostered a culture of openness, empowerment, and high performance. Earlier in his career, Sherif held regional and country leadership roles focused on business excellence and next‑generation customer engagement, contributing to the advancement of data‑informed, patient‑centric approaches across multiple markets. His work has been recognized for elevating customer experience, enabling agile execution, and building future‑ready capabilities. Sherif holds a Pharmacy degree from Alexandria University. He is deeply committed to developing high‑trust, high‑performing teams and to positioning Egypt as a benchmark market for equitable access to innovative, digitally enabled healthcare, ensuring that patients receive the right therapies at the right time, with meaningful impact on outcomes and experience.","https://technesummit.com/storage/events/2/speakers/01M07C5MZ5GTR943YKBMAX2P0X_1786954044_thumbnail.webp","https://technesummit.com/storage/events/2/speakers/01M1152MMQVSZ55RS3PK7GVSDR_1787819020_company_logo.jpg","","https://technesummit.com/2026/speakers","https://technesummit.com/2026/speakers#speakerCardModal01KZK0TC131XH0NAE92A5FF9A7","2026-10-04"
"01M1HA7B9PDSBFSZ07V6EVRVB5","Stefano Mazzone","General Manager","Roche Egypt","Egypt","Stefano Mazzone General Manager of Roche Egypt, Pharma organization. Stefano Mazzone is the General Manager of Roche Egypt, Pharma organization. He brings international leadership experience across Roche Italy, the EEMEA region, Pharma International headquarters, and the Middle East, with a strong track record across commercial leadership, market access, business transformation, and ecosystem collaboration. Throughout his career, Stefano has worked across mature and emerging healthcare systems, supporting scalable solutions in environments where healthcare needs are complex and resources are often under pressure. His leadership is shaped by a belief that meaningful healthcare progress happens when people, partners, and ecosystems work together around what matters most. Stefano holds a Master’s in Healthcare Management and Policy from Bocconi University, as well as degrees in Biology and Biotechnology from the University of Milan.","https://technesummit.com/storage/events/2/speakers/01M1HA7AM6AJ8DH31F4M4ZJ1DV_1788361288_thumbnail.webp","https://technesummit.com/storage/events/2/speakers/01M1HA7B7WHKMNTR31CEAK03FB_1788361288_company_logo.png","","https://technesummit.com/2026/speakers","https://technesummit.com/2026/speakers#speakerCardModal01M1HA7B9PDSBFSZ07V6EVRVB5","2026-10-04"
"01M2078XZ5QP6646Y79ZRX90B8","Sameh Al Sayed","CEO","Misr Al Gadida","","Dr. Sameh Elsayed Ibrahim is a senior executive with over 32 years of experience across the construction and real estate sectors. He currently serves as CEO of Misr Elgdida for Housing and Development, where he leads strategic growth initiatives, develops partnerships with major real estate companies, oversees the development of New Heliopolis City, and drives the company’s long-term sustainability and expansion strategy. Throughout his career, Sameh has held senior leadership positions including CEO of El Nasr General Contracting – Hassan Mohamed Allam, CEO of ECD/EPMC, COO of Dar for Construction and Development, COO of Rooya Development, and CEO and Board Member of DETAC Group. During his tenure at DETAC, he led the company to Class 1 classification and oversaw the delivery of 50 residential, commercial, and industrial projects valued at more than EGP 3 billion. A civil engineer by training, Sameh holds a B.Sc. in Civil Engineering from Ain Shams University, an MBA from Port Said University, and a DBA from Ain Shams University, in addition to a Leadership Diploma and professional certifications in planning, cost control, contracts, bids, FIDIC, and quality and environmental management. His expertise spans corporate strategy, business development, large-scale project management, organizational transformation, financial planning, talent development, and stakeholder management, with a strong track record of building high-performing teams and translating strategic objectives into sustainable business growth.","https://technesummit.com/storage/events/2/speakers/01M2078RYDZJ0BSDA29SCK2483_1788861506_thumbnail.webp","https://technesummit.com/storage/events/2/speakers/01M2078XP9P8XDS94C0RS7HZKV_1788861511_company_logo.jpeg","","https://technesummit.com/2026/speakers","https://technesummit.com/2026/speakers#speakerCardModal01M2078XZ5QP6646Y79ZRX90B8","2026-10-04"
"01M0WG6BG0ME8J0ACPXFZXYY95","Alaa Shalaby","Indrive country manager","Indrive","","Aladdin Shalaby joined InDrive in December 2025 as Country Manager for Egypt, where he leads the company’s growth, marketplace development, and operational strategy in one of the region’s most dynamic mobility markets. He brings more than 12 years of experience across high-growth technology companies and entrepreneurial ventures in the Middle East. Prior to InDrive, Aladdin played a key role in launching and scaling products across Egypt and Dubai at Careem, driving market expansion and product localization initiatives. He later served as Growth Manager at Kitopi, contributing to the rapid scaling of one of the region’s leading food-tech platforms. In addition to his corporate leadership experience, Aladdin is a three-time entrepreneur, having founded and operated ventures in electric mobility, manufacturing and export, and online grocery delivery.","https://technesummit.com/storage/events/2/speakers/01M0WG6B43KPQJFAJF09R3Q07C_1787662904_thumbnail.webp","https://technesummit.com/storage/events/2/speakers/01M0WG6BFBAY4Z7R53A4F1C5QG_1787662904_company_logo.png","","https://technesummit.com/2026/speakers","https://technesummit.com/2026/speakers#speakerCardModal01M0WG6BG0ME8J0ACPXFZXYY95","2026-10-04"
"01KZ0PD5N7XYC8JVJK8F547XH0","Moataz El-Toukhy","Commercial Director","e&","","Moataz El-Toukhy is a purpose-driven commercial leader with almost 20 years of experience in the telecommunications industry, spanning both B2C and B2B sectors. Recognized as one of the Global 200 Power Leaders in Marketing & Communications in 2023, he brings a strong track record of delivering market growth, innovation, and customer excellence. He currently serves as the B2B Commercial Director at e& Egypt, where he leads revenue management, propositions, account management, digital channels, customer experience, go-to-market strategy, and brand development. Prior to this, Moataz held several strategic roles that consistently delivered impactful business outcomes. He holds an Executive MBA from INSEAD and a Bachelor's in Business Administration (Finance) with a minor in Economics from The American University in Cairo.","https://technesummit.com/storage/events/2/speakers/01KZ0PD4CG8GTW8VGR6AYJ3V5Z_1785656152_thumbnail.webp","https://technesummit.com/storage/events/2/speakers/01KZ0PD5MJVHDYWZN4TFN6JNMV_1785656153_company_logo.png","","https://technesummit.com/2026/speakers","https://technesummit.com/2026/speakers#speakerCardModal01KZ0PD5N7XYC8JVJK8F547XH0","2026-10-04"
"01KXN8NX6A2GBFHH91X38Z7JNC","Bako Ambianda","CEO","Backbone Capital Ventures","United States","Bako Ambianda is a visionary entrepreneur, investor, author, and global speaker dedicated to driving Africa’s economic transformation through strategic enterprise and capital allocation.As the Chairman of Bako Group Holdings and CEO of Backbone Capital, Bako orchestrates investments and builds high-growth companies across strategic sectors—including energy, mobility, technology, real estate, and media. His expertise spans private equity, venture building, and high-level strategic advisory, helping global institutions and private investors navigate and unlock Africa's most promising markets.A passionate advocate for ecosystem building, Bako is also the founder of Capital Allocators 100, a premier initiative highlighting the influential investors actively shaping the continent’s financial landscape. Beyond the boardroom, he is an accomplished author of multiple books and a highly sought-after global speaker, delivering actionable insights on entrepreneurship, investment, leadership, and Africa’s economic future.","https://technesummit.com/storage/events/2/speakers/01KXN8NWPKZ17JBSD815VZ4XGR_1784198918_thumbnail.webp","https://technesummit.com/storage/events/2/speakers/01KXN8NX67K542001M04T4CBHB_1784198919_company_logo.png","","https://technesummit.com/2026/speakers","https://technesummit.com/2026/speakers#speakerCardModal01KXN8NX6A2GBFHH91X38Z7JNC","2026-10-04"
"01KZK0SVVJ4Q5V6DTDFXSPPWJD","Fadi Antaki","Partner","A15","","Partner at A15, General Partner at BitRoot Ventures","https://technesummit.com/storage/events/2/speakers/01M0FQWXXK4SQGK8YX6RH43Z6V_1787234777_thumbnail.webp","https://technesummit.com/storage/events/2/speakers/01M0FQWYNVRW1ZG6GVWF9MFSFV_1787234777_company_logo.png","","https://technesummit.com/2026/speakers","https://technesummit.com/2026/speakers#speakerCardModal01KZK0SVVJ4Q5V6DTDFXSPPWJD","2026-10-04"
"01K94T3KQEVJKG61WB8T7454A3","Maxime Bayen","Operating Partner","Catalyst Fund","Spain","Maxime Bayen is a Partner at Catalyst Fund, where he supports early-stage climate tech startups across Africa with strategy, fundraising, and growth. He is also the co-founder of Africa: The Big Deal, the leading platform tracking startup funding on the continent, and has invested in, accelerated, or advised more than 100 startups across Africa over the past decade.","https://technesummit.com/storage/events/2/speakers/1762171932_01K94T3KR434W46SCX40FNAFJK_thumbnail.webp","https://technesummit.com/storage/events/1/speakers/01K3ZVHX08HW5H3JSED4ETZW79_1756636967_company_logo.png","","https://technesummit.com/2026/speakers","https://technesummit.com/2026/speakers#speakerCardModal01K94T3KQEVJKG61WB8T7454A3","2026-10-04"
"01KZKDK6YRE48PQYPHYPTX2AWW","Margret O’Connor","Chairperson","Launch Africa Ventures","","Margaret brings 30 years of global experience as an institutional and angel investor, technology entrepreneur, M&A strategist, MasterCard International executive, public policy manager, and innovation ecosystem builder. Her portfolio career includes: • Chairman of Launch Africa, an institutional Venture Capital fund that has invested in 180 companies across 25 African markets and 3 GCC markets in 15 tech verticals. Pioneer of secondary exits on the continent. 7% DPI in Year 6 on Vintage 2020 Seed Fund 1. She led Egypt-Sub-Sahara bridge building in early 2020s. • Non-Executive Director and RemCom Chair of a FTSE 250 investment trust (LON: CHRY) that backs UK/EU fintechs such as Starling, Klarna, SMART and Wise on their private-IPO transition. Visa acquired Featurespace a developer of real-time AI payments from Chrysalis last year. • Investment Committee of a pan-African gender lens fund, Five35 Ventures. Mastercard Foundation is anchor investor. • London Business School Private Equity MasterClass guest lecturer • Director of Autonomi Capital, an advisory firm the provides high quality independent advice to the energy, infrastructure, and resources sectors in Africa. Margaret moved to the UAE to help GCC and Africa fintechs architect their global expansion, accelerate M&A; and support government’s visionary plans for digital assets. Between 2003-2020, Margaret lived in Johannesburg and worked across the Big 4 African tech markets, advising listed financial institutions on digital transformation strategies, the establishment of Corporate Venture Capital vehicles, and connected them to fintech startups to support product and process innovation. She also served as a mentor to Endeavor Africa finechs such as Entesekt and agritech, Aerobotics, on their Africa, APAC, the UK, and US growth strategies. She also freelanced for The FT—the world’s global business newspaper. Margaret’s tech operating experience as a New York-based, Silicon Valley VC-funded entrepreneur who grew a B2B tech company globally before a successful trade sale, and as founding member of the MasterCard Asia Pacific team in Singapore and Global New Technology team in New York informs her investor and advisor roles today. She spends considerable time every year in Cairo, Cape Town, London, Berlin, Zurich, and New York engaging with stakeholders and shareholders. She’s an active member of the Private Equity Women Investor Network. A sought-after speaker, panel moderator, and workshop leader, Margaret’s recent thought leadership activities have included: • Money 20/20 Middle East, Riyadh, Saudi Arabia • GITEX in Dubai, United Arab Emirates • Milken Middle East & Africa Summit, Abu Dhabi, UAE • Counder, Cape Town, South Africa • AFSIC, London, UK • Super Return Africa in Cape Town, South Africa • Super Return Emerging Markets in Amsterdam, Netherlands • African Venture Capital Association in Cairo, Egypt • HTG Investor Spotlight in Berlin, Germany • London Business School Private Equity MasterClass in the United Kingdom Margaret earned her BA from Rutgers University and studied International Relations at Princeton University before moving to Seoul, Korea to work for the Korean Ministry of Finance. She is married and has two GenZ children currently living in the United Kingdom.","https://technesummit.com/storage/events/2/speakers/01M1EPBWSB7T4NASN281A651DV_1788273357_thumbnail.webp","https://technesummit.com/storage/events/2/speakers/01KZKDK6Y6HYHE32VD319D4M0R_1786284448_company_logo.png","","https://technesummit.com/2026/speakers","https://technesummit.com/2026/speakers#speakerCardModal01KZKDK6YRE48PQYPHYPTX2AWW","2026-10-04"
"01M1KFQPD9457JEJPEWD3D2AA1","Tamara Al Amad","Business Education Trainer","Meta","Egypt","Tamara Al Amad is an EMEA Business Marketing Education Trainer at Meta, delivering Meta Blueprint business education programs in Arabic and English. With over 14 years of experience across Meta, Snap Inc., and Careem, she has built and led marketing, events, and communications strategies for the region.","https://technesummit.com/storage/events/2/speakers/01M1KFQNKWATRSWRYA8P1FNA3Y_1788434175_thumbnail.webp","https://technesummit.com/storage/events/2/speakers/01M26KHB88ZJJAH1HP2TZD2ZFV_1789075696_company_logo.png","","https://technesummit.com/2026/speakers","https://technesummit.com/2026/speakers#speakerCardModal01M1KFQPD9457JEJPEWD3D2AA1","2026-10-04"
"01M25Y5XK5MKJSRTVJ1JETVFVQ","Serdar Yucel","Consultant & Mentor","Seedstars","","I have M.Sc.(Robotics) and B.Sc. degrees in Electrical and Electronics Engineering, then obtained MBA in the UK, and am PMP certified. Before, I worked at international companies (Siemens, Nokia, Thuraya) on Sales/Business Development/Project Management in C-level roles. My experience covers; Technology, Innovation, Business on ICT, Energy, Mobility across EU, C.Asia, M.East, Africa, APAC, LATAM, US, TR, as well coaching, mentoring, advising technology startups and SMEs under global organizations on R&D&I. I have a startup background, the Partner/Managing Director, of an Estonian startup on Data Traffic Optimization, SaaS in Cloud, onboard passenger transportation vehicles. In addition, I'm the Senior Industrial Advisor for Business Development at European Bank of Reconstruction and Development(EBRD). Previously, my role at the European Technology Chamber(EUTECH) as the Director of Mobility and Academy Council; was to bring innovative Tech-related businesses, policy and decision makers together through better networking and collaboration opportunities providing Advocates with the flexibility to engage with specific enterprises according to their requirements. This allows businesses to customize interactions with other companies and industry experts, making it easier to collaborate and achieve common goals. Currently, I’m the Director of Strategy & Reporting, and Sales & Marketing, at The Scientific And Technological Research Council(TÜBİTAK, Türkiye) for Business Development (Informatics&Information Security Center), and Financial performance(tech/innovation centers). My focus is on; Strategy Director-level strategy and reporting experience at multiple organizations (TUBITAK, EUTECH, EBRD etc.) with proven ability to develop business strategy and financial/performance frameworks. Startup Growth/Investment Readiness 10+ years coaching/mentoring startups and entrepreneurs through accelerators and innovation networks (EIC, Seedstars, SDG Impact etc.) with deep expertise in investor storytelling and business case development. Business Development Extensive experience across emerging markets and multiple sectors (Nokia, RebelRoam, Thuraya etc.) with strong P&L ownership and revenue growth track record, currently focused more on strategic advising.","https://technesummit.com/storage/events/2/speakers/01M25Y5WZ8GA6RQZYS249JZAN3_1789053301_thumbnail.webp","https://technesummit.com/storage/events/2/speakers/01M25Y5XJTVVHNA3KEBXC7KVVY_1789053302_company_logo.jpg","","https://technesummit.com/2026/speakers","https://technesummit.com/2026/speakers#speakerCardModal01M25Y5XK5MKJSRTVJ1JETVFVQ","2026-10-04"
"01KZ0QS8A5ZSFCVPY8VWYV4QWJ","Ayman Ismail","Associate Provost for Innovation and Entrepreneurship","The American University in Cairo","","","https://technesummit.com/storage/events/2/speakers/01KZ0QS7W2ZW89W17NB4SRSME1_1785657597_thumbnail.webp","https://technesummit.com/storage/events/2/speakers/01M0Z3291SR986QBCZTT66SYY2_1787749803_company_logo.png","","https://technesummit.com/2026/speakers","https://technesummit.com/2026/speakers#speakerCardModal01KZ0QS8A5ZSFCVPY8VWYV4QWJ","2026-10-04"
"01K94T3JNKJPP5FE8VWQWVNQTF","Said Baaghil","The Brand Scientist","The Baaghil","Turkey","Said Baaghil is one of the Middle East’s most recognized brand strategists, a global keynote speaker across 60+ stages, and the author of five books endorsed by global leaders.","https://technesummit.com/storage/events/2/speakers/1762171931_01K94T3JNM3MG51CXZC6VY6997_thumbnail.webp","https://technesummit.com/storage/events/1/speakers/01K1ZCS7WGTVVG7FFP7F3VC64A_1754473996_company_logo.png","","https://technesummit.com/2026/speakers","https://technesummit.com/2026/speakers#speakerCardModal01K94T3JNKJPP5FE8VWQWVNQTF","2026-10-04"
"01M25YTBFFV7R4R5GGTPKBS7EQ","Galliam Bagaya","CEO & Founder","Revvo","","Galliam is the founder and CEO of Revvo, an Ivory Coast based startup building local capacity in electronics repair and refurbishment while providing Ivorian consumers with certified, warranty-backed smartphones and laptops at a fraction of retail price. A strategy and operations consultant for over a decade, Galliam served as an Engagement Manager at McKinsey & Company and at EY-Parthenon, advising companies and investment funds across Europe and Latin America.","https://technesummit.com/storage/events/2/speakers/01M25YTB60T0BE4M8KC0TB98VW_1789053971_thumbnail.webp","https://technesummit.com/storage/events/2/speakers/01M25YTBFC8NXMXDCCFZEXDBEN_1789053971_company_logo.png","","https://technesummit.com/2026/speakers","https://technesummit.com/2026/speakers#speakerCardModal01M25YTBFFV7R4R5GGTPKBS7EQ","2026-10-04"
"01M20BWZX0RFTTVWFS3TE37286","Tando Matanda","CEO & Co-founder","Musa Ventures","","Tando Matanda is the CEO of Musa, an intelligent SME capital-orchestration platform. Musa is the coordination layer for financiers deploying into emerging market SMEs. Musa organizes catalytic, debt, equity, and guarantee capital around an anchor into a single funding stack, so financiers deploy together, share the diligence and the risk, and the business is funded once, in full, rather than in fragments over months. Backed by J.P. Morgan and Techstars, Musa is live across four countries and works with more than 20 financier partners representing billions in potential capital. Previously, Tando led Australia’s first mobility-focused corporate venture fund ($10M) at Car Group (ASX:CAR), becoming the first Afro-Australian woman to run a multi-million-dollar CVC program. Cambridge educated, she began her career at BCG Digital Ventures. Tando is recognised as a Women Leading Tech Innovator (B&T x Atlassian) and Emerging Entrepreneur of the Year (Women Changing the World Awards), she focuses on re-architecting capital flow so SMEs can grow and financiers deploy more effectively.","https://technesummit.com/storage/events/2/speakers/01M20BWZAXM6BES8BNFBX531H5_1788866362_thumbnail.webp","https://technesummit.com/storage/events/2/speakers/01M20BWZWW1VGZTW7KCKXZQENV_1788866363_company_logo.png","","https://technesummit.com/2026/speakers","https://technesummit.com/2026/speakers#speakerCardModal01M20BWZX0RFTTVWFS3TE37286","2026-10-04"
"01M0T6VNEMD88NJ95349ZW4MD6","Omar Gharbo","Managing Director","Hellmann World Wide Logistics","","Omar Gharbo is a senior shipping and logistics executive with over 30 years of experience across global and regional markets. He has held senior leadership positions with leading industry players including DB Schenker, Agility, and Maersk, where he most recently served as Managing Director for Egypt, Libya, Syria, and Lebanon. Omar currently serves as Managing Director of Hellmann Worldwide Logistics Egypt, where he leads the company’s growth and transformation agenda across the Egyptian market. Known for his strategic leadership, operational excellence, and ability to drive transformation in complex markets, Omar has built a strong track record of delivering sustainable growth, developing high-performing organizations, and creating innovative logistics solutions for customers.","https://technesummit.com/storage/events/2/speakers/01M0T6VN3KT53YAYNGEKQAGGNK_1787586008_thumbnail.webp","https://technesummit.com/storage/events/2/speakers/01M0T6VNEJ30PBTQ2B6Q50FTVS_1787586008_company_logo.png","","https://technesummit.com/2026/speakers","https://technesummit.com/2026/speakers#speakerCardModal01M0T6VNEMD88NJ95349ZW4MD6","2026-10-04"
"01M262A2NWXDHG8W36YKMHTZBX","Sarah Sakha","AI Policy Manager, Africa, the Middle East and Türkiye","Meta","","Sarah Ariyan Sakha is the AI Policy Manager for Africa, the Middle East, and Turkiye at Meta. In this role, she drives AI product and policy strategy across the region to ensure Meta’s AI can serve communities inclusively and responsibly across the region. Her work at Meta has focused on the impact of AI for local communities, as well as on engagement with civil society and international organisations such as the UN on digital policy issues. Prior to joining Meta, she worked on humanitarian policy reforms at the International Rescue Committee, and open data policies and “data for good” initiatives at the Rockefeller Foundation. She holds a Master’s degree in Technology and Human Rights Policy from Columbia University and a Bachelor’s degree in International Affairs and Near Eastern Studies from Princeton University. She lives in London, where she loves cooking Iranian food for others and cycling (a freshly acquired skill).","https://technesummit.com/storage/events/2/speakers/01M262A2B1XDGNP10XFMD3RKCC_1789057632_thumbnail.webp","https://technesummit.com/storage/events/2/speakers/01M262A2NVVE3B9D34PF8NCZCN_1789057632_company_logo.png","","https://technesummit.com/2026/speakers","https://technesummit.com/2026/speakers#speakerCardModal01M262A2NWXDHG8W36YKMHTZBX","2026-10-04"
"01K94T3KGT998BXH31F8E47NM1","Ahmed Khalifa","Executive Director, Regulatory Sandbox & Chief Data Officer","Financial Regulatory Authority FRA","","","https://technesummit.com/storage/events/2/speakers/1762171932_01K94T3KGVMQH14AVCKWAYNYE8_thumbnail.webp","https://technesummit.com/storage/events/1/speakers/01K2YPDJEVQDD61RNKNXWXK2V5_1755524286_company_logo.png","","https://technesummit.com/2026/speakers","https://technesummit.com/2026/speakers#speakerCardModal01K94T3KGT998BXH31F8E47NM1","2026-10-04"
"01M2608QXN2D3BJXGKE01V2Z8K","Salman Butt","Venture Partner","Palm Vantures","","A Saudi Unicorn(s) builder, a winner of self-made entrepreneur of the year 2021 prize in Saudi Arabia, with more than 25 years of experience in information technology, research and innovation, and digital transformation. Built himself a unicorn that's the MENA region's leading e-commerce platform ""Salla"", and an Angel Investor in 5 more MENA Unicorn(s). Focusing on changing the way knowledge economy interacts with entrepreneurial ecosystem by his new venture KnowledgeX.sa","https://technesummit.com/storage/events/2/speakers/01M2608QFMN1GHGV47RXE2FAA9_1789055491_thumbnail.webp","https://technesummit.com/storage/events/2/speakers/01M2608QXKSR5E50HSQCVAXV4J_1789055492_company_logo.jfif","","https://technesummit.com/2026/speakers","https://technesummit.com/2026/speakers#speakerCardModal01M2608QXN2D3BJXGKE01V2Z8K","2026-10-04"
"01K94T3HSGYFSDQ43E41XJA3AQ","Heba El-Dessouky","Director of Hospitality Development","Mountain View Developments","","Heba is a seasoned executive director over 20 years of consulting and management experience in both local and international firms. Heba has been selected as one of the Top 50 Most Influential Women in Egypt for the year 2022. She is currently leading the hospitality design portfolio of International & local hotels at Mountain View Developments as ‘Hospitality Innovation Director’ and previously from 2023-2026 she was heading the Hospitality Development team at City Edge Developments- with Ministry of Housing & Urban Development in Egypt with the most diverse portfolio of international chains of hospitality projects across Egypt’s 2030 new investment destinations. For 16 years, Heba had also been heading the Interior Design department at EMAAR MISR -a well-known real estate developer in the Middle East and North Africa- Led & supervised the development of several luxury lifestyle communities across residential, commercial & hospitality products","https://technesummit.com/storage/events/2/speakers/01M0T25FRJYJS4A9R4MKHZ5N94_1787581087_thumbnail.webp","https://technesummit.com/storage/events/2/speakers/01M0T25G582ZPJGN9BFBVP7F4H_1787581087_company_logo.png","","https://technesummit.com/2026/speakers","https://technesummit.com/2026/speakers#speakerCardModal01K94T3HSGYFSDQ43E41XJA3AQ","2026-10-04"
"01K94T3J3P74GMHMBEN5WVFBTS","Walid Hassouna","CEO/founder","value","Egypt","Walid Hassouna is the Chief Executive Officer of Valu, Egypt’s leading universal financial technology powerhouse. In his role, he leads the company’s continued growth as it expands its comprehensive suite of convenient financial solutions for customers and businesses across multiple markets and use cases. Valu, legally known as U Consumer Finance S.A.E. and listed on the Egyptian Exchange under the ticker EGX: VALU.CA, is the first fintech company in Egypt providing consumer finance to become publicly listed on the EGX. This milestone, together with Amazon’s direct stake in the company, reflects Valu’s dynamic business model and ongoing growth journey. Under its expanding product universe, Valu pioneered Buy-Now, Pay-Later (BNPL) solutions in the MENA region through U, offering customizable financing plans of up to 60 months across more than 9,000 stores and online platforms. Its network spans a diverse range of categories, including home appliances, electronics, home finishing, furniture, residential solar solutions, healthcare, education, travel, fashion, and more. Valu’s ecosystem also includes investment products through Valu Invest with the AZ Valu Fund and EFG Hermes ONE, an instant cash redemption program through Sha2labaz, a high-end financing program through Ulter to facilitate the purchase of luxury big-ticket items up to EGP 60 million, and its marketplace through Shop’IT. In addition, Valu offers business-to-business solutions through Valu Business. Further expanding its payment solutions, Valu introduced its prepaid card and co-branded credit card in collaboration with Visa, strengthening its ability to provide customers with versatile, convenient, and comprehensive payment options. As an award-winning fintech player in the MENA region, Valu embraces a progressive business approach, driven by an agile team committed to architecting innovative financial solutions that meet customers’ evolving needs. Most recently, Valu launched its services in Jordan in May 2026 under a Specialized Finance license, following final approval from the Central Bank of Jordan (CBJ), offering consumers convenient financing solutions in the market. Walid currently sits on the board of KarmSolar and previously served on the board of Bedaya for Mortgage Finance. He also previously served as Chairman of PayTabs Egypt and Vice Chairman of EFG EV Fintech. Over more than five years, Walid’s leadership of the NBFI platform at EFG Holding saw the platform grow multiple businesses and launch innovative brands. Prior to joining EFG Holding in 2016, he built a successful 17-year career in banking. He served as General Manager and Head of Structured Finance and Investment Banking at Bank Audi, where he closed structured and project finance transactions exceeding USD 15 billion. He began his career at Misr International Bank, structuring and executing several award-winning project finance and M&A transactions in Egypt and the GCC. He also served as Head of Structured Finance and Syndication at Banque Misr, where he successfully led the bank to top the MENA region’s syndicated loans league table. Walid holds a B.B.A. with highest honors from Cairo University, an MBA from the J. Mack Robinson College of Business at Georgia State University, and an Islamic Finance Qualification from CISI, UK.","https://technesummit.com/storage/events/2/speakers/01KXDPVT4HQA72JBHXHWHAVB07_1783945357_thumbnail.webp","https://technesummit.com/storage/events/1/speakers/01K18D8G7HF19DNYC2A857H8Q3_1753702744_company_logo.webp","","https://technesummit.com/2026/speakers","https://technesummit.com/2026/speakers#speakerCardModal01K94T3J3P74GMHMBEN5WVFBTS","2026-10-04"
"01M1GTJGN9HDFPAA20YMXGCPWQ","Omar El-Shenety","Managing Partner","Zilla Capital","","Omar El-Shenety is a Managing Partner at Zilla Capital, a leading investment bank in the MENA region. With 20 years of experience in investment banking and strategy consulting, he leads a team of seasoned bankers to deliver value-added solutions to clients across various sectors and markets. He holds a Global Executive MBA from Columbia Business School and London Business School, a Master of Laws from King's College London and a Bachelor’s degree in economics from the American University in Cairo. El-Shenety is an Adjunct Faculty at the American University in Cairo, where he teaches finance and economics. He is also a Research Consultant at the Egyptian Center for Economic Studies, where he focuses on the connection between economic developments and financial markets. He is passionate about analyzing and addressing the key economic issues facing the Middle East region and regularly publishes articles and reports in various media outlets and platforms. His mission is to leverage his expertise and network to support the development and growth of the region and its people.","https://technesummit.com/storage/events/2/speakers/01M1GTJG9XFPF280850CG06G1G_1788344877_thumbnail.webp","https://technesummit.com/storage/events/2/speakers/01M1GTJGMP6BQRVDJC2H93NJBQ_1788344877_company_logo.jpg","","https://technesummit.com/2026/speakers","https://technesummit.com/2026/speakers#speakerCardModal01M1GTJGN9HDFPAA20YMXGCPWQ","2026-10-04"
"01K94T3JJJ6610CAEZ8MZVTACM","Paula Tavangar","Chief Investment Officer","Injaz Capital","","Paula Tavangar is an investor and entrepreneur with a background in financial engineering. She is a Partner and Chief Investment Officer at Injaz Capital. Paula previously was a partner at Genesis Capital LATAM, where she oversaw the Quant Arbitrage Fund, delivering consistent alpha. In the Islamic FinTech space, Paula co-founded Wethaq in 2016 (exited). Beyond that, Paula serves as a mentor at the Harvard Blockchain Accelerator and has previously served on the World Business Angels Forum Global Startup Committee. She holds a B.A. in International Finance and an MSc in Financial Engineering, specializing in Automated Trading Systems.","https://technesummit.com/storage/events/2/speakers/01M1GREP4ZNKY76F84K923RR7Z_1788342655_thumbnail.webp","https://technesummit.com/storage/events/1/speakers/01K1WYFWR7FHXZSD9S99RJ2EC4_1754391900_company_logo.png","","https://technesummit.com/2026/speakers","https://technesummit.com/2026/speakers#speakerCardModal01K94T3JJJ6610CAEZ8MZVTACM","2026-10-04"
"01M20BASJ1DW2KEV5FSX5227KR","Barbara Adoléhoumé","Programme Manager","Investisseurs & Partenaires (I&P)","","Barbara Adolehoume is Climate Acceleration Program Manager at I&P, where she supports the growth and financing of climate ventures across West and Central Africa, including the CATAL1.5°T (""Catalist"") program. Based in Abidjan, she brings a combined background in carbon finance and development economics to the question of how early-stage climate businesses access the right capital and partnerships to scale. Before joining I&P, she spent four years as Carbon Finance Project Manager at Entrepreneurs du Monde, working across Togo, Burkina Faso, Haiti and Côte d'Ivoire. She holds a Master's in Development Economics from Paris-Dauphine and a degree in Economics and Geography from Panthéon-Sorbonne (Paris I).","https://technesummit.com/storage/events/2/speakers/01M20BAS6QZRNZ6AG3W7BRHG1A_1788865766_thumbnail.webp","https://technesummit.com/storage/events/2/speakers/01M20BASHYHV2VNYCPTYNCCM95_1788865766_company_logo.png","","https://technesummit.com/2026/speakers","https://technesummit.com/2026/speakers#speakerCardModal01M20BASJ1DW2KEV5FSX5227KR","2026-10-04"
"01K94T3HZTGHRQ554A0FCSZA0W","Mohamed Morsy","Country Head - Egypt & Yemen","Finance in Motion","Egypt","Mr. Morsy currently oversees the operations of Finance in Motion (“FiM”) in Egypt and Yemen. FiM is an asset management company based in Frankfurt and is the Advisor for the SANAD and the Green for Growth Fund that both provide financing to financial institutions and corporates in order to facilitate access of finance to SMEs and promote renewable energy and energy efficiency. Mr. Morsy has been working for FiM for more almost 11 years. Mr. Morsy has extensive experience in the areas of investment banking, credit risk management and corporate lending, both locally and regionally. Before joining FiM in 2012, he was an investment banking manager at Prime Capital (2011-2012). Mr. Morsy also led the corporate lending activities for the Cairo area at Egypt’s second largest private bank - Arab African International Bank ‘’AAIB’’ (2005-2010). During his tenure at AAIB, he led several syndicated loans in tourism steel, telecom, cement and petrochemicals. Mr. Morsy holds a Masters in Investment Banking and Islamic finance from Henley Business School (UK) and an MBA from the University of New Brunswick (Canada). Mr. Morsy is a also a visiting fellow at the MBA program of at the Maastricht school of business and has delivered numerous academic and executives courses in credit risk management, bank management, corporate finance, Islamic finance, financial planning, business administration, human resources, and economics, both inside and outside Egypt","https://technesummit.com/storage/events/2/speakers/1762171930_01K94T3HZVENTZ9HHN8RNYE3S0_thumbnail.webp","https://technesummit.com/storage/events/1/speakers/01K1JFFX6N2J1EZVHYAJVCDPJ5_1754040628_company_logo.png","","https://technesummit.com/2026/speakers","https://technesummit.com/2026/speakers#speakerCardModal01K94T3HZTGHRQ554A0FCSZA0W","2026-10-04"
"01K94T3J389H3KFJG733MB0DPZ","Hesham Farouk","Technology Development advisor at Ministry of Communications and Information Technology (MCIT)","Ministry of Communications and Information Technology (MCIT)","Egypt","Prof. Hesham Farouk is an Advisor for Technology Development at the Ministry of Communications and Information Technology Since March 2023. Dr. Farouk was the Assistant Minister of Higher Education and Scientific Research for Digital Transformation from 2020 to 2023 Dr. Farouk is a Prof. at the Electronics Research Institute (ERI), Ministry of Higher Education and Scientific Research. Dr. Farouk participated in some strategic studies, such as Mobile for Development, National Cloud Computing, Arabic eContent, Government Mobility, and ERI 2030 Roadmap. Dr. Farouk is a consultant at the ITU (International Telecommunication Union)","https://technesummit.com/storage/events/2/speakers/1762171930_01K94T3J39JPQ58R3PF35B9BB6_thumbnail.webp","https://technesummit.com/storage/events/1/speakers/01K47FYX6KAN07XHN73EWQ3CWP_1756893246_company_logo.png","","https://technesummit.com/2026/speakers","https://technesummit.com/2026/speakers#speakerCardModal01K94T3J389H3KFJG733MB0DPZ","2026-10-04"
"01KZK0SSX0RZCAVMJCKR18WTA0","Mohamed AbdelAal","Director, Digital Health Services","Orange Egypt","","Mohammed leads Orange Egypt’s digital healthcare vision in Egypt and Africa, by becoming a trusted partner to our customers focusing on digital health solutions backed by a solid backbone in telecommunications and ICT products and services worldwide. Mohammed comes with a wealth of experience in the healthcare space, with over 15 years of global experience working for Cerner (Currently Oracle Health) in several positions across Egypt, Middle East and Australia before moving to Vodafone Egypt to lead their Digital Health Strategy and Product development. A journey where he continues to drive digital transformation programs in complex engineering and consulting environments.","https://technesummit.com/storage/events/2/speakers/01KZKFEY43QZM7EPTJWX7MZ5YD_1786286405_thumbnail.webp","https://technesummit.com/storage/events/2/speakers/01KZKFEYG2TMPC7FPG4W8164G9_1786286406_company_logo.png","","https://technesummit.com/2026/speakers","https://technesummit.com/2026/speakers#speakerCardModal01KZK0SSX0RZCAVMJCKR18WTA0","2026-10-04"
"01M25Y0QYJ82HCY9MP896JANQ9","Carolyne Kirabo","Founder and Managing Partner","M-Kyala Capital","","Carolyne Kirabo is the founder of M-Kyala Ventures, M-Kyala Capital and the Gender Action Collective. She has 15+ years’ experience working in the gender inclusion, impact investing, management consulting, SME strategy and operational advisory support where she champions the use of gender inclusive approaches to building a thriving entrepreneurial ecosystem. She has championed increased economic inclusion for women entrepreneurs that has seen her work impact over 500 women in Africa. Carolyne’s work aims at increasing access to finance for underserved and undervalued women entrepreneurs. She supports investors, INGOs, Foundations and entrepreneurs to develop inclusive strategies across their work while also investing capital directly to women owned and led SMEs in East Africa. Carolyne is actively involved in several gender equality initiatives across Africa and recently launched the Gender Action Collective, a community intended to amplify the voice and work of female entrepreneurs and drive the relevant resources and support needed to strengthen the ecosystem that serves them. She holds an MBA from Edinburgh Business School and sits on the board of AFARA Accelerator and the Investment Committee of SHONA Capital. Carolyne is a key figure in the ecosystem known for her passion for and work in advancing women entrepreneurship.","https://technesummit.com/storage/events/2/speakers/01M25Y0QHMJN3N69B2MH2W29Y7_1789053132_thumbnail.webp","https://technesummit.com/storage/events/2/speakers/01M25Y0QYFZ5VHR5TH7NG9XK7B_1789053132_company_logo.jpeg","","https://technesummit.com/2026/speakers","https://technesummit.com/2026/speakers#speakerCardModal01M25Y0QYJ82HCY9MP896JANQ9","2026-10-04"
"01K94T3NBR2SKZRA323M6MKV5X","Rasha Abdel Aal","Head of the Egyptian Tax Authority","Egyptian Tax Authority","Egypt","","https://technesummit.com/storage/events/2/speakers/1762171934_01K94T3NBSQ48DDY93JFCHK449_thumbnail.webp","https://technesummit.com/storage/events/1/speakers/01K60Y0WZQAG3A091BF9FN67RT_1758820594_company_logo.png","","https://technesummit.com/2026/speakers","https://technesummit.com/2026/speakers#speakerCardModal01K94T3NBR2SKZRA323M6MKV5X","2026-10-04"
"01M1XR3BWSBM7TTZ8QVXPDJEAK","Hilda Loucca","Managing Director","Converted","","Hilda Louca is Managing Director of Converted, a next-generation AdTech and marketing automation platform helping businesses grow through AI-driven advertising and data intelligence. Converted is building the digital commerce infrastructure of the MENA region, serving over 5,000 businesses across Egypt and Saudi Arabia, and expanding regionally through its Pay, Orders and Leads product lines. Prior to Converted, Hilda founded MITCHA, Egypt's leading multi-brand fashion marketplace, which was acquired by Converted. She has been recognized by Forbes Middle East among the 100 Most Powerful Businesswomen for two consecutive years (2023, 2024), and a Shark on the first season of Shark Tank Egypt.","https://technesummit.com/storage/events/2/speakers/01M1XR3BJ37Y7QPX2G4HMVSS1E_1788778491_thumbnail.webp","https://technesummit.com/storage/events/2/speakers/01M1XR3BWGZD5P0EM434ANY78R_1788778491_company_logo.png","","https://technesummit.com/2026/speakers","https://technesummit.com/2026/speakers#speakerCardModal01M1XR3BWSBM7TTZ8QVXPDJEAK","2026-10-04"
"01M1XVG2R2CJRTJKZW0WKW458V","Ksenia Kurileva","Founder","ALMANAC","","Founder of ALMANAC, building the programs and partnerships that help corporates and governments move faster on industrial sustainability across EMEA. She is also a Venture Partner at BetterWay Ventures.","https://technesummit.com/storage/events/2/speakers/01M1XVG2CDD1MKBBDFB73G2V2R_1788782053_thumbnail.webp","https://technesummit.com/storage/events/2/speakers/01M1XVG2R100T8GD52NHVCYHEN_1788782054_company_logo.png","","https://technesummit.com/2026/speakers","https://technesummit.com/2026/speakers#speakerCardModal01M1XVG2R2CJRTJKZW0WKW458V","2026-10-04"
"01KXNBRKG922Z7AX42KFH6EC52","Salah Abou El Magd","CEO","ACTA","","Salah Abo El-Magd | CEO - ACTA | International Sales Trainer & Leadership Coach With over 15 years of experience in training, behavioral transformation, and performance development, Mr. Salah Abo El-Magd is widely recognized as one of the most influential Arabic-speaking trainers in the Middle East. What sets Mr. Salah apart is not only his expertise, but also his rare ability to create genuine demand for learning in environments where engagement is typically passive. Mr. Salah has trained and inspired over 50,000 professionals across the Middle East, working with leading organizations such as ADNOC, Orascom, Saudi National Bank (SNB), and Chanel.","https://technesummit.com/storage/events/2/speakers/01KXNBRKADDRYB2BD876ECD8HD_1784202153_thumbnail.webp","https://technesummit.com/storage/events/2/speakers/01M07KQ9NT6JDS2P05BMZ6RPCQ_1786961962_company_logo.png","","https://technesummit.com/2026/speakers","https://technesummit.com/2026/speakers#speakerCardModal01KXNBRKG922Z7AX42KFH6EC52","2026-10-04"
"01K94T3MEPG2XSP1YMAS7BEX2C","Eng. Ahmed Elzaher","CEO and Assistant Minister for Ecosystem Development","ITIDA & MCIT","","","https://technesummit.com/storage/events/2/speakers/1762171933_01K94T3MJ0EPM75H1NJ2G97G0J_thumbnail.webp","https://technesummit.com/storage/events/1/speakers/01K5P7MFNGXME6G813VB0NF1DS_1758461574_company_logo.png","","https://technesummit.com/2026/speakers","https://technesummit.com/2026/speakers#speakerCardModal01K94T3MEPG2XSP1YMAS7BEX2C","2026-10-04"
"01K94T3H363VYFWXKBD8V2F180","Ayman Bazaraa","CEO and Founder","Sprints","Egypt","Ayman Bazaraa is a serial entrepreneur passionate about unleashing human potential through technology. As the CEO of Sprints, he leads a revolutionary AI platform that personalize and gamify learning. He also co-founded HiRemoters, connecting global companies with top remote talent; MicroDoers, an augmented reality solutions company; and Avelabs, a leading deep tech for autonomous driving software. Avelabs, was acquired by Fortune 500 company Arrow.Ayman's leadership journey includes roles at Orange, IBM, and Valeo.","https://technesummit.com/storage/events/2/speakers/1762171929_01K94T3H371DS7872K0D1JFG8J_thumbnail.webp","https://technesummit.com/storage/events/1/speakers/01K56YPN8W1Q8R0HZAS8474P4M_1757948892_company_logo.png","","https://technesummit.com/2026/speakers","https://technesummit.com/2026/speakers#speakerCardModal01K94T3H363VYFWXKBD8V2F180","2026-10-04"
"01KWCC0CE00PN06C51KSGQ38A6","Samhaa Beltagy","Chief Artificial Intelligence Office","Nawy","Egypt","Samhaa R. El-Beltagy is the Chief AI Officer at Nawy, where she leads the company's AI strategy and innovation agenda, driving advanced AI solutions that transform real estate technology and customer experience. She is also a Professor of Computer Science and the Founding Dean of the School of Information Technology at Newgiza University (NGU). Her career spans academia, industry, and entrepreneurship, with a consistent focus on bridging research and practice: she co-founded AIM Technologies, a Middle East–based startup specializing in NLP and advanced analytics, and previously served as Head of Research and Development at Optomatica, a company focused on AI solutions for real-world complex problems.Dr. El-Beltagy has played a pivotal role in national AI initiatives and is a member of the technical committee of the Egyptian National Council for AI, as well as the advisory committee of the ACL Special Interest Group on Arabic NLP (SIGARAB). She was named one of the Top 30 AI Leaders in the Middle East by MIT Technology Review (2022) and has been featured in Stanford University's global list of the top 2% of scientists (2019, 2021). She has authored over 90 international publications and served in senior roles at leading conferences, including Tutorial Chair at EMNLP 2022, Program Chair at ArabicNLP 2026(co-located with EMNLP 2026) and Program Chair at ArabicNLP 2023 (co-located with EMNLP 2023). She is a long-standing jury member for the L'Oréal-UNESCO For Women in Science program, and co-founder and organizer of the International ACLing Conference Series (initiated in 2015, published by Elsevier). Her research interests include Artificial Intelligence, Natural Language Processing, Large Language Models, and Arabic NLP.","https://technesummit.com/storage/events/2/speakers/01KWEE6ZPQXYQ9WWK61ASVA6KR_1782896099_thumbnail.webp","https://technesummit.com/storage/events/2/speakers/01KWCC0CDYT03BVT6D4PP89TNK_1782826676_company_logo.PNG","","https://technesummit.com/2026/speakers","https://technesummit.com/2026/speakers#speakerCardModal01KWCC0CE00PN06C51KSGQ38A6","2026-10-04"
"01KXNCCFEG95TJ2046MSZNBW25","Samah Anwar","CEO & Co-Founder","TellAVision.io","Egypt","Samah Anwar is one of Egypt's most enduring and versatile screen presences, an actress, director, and producer whose career spans more than four decades of Arabic cinema, television, and theatre. She grew up surrounded by the arts: her father was the acclaimed writer Anwar Abdullah, and her mother the beloved actress Souad Hussein. Art was never a choice for Samah Anwar; it was an inheritance. Before the camera found her, sport did first. Samah Anwar won the Egyptian national swimming championship at El Zamalek Sports Club, an athletic foundation that would later prove indispensable when she became the rare Egyptian actress cast in demanding physical action roles. She pursued French Literature at the Faculty of Arts, Cairo University, and later deepened her craft through theatre training at the American University in Cairo (AUC) and the Hollywood Film Institute. Her screen debut came with the 1981 film Secret Visit (الزيارة السرية). Over the following decade she built an unmistakable body of work in Egyptian action cinema, most memorably in Haalat Talaboss (حالة تلبس, 1988), Emraa Waheda La Takfi (امرأة واحدة لا تكفي, 1990), Al-Sajeenataan (السجينتان), and Bint Mushaghiba Jiddan (بنت مشاغبة جداً). At a time when Egyptian cinema rarely cast women in high-octane roles, Samah Anwar leapt through glass on motorcycles and commanded the screen with the ease of someone who had spent years in the water. On television, she became a household name across the Arab world through landmark series including Raafat Al Haggan (رأفت الهجان, 1990–1992), Ze'ab Al-Gabal / Wolves of the Mountain (ذئاب الجبل, 1993), El Hesab (الحساب), Sonbol Baad Al Million (سنبل بعد المليون), and Zizinia (زيزينيا, 1997). On stage, she was equally commanding, notably in Rakesa Qetaa Aam (راقصة قطاع عام, 1985). A severe car accident brought an extended pause, one she navigated with the same resilience that defined her work on screen. She returned in 2002 through the satellite programme My Experience (تجربتي), and gradually reclaimed not only her presence as a performer but expanded it to direction and production. Her directorial credits include the Nagwa Karam video clip Atchana (عطشانة), the TV film Piano, and the 2011 Kuwaiti drama Baqaya Gurooh. Her most recent chapter has been nothing short of a full reinvention. She delivered one of the most talked-about performances in the 2022 series Al Layla Wa Elly Feeha (الليلة وإللي فيها). She then starred in the Egyptian Netflix original Catalog (كتالوج, 2025), a family dramedy that topped Netflix and Google Trends across the Arab world upon its July 2025 premiere. In Ramadan 2026, she appeared on two fronts simultaneously: Aard W Talab (عرض وطلب) and Hekayet Narges (حكاية نرجس). Beyond the screen, Samah Anwar is Founder and CEO of TellAVision.io, an AI-powered content creation platform for MENA creators, and hosts the Arabic-language AI podcast ""AI بالعربي."" She is a committed advocate for making artificial intelligence accessible to Arabic-speaking audiences.","https://technesummit.com/storage/events/2/speakers/01KXNCCF3MCKSAPH6BY6WKDMKY_1784202804_thumbnail.webp","https://technesummit.com/storage/events/2/speakers/01KXNCCFEDAG575ZT5KHF0YV3K_1784202804_company_logo.png","","https://technesummit.com/2026/speakers","https://technesummit.com/2026/speakers#speakerCardModal01KXNCCFEG95TJ2046MSZNBW25","2026-10-04"
"01KYF4HTFRMR3CW4YFEF03WQNC","Moataz Darwish","Associate Professor of Practice, Heikal Management Department, Onsi Sawiris School of Business","The American University in Cairo (AUC)","","Moataz Darwish is associate professor of practice, strategy and entrepreneurship, and associate chair at the Onsi Sawiris School of Business, where he also serves as the associate chair of the Heikal Management Department. A former senior executive with Shell Plc., Professor Darwish bridges the gap between practice and academic excellence, bringing more than 25 years of experience in energy management, strategic thinking and executive training to the Onsi Sawiris School of Business.Professor Darwish holds a doctorate in business administration from the University of Bradford School of Management (UK), where he was awarded a partial scholarship for his research into the intersection of managerial mindsets and strategic management in uncertain conditions. He also earned an MBA from Edinburgh Business School (UK) and has completed advanced executive programs at Oxford, Harvard and INSEAD business schools, and Shell Open University.For the past 15 years, he has been active in executive and MBA education, instructing at The American University in Cairo School of Business ExecEd and the Edinburgh Business School MBA programs. His teaching focus centers on leadership excellence, strategic management, scenario thinking and the entrepreneurial mindset.Prior to his full-time academic appointment, Professor Darwish spent 16 years in senior leadership roles at Shell Plc, most recently serving as the deputy country chair for Shell Companies in Egypt. His distinguished corporate career also includes his tenure as the commercial manager for the UK North Sea at NAM—a Shell/ExxonMobil joint venture in the Netherlands—as well as his roles as country commercial director, executive team member of Shell Egypt, chief of staff and company spokesperson. Furthermore, he served as a board director for the NATGAS and Nubariya companies.A recognized authority in commercial negotiations, business development, strategy and corporate affairs, Professor Darwish is a recipient of Shell’s prestigious UI Impact Award. His influence on the business ecosystem extends well beyond practice and academia; he is a seasoned angel investor and an entrepreneurship judge and mentor. Additionally, he actively contributes to the industry policy landscape through his long-tenured membership in the AmCham Egypt Oil and Gas and Trade and Industry Committees.","https://technesummit.com/storage/events/2/speakers/01KYF4HT3E4GYTVBNJJ3414Q0K_1785067006_thumbnail.webp","https://technesummit.com/storage/events/2/speakers/01M0WJMBGEKXGECCYFK83YDDN2_1787665460_company_logo.jpg","","https://technesummit.com/2026/speakers","https://technesummit.com/2026/speakers#speakerCardModal01KYF4HTFRMR3CW4YFEF03WQNC","2026-10-04"
"01KZK0SXFMVCNR9HSH0T03AHZT","Mohamed Derbala","Managing partner- North Africa & Francophone Africa","Moharram & Partners | Public Affairs and Strategic Communications (M&P)","","Mohamed Derbala Managing Partner, North Africa & Francophone Africa, Moharram & Partners (M&P) | Board Member, Forset Haya Association for Rare Diseases Mohamed Derbala serves as Managing Partner for North Africa and Francophone Africa, where he leads the Africa Hub, bringing more than 25 years of experience in government affairs and public policy across the Middle East and Africa. Derbala specializes in strategic advisory for investors, multinational corporations and major regional institutions, particularly on market-entry strategies, alignment with regulatory frameworks, and effective participation in policy development—helping enable sustainable growth in complex and continuously evolving economic environments. Through close engagement with senior decision-makers, Mr. Derbala supports investment facilitation and strategic policy direction, helping clients build trusted, long-term relationships with governments, regulators and key economic stakeholders. His professional strength lies in translating public-sector priorities into practical, actionable business strategies that serve private-sector interests and expansion ambitions. Mr. Derbala has built his extensive expertise through a distinguished career, including serving as a liaison between the Egyptian Government and the U.S. Department of State, contributing to regional policy coordination and strategic stakeholder engagement. Earlier in his career, he held senior advisory positions within Egypt’s Ministry of Interior, developing a deep understanding of public-sector decision-making and regulatory institutions. This background continues to strengthen his ability to engage effectively with policymakers, with a sustained focus on advancing investment, reform and economic impact. Under his leadership, Mr. Derbala has provided critical support to major global companies, including Coca-Cola, Meta, TikTok, Kaspersky, Illumina, and Johnson & Johnson, enabling successful market entry and expansion in Algeria. These efforts were supported by a strong local presence and a series of high-level meetings with ministers and government officials, aimed at strengthening the investment environment and facilitating business establishment in Algeria.","https://technesummit.com/storage/events/2/speakers/01M0WJT5Y8AB2XS2Q8DP7QCS9N_1787665651_thumbnail.webp","https://technesummit.com/storage/events/2/speakers/01M0WJT6BDJGFE2X8XJW11JWF6_1787665652_company_logo.png","","https://technesummit.com/2026/speakers","https://technesummit.com/2026/speakers#speakerCardModal01KZK0SXFMVCNR9HSH0T03AHZT","2026-10-04"
"01K94T3J4T9SG1ZGB837JNBZPD","Karim Gabriel","Founder","KG Workouts","","Karim Gabriel is an entrepreneur, health & wellness advocate, and founder of KG Workouts, Keep Going, and KleanSource. After spending 16 years in the corporate world leading one of the biggest global sports nutrition brands, Karim left the corporate path to build businesses focused on helping people live healthier, stronger, and more active lives. Known for combining business expertise with a genuine passion for fitness and wellness, Karim has built a strong community-driven presence across Egypt and the GCC. Through KG Workouts, he has helped thousands of people transform their health through online coaching, education, and sustainable lifestyle habits. Through Keep Going, he aims to make high-quality sports nutrition and wellness products more accessible to the region while maintaining international standards, innovation, and value. Through KleanSource, Karim is building a trusted health & wellness marketplace that brings together premium supplements, vitamins, healthy foods, and wellness products in one reliable destination. Karim is also a speaker, content creator, and father who is passionate about inspiring busy professionals and entrepreneurs to prioritize their health while building meaningful careers and lives.","https://technesummit.com/storage/events/2/speakers/01M262X7PN8FNAHPRJASZ12W04_1789058260_thumbnail.webp","https://technesummit.com/storage/events/2/speakers/01M262X81S9TDMRS3BKV700ZTV_1789058261_company_logo.png","","https://technesummit.com/2026/speakers","https://technesummit.com/2026/speakers#speakerCardModal01K94T3J4T9SG1ZGB837JNBZPD","2026-10-04"
"01M1XV9CJGXQ1J29BCRQD3X1C4","Anastacia Ngunjiri","Advisory Associate","iGravity","","Project Manager at Sevi Innovation with three years of experience in client relationship management and customer experience. Currently leading a high-impact, one-year technology driven financial inclusion project in Kakuma, focused on expanding access to digital financial services, empowering refugees and host communities and creating sustainable economic opportunities. She coordinates diverse teams, understand customer needs, engage stakeholders, drive innovative technology-enabled initiatives and monitor project performance to ensure effective and measurable results. passionate about leveraging technology and innovation to strengthen livelihoods, promote financial empowerment and deliver meaningful lasting impact.","https://technesummit.com/storage/events/2/speakers/01M1XV9C506R5396T7S0TSNG89_1788781834_thumbnail.webp","https://technesummit.com/storage/events/2/speakers/01M1XV9CJDES1BNDG9BBC7MKR2_1788781834_company_logo.png","","https://technesummit.com/2026/speakers","https://technesummit.com/2026/speakers#speakerCardModal01M1XV9CJGXQ1J29BCRQD3X1C4","2026-10-04"
"01KXN9HSF9NYTMHNXV0KK7FHYZ","Ehab Darwish","Founder, Business Development Director","iSKala","","Ehab Darwish is the Founder of iSkala and a Go To Market strategist, outbound expert, and lead generation consultant. He has helped 300+ brands build scalable growth engines, including Fawry, Swvl, ZenHR, Bayzat, Bayt.com and ElCoach among many more. Ehab has also trained more than 2,000 professionals across 12 countries on modern sales, AI, automation, and Go-To-Market engineering.","https://technesummit.com/storage/events/2/speakers/01KXN9HS3Q39CQM1V0V6NA6D1J_1784199832_thumbnail.webp","https://technesummit.com/storage/events/2/speakers/01M0WJX9EAJNAAFMQFQZ11SJT3_1787665753_company_logo.png","","https://technesummit.com/2026/speakers","https://technesummit.com/2026/speakers#speakerCardModal01KXN9HSF9NYTMHNXV0KK7FHYZ","2026-10-04"
"01M3QK0T2YWZZZE07MX3RB6GE9","Sherif Saleh","CEO","Mountain View International","Egypt","Sherif is a well-rounded business practitioner with extensive management experience with top global & local companies in the Middle East & Africa region. He played a significant role in two of the major real estate turnarounds in Egypt with companies that have multi-billion dollar investments. He is currently the CEO of Mountain View International overlooking expansion into new territories as well as leading the company’s Commercial Real Estate. Previously, he was Co-CEO of Egyptian developer Misr Italia Properties. His prior regional roles included working for PepsiCo Middle East & Africa, Danone Beverages Middle East & India, Coca-Cola Middle East and Unilever North Africa, Middle East & Turkey. Sherif is a frequent speaker and jury member at major events such as Cityscape Global, PropTech Connect, International Property Show, Creative Industry Summit and others. He is a 2023 alumnus of Harvard Business School. He also holds an MBA degree from GSU and a BA in Business Administration from AUC.He is also a frequent speaker and jury member at major events such as Cityscape Global, PropTech Connect, International Property Show, Creative Industry Summit and others.","https://technesummit.com/storage/events/2/speakers/01M3QK0RNSGCVBQMRQ6VX3FPB1_1790719320_thumbnail.webp","https://technesummit.com/storage/events/2/speakers/01M3QK0T2WHC81E6WH9CHWNVAN_1790719322_company_logo.jpg","","https://technesummit.com/2026/speakers","https://technesummit.com/2026/speakers#speakerCardModal01M3QK0T2YWZZZE07MX3RB6GE9","2026-10-04"
"01KZK9ZZHAX54TVVS6ADN2ZKG2","Sally ElAkkad","CEO","Abjjad","","Sally Elakkad is the CEO of Abjjad, the leading Arabic digital reading and audiobook platform, where she is driving the company’s transformation from a digital library into a global Arabic content and technology platform. With more than 20 years of experience across multinational organizations, entrepreneurship, marketing, e-commerce, and digital transformation, Sally’s career has centered on building businesses, leading teams through change, and turning emerging technologies into practical business value. Alongside her executive role, Sally has spent more than 17 years teaching and training business professionals and future leaders. She is also a DBA researcher, exploring the cognitive consequences of Generative AI reliance and its impact on managerial decision-making, an area that reflects her broader interest in the intersection of technology, leadership, and human judgment. Across her work as a CEO, educator, researcher, and speaker, Sally focuses on one central question: as technology becomes more capable, how do we ensure that people and organizations become more capable with it, rather than simply more dependent on it?","https://technesummit.com/storage/events/2/speakers/01M059D7CH5GG4SCTWW33948D5_1786884038_thumbnail.webp","https://technesummit.com/storage/events/2/speakers/01M059D7M8KM4PG4XST6WG8FTR_1786884038_company_logo.png","","https://technesummit.com/2026/speakers","https://technesummit.com/2026/speakers#speakerCardModal01KZK9ZZHAX54TVVS6ADN2ZKG2","2026-10-04"
"01KYSCKHK12ZJ2QNYS6CRQBACN","Amr Elashkar","Chief Information Officer","Cleopatra Hospitals Group","","Dr. Amr Alashkar is a senior digital transformation and information technology leader with over 25 years of experience driving measurable business impact through technology. He is recognized for aligning IT strategy with organizational objectives, delivering scalable, secure, and compliant digital ecosystems. His expertise spans healthcare transformation, data governance, cybersecurity, AI, and automation. As CIO of Cleopatra Hospitals Group, he led enterprise-wide digital initiatives that enhanced patient experience, operational efficiency, and clinical quality, while achieving prestigious local and international accreditations. Dr. Alashkar is a respected thought leader, frequent conference speaker, and contributor to national and regional digital health transformation agendas.","https://technesummit.com/storage/events/2/speakers/01KYSCKH55025DMZ2KWK55GHSK_1785410995_thumbnail.webp","https://technesummit.com/storage/events/2/speakers/01M0WJZPAE656B760JNZBVQYKF_1787665832_company_logo.webp","","https://technesummit.com/2026/speakers","https://technesummit.com/2026/speakers#speakerCardModal01KYSCKHK12ZJ2QNYS6CRQBACN","2026-10-04"
"01KWSBJ71MMZ560DSJ3JN560Z5","Hisham Akram","Founder & CEO","GRANITE Financial Holding","","Hisham Akram is a pioneer in Egypt’s financial sector with over 30 years of experience in building and scaling leading institutions. He is the Founder and CEO of GRANITE Financial Holding, where he leads the company’s mission to redefine asset management through introducing innovative and secure, client-centric solutions that disrupt conventional business offerings. He played a pioneering role in launching Egypt’s and the Region’s first investment funds and worked closely with regulators to develop the country’s capital markets. Hisham was a founding partner of Beltone Financial and held senior leadership positions at EFG Hermes and was the CEO of Madinet Nasr. He currently serves on the boards of several institutions, including Misr Real Estate Assets Management and the Investment Committee of the Endowments Authority.","https://technesummit.com/storage/events/2/speakers/01KWSBJ6M05RKTDQFQ35XPA40M_1783262419_thumbnail.webp","https://technesummit.com/storage/events/2/speakers/01M0WJ4PWF3YR223X1HZ55RAMG_1787664948_company_logo.png","","https://technesummit.com/2026/speakers","https://technesummit.com/2026/speakers#speakerCardModal01KWSBJ71MMZ560DSJ3JN560Z5","2026-10-04"
"01KXBCG3SMHFNWX52CTCHJQVSR","Ahmed Ehab","Digital Solution Advisor","SAP","Egypt","Ahmed is passionate about shaping the future of manufacturing through AI, Industry 4.0, and digital transformation. He helps industrial organizations build intelligent factory solutions that turn innovation into measurable business impact, bridging emerging technologies with real-world manufacturing challenges.","https://technesummit.com/storage/events/2/speakers/01KXBCG3DE0HBKXK45271MEHAP_1783867379_thumbnail.webp","https://technesummit.com/storage/events/2/speakers/01KXBCG3SJ1N3YTXQF48NWFRHP_1783867379_company_logo.png","","https://technesummit.com/2026/speakers","https://technesummit.com/2026/speakers#speakerCardModal01KXBCG3SMHFNWX52CTCHJQVSR","2026-10-04"
"01KZK0SYSYF72T2GYEBJNS8HSA","Shereen Eletreby","Heading the Learning & Talent Development @ Orascom Construction PLC","Orascom Construction PLC","","Shereen Eletreby is a seasoned Talent Development leader with over 20 years of hands-on experience in designing and managing strategic learning solutions. As Head of Talent Development at Orascom Construction, she partners with senior leadership to build future business capabilities, address organizational gaps, and drive a sustainable learning culture across the enterprise. In addition to her corporate role, Shereen is the founder of Chefs’ Studios—a long envisioned F&B consulting firm launched in 2021—and co-founder of Three Diner, a retro-American restaurant brand. Her entrepreneurial ventures reflect her passion for innovation, experience design, and building thriving teams and businesses from the ground up. Shereen also works as a Career Development and Transition Facilitator, empowering individuals to explore their core career drivers, build clear action plans, and pursue purposeful professional journeys. Her earlier career includes a decade at Vodafone International Services, where she led corporate academy development, trainer performance, and knowledge management initiatives. She also held key leadership roles such as Head of HR at Akam Developments, HR Director at Iwan Developments, and Talent Development Consultant with AB & Associates. Shereen holds a Bachelor's degree in Business Management with a minor in Management Information Systems from the University of the District of Columbia, graduating with honors in 2000.","https://technesummit.com/storage/events/2/speakers/01KZKGGB8Z5HKQQZKC1QSQRH7M_1786287500_thumbnail.webp","https://technesummit.com/storage/events/2/speakers/01M0WK2K76CQKV425P799T9CG7_1787665927_company_logo.png","","https://technesummit.com/2026/speakers","https://technesummit.com/2026/speakers#speakerCardModal01KZK0SYSYF72T2GYEBJNS8HSA","2026-10-04"
"01K94T3JSAPSKDTBXFA455HH17","Basem Elewa","Shariah Auditor & Corporate Zakat Accountant","Shariah Audit","Egypt","I am a researcher, consultant, and educator specializing in Islamic Finance, Zakat Accounting, and Shariah Audit. I am currently pursuing a Ph.D. at Al-Azhar University and hold two master's degrees in Islamic Finance and Accounting, in addition to several internationally recognized professional certifications from the General Council for Islamic Banks and Financial Institutions (CIBAFI).Over the years, I have worked in education, financial consulting, entrepreneurship, and investment across multiple sectors before dedicating my career to Zakat Accounting and Shariah Audit. I am the host of the TV program Zakaty, creator of the Shariah Audit podcast, and author of Zakat for Individuals and Companies and the Contemporary Financial Transactions book series.My work focuses on Zakat accounting, Shariah governance, Islamic financial systems, and helping organizations build Shariah-compliant business models. I am particularly passionate about advancing Islamic fintech, strengthening internal Shariah audit practices, and developing practical solutions that bridge Islamic principles with modern business and finance.","https://technesummit.com/storage/events/2/speakers/01KXDQB5QREG25Q3FBE7DCGDX4_1783945860_thumbnail.webp","https://technesummit.com/storage/events/2/speakers/01KXDQB64XTTR7GKHBA5ZVVQ8B_1783945861_company_logo.png","","https://technesummit.com/2026/speakers","https://technesummit.com/2026/speakers#speakerCardModal01K94T3JSAPSKDTBXFA455HH17","2026-10-04"
"01KZ0WVYXPF1T8WMA5T59QM7G1","Khaled Elgeneidy","Assistant Professor, Robotics - Innovation Hub Director","The Knowledge Hub Universities","Egypt","Dr. Khaled Elgeneidy is an Assistant Professor in Robotics leading the Innovation Hub at The Knowledge Hub Universities (TKH). He holds a PhD in Robotics from Loughborough University, UK, and is recognised as a Fellow of the Higher Education Academy (FHEA), bringing over a decade of academic experience from British universities in both the UK and Egypt. His research focuses on developing intelligent robotics systems to address grasping and manipulation challenges in the agriculture and manufacturing sectors. Dr. Elgeneidy has led and collaborated on several funded research projects with academic and industrial partners at national and international levels, resulting in over 20 peer-reviewed publications, 900+ citations, and a US patent for a mushroom picking device. Translating research into commercial impact, he co-founded Agaricus Robotics Ltd in the UK, a spin-off company commercialising an autonomous harvesting system following successfully funded research projects from Innovate UK and Ceres Agri-Tech.","https://technesummit.com/storage/events/2/speakers/01KZ0WVYGS5JE3N6EH2RZXM7ZB_1785662929_thumbnail.webp","https://technesummit.com/storage/events/2/speakers/01KZ0WVYXMS8X7BQXG8XP9WMHE_1785662929_company_logo.png","","https://technesummit.com/2026/speakers","https://technesummit.com/2026/speakers#speakerCardModal01KZ0WVYXPF1T8WMA5T59QM7G1","2026-10-04"
"01KXND6R65H2FSZSZRKDR9E8Y0","Ismail Anwar","Senior Manager, AI & Data","Deloitte","Egypt","With over 20 years of experience in data engineering, science and analysis, Dr Ismail Anwar has helped clients in both the public and private sector address hard challenges when it comes to deriving insights from complex data assets. With a proven record for understanding complex analytical data needs and articulating them to sustainable analytical architectures, Ismail has helped clients of various sizes in building analytical pipelines for the ingestion, storage, transformation, enrichment and presentation of data for analytical consumption and decision making. He also consulted clients on building achievable data and AI strategies to address their current and future needs. On the academic side, Ismail has an interest in the use of Computational Intelligence and AI for addressing hard problems in data science and decision making in complex, multiobjective scenarios. Ismail holds a PhD from the University of Kent.","https://technesummit.com/storage/events/2/speakers/01KXND6Q3YJN6YABNE5HH6S1Z8_1784203664_thumbnail.webp","https://technesummit.com/storage/events/2/speakers/01KXND6R63ZPYWWECVEE70AQ5Z_1784203665_company_logo.png","","https://technesummit.com/2026/speakers","https://technesummit.com/2026/speakers#speakerCardModal01KXND6R65H2FSZSZRKDR9E8Y0","2026-10-04"
"01K94T3JSBKRQEGMV6GBD400NP","Tarek Taha","Cofounder and CPTO","Amtaar","Egypt","Tarek Taha is a serial tech entrepreneur, operator, and Co-Founder & CPTO of Amtaar—an FRA-licensed fractional real estate investment platform—as well as the Founder of ERPn'Box. A veteran technology leader with over two decades of experience spanning fintech, proptech, software architecture, and real estate operations, Tarek previously served as the Fintech & Innovation Hub Director at the Central Bank of Egypt and led global real estate operations at Twitter's San Francisco headquarters. Recognized by Fast Company as one of the 100 Most Creative People in Business, Tarek holds a B.S. in Computer Science from Georgia Tech and an Executive MBA from the University of Cambridge.","https://technesummit.com/storage/events/2/speakers/1762171931_01K94T3JSCB87TYQK6KJJ75J7W_thumbnail.webp","https://technesummit.com/storage/events/2/speakers/01KZ0Z4V2RWQR0EHKX38AP6NVP_1785665317_company_logo.png","","https://technesummit.com/2026/speakers","https://technesummit.com/2026/speakers#speakerCardModal01K94T3JSBKRQEGMV6GBD400NP","2026-10-04"
"01M1XV0RG20H7WPGV4ZH9NQMED","Anne Lawi Lawi","Investor SSA & COACH;Managing Director","Impact Gateway Africa Board Member at Somo","","Anne Lawi – Managing Director; Impact Gateway Africa is a Venture support studio and early-stage investment fund dedicated to handholding high-impact enterprises across Africa. By providing early-stage seed capital, tailored support and strategic market access, we scale impactful solutions and create massive jobs across Africa Anne Lawi is a seasoned expert with 18 plus years of experience in strategic leadership, particularly in investment, funds design and startup deal flow management and entrepreneurship ecosystem building across Africa. Anne is coach and mentor with the Seedstar SANAD program. Her expertise in venture building, acceleration, and incubation has been pivotal in driving the growth and success of thousands of startups on the continent. Has Extensive expertise on: - Startup impact investment - Fund design - Startup investment dealflow management - Due Diligence - Innovation ecosystem building in Africa - Organization Development, Business Strategy Development and Implementation, Leadership Development, Entrepreneurship Development - Facilitated investment of 100 Africa impact driven startups - Facilitated investment impact investment to a tune of $20M","https://technesummit.com/storage/events/2/speakers/01M1XV0R204J438HA3JMGZ5ZR1_1788781551_thumbnail.webp","https://technesummit.com/storage/events/2/speakers/01M1XV0RFZNPGZWX0PHB8Q1WZM_1788781552_company_logo.jpeg","","https://technesummit.com/2026/speakers?page=2","https://technesummit.com/2026/speakers?page=2#speakerCardModal01M1XV0RG20H7WPGV4ZH9NQMED","2026-10-04"
"01KWCCEVJY9YAF95XAYVR40RMJ","Mohamed Elmasry","Founder","Tactful.AI","Egypt","In 2016, I founded Tactful in Cairo with Mohammad Fouad Hassan, while still at ARM. Over the next six years we built a CX infrastructure platform from scratch: 60+ engineers, $5M+ in R&D, enterprise customers across MENA including Elaraby Group, valU, Fairmont, and Address Hotels. We didn't build a chatbot. We built the five-layer stack beneath every customer interaction. The sale (2022 – 2024) Destiny (later rebranded Dstny), a European business communications group, acquired Tactful. The partnership brought European distribution, enterprise credibility, and a perspective I could not have gained from the inside. By the end of it, I knew what Tactful's next chapter needed: full founder autonomy to pursue the agentic CX vision. Coming back (early 2024 – present) In early 2024, Mohammad and I reacquired full ownership. In February 2026, we closed a $1M Pre-Series A. The platform is seeing 100x growth. We are building with the clarity that only comes from having done it once before. “I bought my company back because the best version of it hadn't been built yet.”","https://technesummit.com/storage/events/2/speakers/01KWCCEV73RJS9AAX24AQVFBQ1_1782827150_thumbnail.webp","https://technesummit.com/storage/events/2/speakers/01KWCCEVJVMXW5T2B89CBFSD0D_1782827150_company_logo.png","","https://technesummit.com/2026/speakers?page=2","https://technesummit.com/2026/speakers?page=2#speakerCardModal01KWCCEVJY9YAF95XAYVR40RMJ","2026-10-04"
"01M20C36GBEWGQ3Y2Z8T2E5S0R","Benjamin Meier","Project Lead CATAL1.5°T Africa","GIZ","","Benjamin Meier works with GIZ’s CATAL1.5°T initiative, supporting climate-tech ventures across West Africa to access capital and scale. His work focuses on helping companies scale, investment readiness and innovative financing approaches, including Capital Stacking and repayable grants. He works closely with entrepreneurs, investors and ecosystem partners to bridge financing gaps and mobilise private capital for African climate ventures. Based in Dakar, he supports CATAL1.5°T’s activities across Francophone West Africa.","https://technesummit.com/storage/events/2/speakers/01M20C363DM82MK9BE4B6EK5NH_1788866566_thumbnail.webp","https://technesummit.com/storage/events/2/speakers/01M20C36G9N49JG6AFVD7A6DZV_1788866566_company_logo.png","","https://technesummit.com/2026/speakers?page=2","https://technesummit.com/2026/speakers?page=2#speakerCardModal01M20C36GBEWGQ3Y2Z8T2E5S0R","2026-10-04"
"01KXN7SKCFN0P55DC2HCD6AQTJ","Mohamed Elmenoufy","Chief Executive Officer @ Infinity Technology","Infinity Technology","Egypt","Mohamed Elmenoufy is the visionary founder of Infinity Technology and a highly respected lecturer in the fields of programming and web development. Having trained more than 5,000 professionals, authored three foundational books, and produced comprehensive courses across major digital platforms, he is a driving force in technical education. His work focuses on simplifying complex coding concepts and equipping students with the practical skills needed to thrive in the modern IT landscape.","https://technesummit.com/storage/events/2/speakers/01KXN7SK4M4GZQ1ANHVKKM7VKA_1784197991_thumbnail.webp","https://technesummit.com/storage/events/2/speakers/01KXN7SKBBHFDW095ANQZYCDN3_1784197991_company_logo.png","","https://technesummit.com/2026/speakers?page=2","https://technesummit.com/2026/speakers?page=2#speakerCardModal01KXN7SKCFN0P55DC2HCD6AQTJ","2026-10-04"
"01KWCCN6CGZ2MSHED8QDKSJK23","Mohamed Elsabban","Chief Innovation & Strategic Ventures Officer","Banque Misr","Egypt","Mohamed Elsabban Chief Innovation & Strategic Ventures Officer, Banque Misr Mohamed Elsabban is a senior executive with over 33 years of diverse experience across leading local and international banks and companies. He currently serves as the Chief Innovation and Strategic Ventures Officer at Banque Misr, where he leads the bank’s transformation into a future-ready financial ecosystem. In this role, Mohamed is driving a comprehensive innovation agenda that aligns with the bank’s 2030 North Star vision. His leadership focuses on open innovation, ecosystem orchestration, venture investment, and the incubation of new business models. Key initiatives under his mandate include the co-creation of Egypt’s first corporate venture platform, a captive insurance model, and an embedded finance framework for SMEs—developed in close collaboration with relevant business sectors across the bank. These efforts aim to position Banque Misr as the country’s most innovation-driven and ecosystem-oriented financial institution. Mohamed has also led the launch of flagship programs such as TEQDAR, one of Egypt’s most impactful corporate accelerators, and BMV Studio, a venture-building platform empowering both startups and internal talent to co-create transformative solutions. His work is helping Banque Misr unlock new revenue streams, serve evolving customer needs, and build strategic partnerships across banking and beyond.","https://technesummit.com/storage/events/2/speakers/01KWCCN5Z2BS3WDAFC64S5KETK_1782827358_thumbnail.webp","https://technesummit.com/storage/events/2/speakers/01KWCCN6CD7D754FG3MEBF61S4_1782827358_company_logo.png","","https://technesummit.com/2026/speakers?page=2","https://technesummit.com/2026/speakers?page=2#speakerCardModal01KWCCN6CGZ2MSHED8QDKSJK23","2026-10-04"
"01KYS9F5M0A5MR5ZCFEGD3FKH6","Hany Abdelwahab","Vice President & Board Member","United Group for Engineering & Investment","","Co-founder & Vice President of United group for Engineering & Investment ( UGEI ) which is an Egyptian group working in different construction sectors & Global trading with 25 years of experience in the construction, fit out & facility management industry with both governmental and multinational firms. His role includes also establishing good corporate governance practices and procedures also promotes the highest standards of integrity, probity, and corporate governance throughout the Group and particularly at Board level.","https://technesummit.com/storage/events/2/speakers/01KYS9EYV6MVBYBD9BPCNB25TY_1785407699_thumbnail.webp","https://technesummit.com/storage/events/2/speakers/01KYS9F50ASPDWC6JAGVD9SE8F_1785407706_company_logo.png","","https://technesummit.com/2026/speakers?page=2","https://technesummit.com/2026/speakers?page=2#speakerCardModal01KYS9F5M0A5MR5ZCFEGD3FKH6","2026-10-04"
"01KZK0SZSFAFF37NE189RMTY7Y","loay elshawarby","Principle","El Shawarby Attorney","","El-Shawarby, Attorneys-at-Law. Practicing in the areas of general corporate and commercial; start-up structuring, governance, pre-growth and growth venture finance; venture capital funds; law and technology; joint venture agreements; international business transactions; international project finance, infrastructure projects, public private partnerships, special economic zones, offtake supply agreements; international trade agreements – antidumping, subsidies, safeguards and countervailing measures; and competition laws. Angel Investor – Solo; Co-founder, Alexandria Angels Network; Co-founder, Mediterranean Angels. Additional personal expertise include business and social entrepreneurship, science and technology research and investing. Member of the Advisory Committee on Entrepreneurship and Digital Economy, Office of the Prime Minister of Egypt – 2025 to present; Member of the Board of Directors – Egypt Ventures – 2024 to present.","https://avatars.sched.co/f/21/10695242/avatar.jpg.320x320px.jpg?046","https://technesummit.com/storage/events/2/speakers/01M07R8R1ZRQEB91Z0QKTDBY3M_1786966728_company_logo.png","","https://technesummit.com/2026/speakers?page=2","https://technesummit.com/2026/speakers?page=2#speakerCardModal01KZK0SZSFAFF37NE189RMTY7Y","2026-10-04"
"01KYS8TE0R1H7PJB5BE2HGCZMW","Ahmed ElSherbini","Head of Building & Projects Consultancy","Savills Egypt","Egypt","Ahmed ElSherbini is a Project Management leader with over 19 years of experience delivering major real estate, hospitality and corporate projects across Egypt, He is currently the Head of Building and Projects Consultancy at Savills Egypt, leading a team of 45 professional and managing a portfolio of projects exceeding 5 billion EGP. annually Previously, Ahmed held a senior role, where he managed high-profile fit-out and renovation projects for global clients such as Sheraton, Hilton and Mars, His earlier experience with Mountain View and Etisalat strengthened his expertise in construction management, design management and multi-stakeholders' coordination. Ahmed holds a bachelor's degree in Structural Engineering and multiple professional certificates including PMP and PRMG, known for his leadership, technical depth and commitment to excellence, he consistently delivers a complex projects on time, on budget and up to the highest standards.","https://technesummit.com/storage/events/2/speakers/01KYS8TD1C6QEB9Q193S56WZ2W_1785407026_thumbnail.webp","https://technesummit.com/storage/events/2/speakers/01KYS8TDYWZHR3RHK7AWV5PRHC_1785407027_company_logo.png","","https://technesummit.com/2026/speakers?page=2","https://technesummit.com/2026/speakers?page=2#speakerCardModal01KYS8TE0R1H7PJB5BE2HGCZMW","2026-10-04"
"01KXDQQ6DTVHHAS386M9CZ438S","Sameh Emam","Cybersecurity Leader","Cisco Systems","Egypt","Sameh Emam is a cybersecurity strategist and technology advisor with more than 25 years of experience helping organizations strengthen cyber resilience, modernize security architectures, and accelerate secure digital transformation across the Middle East and Africa. He has advised government entities, critical infrastructure operators, financial institutions, and large enterprises on Zero Trust, cloud security, AI security, security operations, and cyber resilience. A frequent keynote speaker, moderator, and industry judge, Sameh is recognized for translating complex cybersecurity challenges into practical business outcomes and fostering collaboration between technology leaders, policymakers, and the security community.","https://technesummit.com/storage/events/2/speakers/01KXDQQ61NKXCYVA9MAMAWWSWB_1783946254_thumbnail.webp","https://technesummit.com/storage/events/2/speakers/01KXDQQ6DR4X21B5HNY4YPAXS9_1783946254_company_logo.png","","https://technesummit.com/2026/speakers?page=2","https://technesummit.com/2026/speakers?page=2#speakerCardModal01KXDQQ6DTVHHAS386M9CZ438S","2026-10-04"
"01KZK8ZD01SGZ16ZWF4ZQ7JV52","Mahmoud Embaby","Founder & CEO Impact Learning & Development","Impact Learning & Development","","","https://avatars.sched.co/a/63/25794753/avatar.jpg.320x320px.jpg?4a5","","","https://technesummit.com/2026/speakers?page=2","https://technesummit.com/2026/speakers?page=2#speakerCardModal01KZK8ZD01SGZ16ZWF4ZQ7JV52","2026-10-04"
"01KYSB59D7V7TP7FB6HGJT589C","Nader Ernest","Aspire Corporate Consulting and Training Director and Vice President of Emergenetics","Aspire Consulting International","Egypt","Nader is a management consultant, specializing in the training and consulting sector. Nader has more than 10 years of experience serving corporates in different areas related to training solutions, consultative facilitation, soft skills enhancement and team building exercises. Since October 2017, Nader has been responsible for setting the aspire corporate business unit strategy, sales strategy and development of the corporate team capabilities. Nader ‘s team served over 150+ local and multi- national firms that work in different industries and sectors such as; pharma, banking, telecom, IT, FMCGs and others. Nader has led several other roles inside the organization; HR, sales, marketing, operations, training and different business units’ leadership. In addition to that, Nader has led several international partnerships and alliances. Prior to joining Aspire, Nader worked for 360 Junkers factory for 2 years, where he worked as product line engineer for 3 different products, Hisense , York and GE ACs, Hisense refrigerators, and over water laid bridges. He was in charge of production line, quality, speed and efficiency as well as the skills enhancement process of the blue collars through a joint training program with the Chinese counter engineers. Nader graduated from the Faculty of Engineering, Ain Shams University in 2009. He completed the ""MBA” from Maastricht School of Management in 2020 and in 2016 he completed his certification on both Emergenetics Profiling and ESP” Emergenetics Selection Program”. He also took many specialized training programs in the area of Training of Trainers, customer services and strategic planning from the Wharton School of Pennsylvania, and Competitive Strategy-Ludwig-Maximilians-Universität München (LMU).","https://technesummit.com/storage/events/2/speakers/01KYSB54EA1A1P6P5R66VJJZJE_1785409475_thumbnail.webp","https://technesummit.com/storage/events/2/speakers/01KYSB591FQC453AFW8JQ31JKQ_1785409479_company_logo.png","","https://technesummit.com/2026/speakers?page=2","https://technesummit.com/2026/speakers?page=2#speakerCardModal01KYSB59D7V7TP7FB6HGJT589C","2026-10-04"
"01KX3MBS3TRXEMJGA1KNFZ17AB","Lisa Atia","CEO/ Global Economist","Beyond the Work, LLC (formerly TBD Group, LLC)","","Lisa is a global citizen of Egyptian heritage and an economic development strategist, entrepreneur, investor, and community builder with 25 years of international experience. She works with governments, corporations, investors, and entrepreneurs to design the systems that transform innovation into sustainable economic growth. Over the course of her career, Lisa has advised more than 150 organizations and entrepreneurs while helping deploy over $80 million in capital. Her expertise spans strategy, ecosystem development, and capital alignment, helping high-growth ventures scale while mobilizing the institutions, partners, and infrastructure that enable thriving and stable economies. Her work spans the United States and emerging markets, including Africa, Central America, and Southeast Asia, where she operates at the intersection of technology, economic development, and culture.","https://technesummit.com/storage/events/2/speakers/01KX3MBRQ179SHCRC637MHM1F1_1783607190_thumbnail.webp","https://technesummit.com/storage/events/2/speakers/01KX3MBS3QVF29KWQJZ5ATRBZS_1783607190_company_logo.png","","https://technesummit.com/2026/speakers?page=2","https://technesummit.com/2026/speakers?page=2#speakerCardModal01KX3MBS3TRXEMJGA1KNFZ17AB","2026-10-04"
"01KZ0VEWN5J1G0F4B7T3S5KC1J","Mohamed Aladdin","General Partner - Venture Capital","Development Partners International","","Mohamed is currently a General Partner on the DPI Venture Capital, MEA focused early and late stage VC fund. Prior to DPI, Mohamed led investments at Global Ventures, a Dubai-based VC fund investing across the MEA region. His domain expertise includes FinTech, HealthTech, Insurtech, SaaS, Mobility, and e-commerce. Prior to his MEA focus, Mohamed worked for Allianz X, a Munich-based €1 billion digital investment fund of Allianz SE. He sourced, executed, and closed investment deals in Europe, the US, and Southeast Asia. Mohamed began his venture capital career at Deutsche Telekom Capital Partners, a Hamburg-based €400 million fund that primarily invests in B2B SaaS solutions in the US and Europe. Before shifting to venture capital, Mohamed gained operational experience working for multiple early and late stage startups in Germany, such as Solarisbank AG and Medigo GmbH. Mohamed holds an MSc in Business Administration and Engineering from Berlin University of Applied Sciences, focusing on Corporate Strategy and Venture Capital. He also has a BSc in Engineering Mechatronics from the German University in Cairo.","https://technesummit.com/storage/events/2/speakers/01KZ0VEW8JBJAB6TXGJZF3VXF1_1785661452_thumbnail.webp","https://technesummit.com/storage/events/2/speakers/01KZ0VEWN28Q8NMVN6Z02KJ755_1785661452_company_logo.png","","https://technesummit.com/2026/speakers?page=2","https://technesummit.com/2026/speakers?page=2#speakerCardModal01KZ0VEWN5J1G0F4B7T3S5KC1J","2026-10-04"
"01KZK0T0B7C5Z1V8P9EQ3YEWDR","Mohamed Fahmy","Senior Director, Executive Education, The School of Global Affairs & Public Policy (GAPP), The American University in Cairo","The American University in Cairo","","Mohamed Fahmy Menza is the Senior Director of Executive Education at the School of Global Affairs & Public Policy (GAPP). He has more than 20 years of experience in the fields of socioeconomic research, development, and cross-cultural education, whereby he developed a plethora of multidisciplinary educational initiatives within Higher Education Institutions in the Arab world, the Global South, Europe and North America, using virtual exchange pedagogies. Menza previously served as the Director of Dialogue Courses and an Affiliate Assistant Professor at AUC’s Core Curriculum and as the founding Program Manager of the Institute of International Education’s (IIE’s) flagship virtual exchange initiatives, HIVE/HIVER. He holds a PhD in Arab & Islamic Studies, with a specialization in political economy and sociology, from the University of Exeter and his research and teaching focus on state/society relations, informal and patronage networks and the political economy of development, on which he has developed and taught a variety of courses at Exeter University, AMIDEAST Egypt and AUC. Menza also provided consultancies to a host of international development organizations such as the World Bank, UN-Habitat, the Population Council and CARE International and his academic contributions, which include a wide variety of action-research development studies, peer-reviewed articles, book chapters and the book Patronage Politics in Egypt, were quoted in world-class publications such as The Economist, The New York Times and The Wall Street Journal.","https://technesummit.com/storage/events/2/speakers/01M053BQY4W9GGWXMX3AN0K7DM_1786877697_thumbnail.webp","https://technesummit.com/storage/events/2/speakers/01M0WMJNBEY64Y736QJ35FA8RE_1787667502_company_logo.jpg","","https://technesummit.com/2026/speakers?page=2","https://technesummit.com/2026/speakers?page=2#speakerCardModal01KZK0T0B7C5Z1V8P9EQ3YEWDR","2026-10-04"
"01KYFDV77VBZK0T2FMXK2G7HX8","Zeyad Fahmy","Sports MC & Public Address Announcer, Co-Founder Double Dribble Leagues, Legal Attorney at PepsiCo Egypt.","NA","Egypt","Lead Public Address Announcer of the Basketball Africa League and MC for the FIFAe World Cup. Experience spans major international tournaments including the IHF Handball World Cup, FIVB Volleyball World Cup, Premier Padel, and the African Football League. Beyond the mic, Co‑Founder and Head of Operations of Double Dribble Leagues, Egypt’s first amateur basketball league alongside a professional legal career in PepsiCo Egypt.","https://technesummit.com/storage/events/2/speakers/01KYFDV65X8VRKWEF3K7H8K226_1785076750_thumbnail.webp","https://technesummit.com/storage/events/2/speakers/01KYFDV752T3KX7SDXXGWNCW0Y_1785076751_company_logo.png","","https://technesummit.com/2026/speakers?page=2","https://technesummit.com/2026/speakers?page=2#speakerCardModal01KYFDV77VBZK0T2FMXK2G7HX8","2026-10-04"
"01KXZARF131Y0BHB2NQTG1NZV9","Yehia Ashour","Co-founder & Chief Executive Officer","INVIA","","Yehia Ashour is a seasoned investment and finance executive with over 20 years of experience in financial advisory, private equity, and capital raising across the MENA region. As Co-Founder and CEO of INVIA, he is building Egypt’s next-generation financial operating platform for SMEs—combining real-time financial visibility, performance insights, and revenue-based financing to help businesses grow sustainably. He is currently leading INVIA’s expansion.","https://technesummit.com/storage/events/2/speakers/01KXZARE3A96NXNCZ5RXPE4HE9_1784536643_thumbnail.webp","https://technesummit.com/storage/events/2/speakers/01KXZAREZC4DCQS9839Y985KT9_1784536644_company_logo.png","","https://technesummit.com/2026/speakers?page=2","https://technesummit.com/2026/speakers?page=2#speakerCardModal01KXZARF131Y0BHB2NQTG1NZV9","2026-10-04"
"01KZK0T0WDQGZ0NVKG8G9DC79Q","Amr Fawzi","Co-Founder & CEO","Goodsmart","","Amr Fawzi is the Founder and CEO of GoodsMart, the Cairo-based company that has been reinventing how Egyptian households shop for groceries since 2014, raising more than $12 million in funding along the way. A mechanical engineer by training, Amr advised companies across 15+ countries as a Regional Technical Manager before going all-in on his own venture. He is an active mentor and judge across Egypt's startup ecosystem.","https://technesummit.com/storage/events/2/speakers/01M051EJEGK35RR4FPEPS3V0JQ_1786875693_thumbnail.webp","https://technesummit.com/storage/events/2/speakers/01M051EJQXP08XH4XC129VC1VZ_1786875693_company_logo.png","","https://technesummit.com/2026/speakers?page=2","https://technesummit.com/2026/speakers?page=2#speakerCardModal01KZK0T0WDQGZ0NVKG8G9DC79Q","2026-10-04"
"01K94T3H2VWKH5ZYF53RW587CH","Choucri Asmar","Chief Corporate Development Officer","Vezeeta","","Availing Accessibility & Affordability in Healthcare for everyone in Egypt, Middle East and Africa in innovative ways, enhancing their experiences in their difficult moments of life and in all their Health & Wellness journeys in affordable financially create ways, helping everyone live a better life with no worries, on all aspects, and specially regarding Healthcare.","https://technesummit.com/storage/events/2/speakers/01M1KKDPBZTJKCT529DXJR6KN9_1788438043_thumbnail.webp","https://technesummit.com/storage/events/2/speakers/01M11D5GC5JCHZATXBH0J6DTME_1787827503_company_logo.png","","https://technesummit.com/2026/speakers?page=2","https://technesummit.com/2026/speakers?page=2#speakerCardModal01K94T3H2VWKH5ZYF53RW587CH","2026-10-04"
"01KYS57Y09JFZ8M8E28W2KEXJ4","Mohmed Fawzy","Digital Delivery Manager","Hassan Allam Holding","","Mohamed Fawzy Waly is an experienced Digital Delivery Manager and Building Information Modeling (BIM) expert with over a decade of experience driving digital adoption across the Architecture, Engineering, and Construction (AEC) industry. Currently serving as the R&D Digital Delivery Manager at Hassan Allam Holding, Mohamed focuses on implementing advanced BIM workflows, ISO 19650 information management standards, and digital strategy frameworks for large construction projects across the Middle East, including Egypt, Saudi Arabia, and the UAE. Active in the region's digital construction community, Mohamed is a member of the committee developing the Egyptian BIM Code and co-hosts Ground Truth, an Arabic podcast focused on practical discussions about digital delivery and construction technology. He is an ISO 19650 certified professional and an Autodesk Gold Certified Instructor who regularly trains and mentors engineers across the region. Mohamed is a regular speaker at regional industry conferences, such as the Big 5 Talks and the Egypt Digital Twin Conference. He was also shortlisted for Engineer of the Year by Construction Week Middle East.","https://technesummit.com/storage/events/2/speakers/01KYS57XGTW4JVA2XA6ZHK1W65_1785403274_thumbnail.webp","https://technesummit.com/storage/events/2/speakers/01M0WMNS5KV8H6ZWNW5D174W15_1787667604_company_logo.png","","https://technesummit.com/2026/speakers?page=2","https://technesummit.com/2026/speakers?page=2#speakerCardModal01KYS57Y09JFZ8M8E28W2KEXJ4","2026-10-04"
"01K94T3H78VXH2X0S72S4BNZQR","Hassan Fikry","Managing Director","DABS Egypt","Egypt","","https://technesummit.com/storage/events/2/speakers/01KZ8K2DNV173X68SVYPDWQKNX_1785921091_thumbnail.webp","https://technesummit.com/storage/events/2/speakers/01KZ8K2E81PF9RCCGNBBGZKCJ0_1785921091_company_logo.png","","https://technesummit.com/2026/speakers?page=2","https://technesummit.com/2026/speakers?page=2#speakerCardModal01K94T3H78VXH2X0S72S4BNZQR","2026-10-04"
"01KZK8ZD9E6CGXQJ4EMSMJYY69","Nader Fouda","Co-Founder & CEO","Ldp+Partners","","Co-Founder, CEO and Design Manager of Ldp+partners a leading architecture and engineering consultancy firm specializing in innovative architectural solutions, integrated engineering services, and exceptional interior design. With over 19 years of experience, I have led the design and execution of a wide range of projects from branded hospitality developments and large-scale mixed-use develoments across the MENA region. I believe the most successful projects seamlessly combine functionality with aesthetic design excellence, achieved through creative, thoughtful, and efficient design. A strong advocate for sustainability, I integrate environmentally responsible strategies from the outset, ensuring projects deliver long-term operational value while minimizing environmental impact.","https://technesummit.com/storage/events/2/speakers/01M052VD102DDWESM960PDP04N_1786877162_thumbnail.webp","https://technesummit.com/storage/events/2/speakers/01M052JM6ZQ2W1RDJ1JDPN59AY_1786876874_company_logo.png","","https://technesummit.com/2026/speakers?page=2","https://technesummit.com/2026/speakers?page=2#speakerCardModal01KZK8ZD9E6CGXQJ4EMSMJYY69","2026-10-04"
"01KXDNQ3T27WBRN421B6KBTE70","Amr Gazea","CEO & Co-Founder","Mezatech","","I am Amr Gazea, CEO and Co-Founder of Mezatech, a circular technology company dedicated to extending the lifecycle of electronic devices through refurbishment, recommerce, and e-waste recycling. With more than 10 years of experience building and scaling startups, I specialize in business strategy, operations, and organizational growth, helping companies transform ambitious ideas into sustainable businesses. Today, I lead Mezatech's mission to accelerate the circular economy by developing innovative solutions that maximize the value of technology assets, reduce electronic waste, and make sustainable technology more accessible. I am passionate about combining business innovation with environmental impact and sharing practical insights on leadership, scaling startups, and building circular business models.","https://technesummit.com/storage/events/2/speakers/01KXDNQ3775FFYXB4GZ92BTK3X_1783944154_thumbnail.webp","https://technesummit.com/storage/events/2/speakers/01M0WMTPR4CN7MQXAGVF2TA26S_1787667766_company_logo.png","","https://technesummit.com/2026/speakers?page=2","https://technesummit.com/2026/speakers?page=2#speakerCardModal01KXDNQ3T27WBRN421B6KBTE70","2026-10-04"
"01KYS16D457PJ30F22D1TX96EN","Mohamed AlGhannam","Managing Partner","Ncubeight","","Mohamed AlGhannam is a Venture Capitalist, Business Model Innovation Advisor and Founder of Ncubeight, a strategy and innovation advisory firm specializing in business model innovation and strategic growth. With experience in venture capital, entrepreneurship and startup advisory, he brings a deep understanding of the challenges and opportunities facing early-stage ventures. Mohamed works closely with founders to design, validate and innovate business models, refine growth and fundraising strategies and strengthen competitive positioning. Through his work at Ncubeight, he has advised startups, accelerators, and innovation programs across multiple countries, helping ventures build scalable business models, unlock competitive advantage, and accelerate long-term growth.","https://technesummit.com/storage/events/2/speakers/01KYS16CT0XPE67DHC3DNDJCZV_1785399030_thumbnail.webp","https://technesummit.com/storage/events/2/speakers/01KYS16D3G09KFN8EBY1MY03JQ_1785399030_company_logo.png","","https://technesummit.com/2026/speakers?page=2","https://technesummit.com/2026/speakers?page=2#speakerCardModal01KYS16D457PJ30F22D1TX96EN","2026-10-04"
"01K94T3HTG7ARYEAVGM5X2CTXR","Nehal Leheta","Co-Founder","Design Point","Egypt","","https://technesummit.com/storage/events/2/speakers/1762171930_01K94T3HTYP8DS6BXYPA18EMKM_thumbnail.webp","https://technesummit.com/storage/events/1/speakers/01K47FHJDDVEMXTTFNX89C16E3_1756892809_company_logo.png","","https://technesummit.com/2026/speakers?page=2","https://technesummit.com/2026/speakers?page=2#speakerCardModal01K94T3HTG7ARYEAVGM5X2CTXR","2026-10-04"
"01K94T3HX0E26JMYHBQJNAP7K8","Amr Abodraiaa","CEO","Rology","","""Amr Abodraiaa, CEO of Rology, brings his experience as the Co-founder and CEO of TownSoft, along with his strategic roles at multiple entities. His leadership, coupled with his understanding of the market dynamics and operational excellence, is pivotal to guiding Rology towards its strategic vision.""","https://technesummit.com/storage/events/2/speakers/1762171930_01K94T3HX17XA4T73FTXQQK9TW_thumbnail.webp","https://technesummit.com/storage/events/1/speakers/01K3R5G678KHD55D0PW9P2Z4XS_1756378962_company_logo.png","","https://technesummit.com/2026/speakers?page=2","https://technesummit.com/2026/speakers?page=2#speakerCardModal01K94T3HX0E26JMYHBQJNAP7K8","2026-10-04"
"01KZ94J86H8DAS2P9K80VZNGX6","Abdullah Amer","CEO","Executive Mastery Camp","Egypt","Abdullah Amer is a management consultant, executive trainer, and social entrepreneur with over a decade of experience in leadership development and organizational innovation across Egypt and internationally. An Al-Azhar University graduate specializing in English translation and simultaneous interpretation, he studied at the University of Central Missouri as a U.S. State Department NESA scholar and was inducted into Phi Beta Delta International Honor Society. He founded English Capsules, which has improved the English proficiency of over 10,000 Egyptians, alongside Spread Your Skills, Spread Your English & Arabic, and Executive Mastery Camp — a community for CEOs and senior leaders. A TEDx speaker and Techne Summit presenter.","https://technesummit.com/storage/events/2/speakers/01KZ94J7VA5W04XNHM3WDYNXTN_1785939435_thumbnail.webp","https://technesummit.com/storage/events/2/speakers/01KZ94J86E0KC4W44K43QNJTYM_1785939435_company_logo.png","","https://technesummit.com/2026/speakers?page=2","https://technesummit.com/2026/speakers?page=2#speakerCardModal01KZ94J86H8DAS2P9K80VZNGX6","2026-10-04"
"01M34GS0SDXN0GJ2958VWQSXYK","Khaled H. Mandor","Member of the E-Commerce Unit, Office of the Head of the Tax Authority","Egyptian Tax Authority","Egypt","As a VAT Expert with a demonstrated history of working in the government sector (in the field of VAT Administration Division), Currently a VAT group leader at E-Commerce and Digital Economy Unit (ETU); Egyptian Tax Authority (ETA); Ministry of Finance. Have a strong both academic and Applicably of VAT Researches, polices and administration . backed by a Masters degree of Public Policy and Finance , The ACCA Certificate in International Financial Reporting and Also, in-depth understanding of VAT application to digital trade based on my current primary duties at ETA.","https://technesummit.com/storage/events/2/speakers/01M34GS0C1A5HHYRBWG3D1E13R_1790079435_thumbnail.webp","https://technesummit.com/storage/events/2/speakers/01M34GS0SBPK8EA7EGM9BCT0PM_1790079435_company_logo.jpg","","https://technesummit.com/2026/speakers?page=2","https://technesummit.com/2026/speakers?page=2#speakerCardModal01M34GS0SDXN0GJ2958VWQSXYK","2026-10-04"
"01KXBD1AXP6VE7S44EGTDS9B5P","Mohamed Gamal","Group PR Manager","Al Salem Holding","Egypt","About Mohamed Gamal: Mohamed Gamal is a PR & Communications consultant working with a wide range of companies, entrepreneurs, and public figures on building impactful communication strategies, PR plans, and personal branding. He currently works with several prominent business leaders and companies, advising them on corporate communication strategies as well as personal branding for executives and entrepreneurs. Also works as Group PR Manager at Al Salem Holding, a diversified group of companies operating across multiple industries in several countries, where he leads the group’s communication strategies and PR efforts, Mohamed also provides consulting for a number of companies and well-known business figures on communication planning, PR strategy, and executive positioning.","https://technesummit.com/storage/events/2/speakers/01KXBD1AKF00N7VCHA8Y0WCKKJ_1783867943_thumbnail.webp","https://technesummit.com/storage/events/2/speakers/01KXBD1AX8AVNE7VAAQVECE9EY_1783867943_company_logo.png","","https://technesummit.com/2026/speakers?page=2","https://technesummit.com/2026/speakers?page=2#speakerCardModal01KXBD1AXP6VE7S44EGTDS9B5P","2026-10-04"
"01KXNAQ2K8FBS9NJ603S3JDN92","Yosra Thabet","Head of Learning and Development","Human Network International.","Egypt","HNI Learning and Development head for the past 4 years. Leading and transforming the solutions provided to the GCC market. Offering a new structure to be responsive to the market's ongoing dynamics. Yosra is a highly skilled corporate trainer & facilitator with more than 23 years’ training delivery experience, and in addition to hands-on experience in the entire training and L& D functions, including needs assessment, developing content, designing & delivering training programs and workshops, in addition to managing training programs & has proven ability to conduct assessment & development centers. Delivered training to various nationalities & cultural backgrounds in the Middle East &Africa (Egypt, Lebanon, UAE, Saudi Arabia, Oman, and Kuwait) with an ongoing passion for learning and development. I have acquired the following certificates: • Certified professional in Talent and Development (CPTD) from the Association of Talent and Development (ATD) (www.td.org). • Certified Associate Consultant, from Assessment and Development Consultants (a&dc.uk) https://www.adc.uk.com/ • Core Facilitation Skills Program from ILM (City and Guilds Group Business) (https://www.i-l-m.com) • Train the Trainer (TOT) Certificate from Regional IT Institute (http://www.riti.org) Designed, delivered and managed leadership academies, Train the Trainer, Retail programs, Sales, Customer Service, Presentation skills, Public speaking, NGO’s development, most of the basic business and soft skills topics for various industries.","https://technesummit.com/storage/events/2/speakers/01KXNAQ2909EEJEEDXE1R7WNCD_1784201054_thumbnail.webp","https://technesummit.com/storage/events/2/speakers/01KXNAQ2K6FT3PYD0ZH4KDB9HB_1784201054_company_logo.png","","https://technesummit.com/2026/speakers?page=2","https://technesummit.com/2026/speakers?page=2#speakerCardModal01KXNAQ2K8FBS9NJ603S3JDN92","2026-10-04"
"01KYFE42RS7MBNEYZNMFQDDWKK","Ahmed Gheita","Co-Founder & Board Member of LearnKhana Business","LearnKhana Business","Egypt","Ahmed Gheita is a certified talent development professional (CPTD) and an ATD-certified instructional designer, accredited by the Association for Talent Development (ATD), the world’s largest professional association dedicated to talent development professionals. With over 20 years of experience in the learning and development field since 2005, Ahmed has led and managed hundreds of learning projects across government entities, multinational corporations, and universities. His work spans several countries, including Saudi Arabia, Kuwait, Egypt, the United Arab Emirates, Lebanon, Qatar, Jordan, Iraq, and Zambia. Ahmed brings a rich professional track record through his contributions to learning and development initiatives across multiple industries. His portfolio includes collaborations with organizations such as the Saudi Food and Drug Authority (SFDA), Saudi Telecom Company (STC), Kuwait Oil Company, the Judicial Training Center in Saudi Arabia, QatarGas, Landmark Group, Extra Electronics, Vodafone, B.TECH, Saudi German Hospitals, Tamer Group, Banque Misr, Mansour Group, National Bank of Egypt, Abu Dhabi Bank, Multiples Investment Group, the German University in Cairo, Cairo University, Ain Shams University, and Gulf of Suez Petroleum Company (GUPCO). Ahmed holds a Bachelor’s degree in Computer Engineering from Ain Shams University. He has also earned several professional certifications, including a Credential of Readiness (CORe) from Harvard Business School, a Certified Learning Experience Designer and Trainer credential from Sega Group, a Six Sigma Green Belt from Quality America Inc., and a Talent Management certification from the University of Michigan. For more than 13 years, Ahmed founded and led several charitable organisations in Cairo, serving thousands of Egyptian youth by supporting their skill development and preparing them to successfully enter the labor market. Currently, Ahmed continues to pursue his passion for learning and development as a Board Member at Learnkhana Business, where he supports digital transformation initiatives and helps organizations develop and upskill their talent.","https://technesummit.com/storage/events/2/speakers/01KYFE41VRAN464G4H2KND2PSS_1785077041_thumbnail.webp","https://technesummit.com/storage/events/2/speakers/01KYFE42Q5CC579T8Z4E66P7QJ_1785077041_company_logo.png","","https://technesummit.com/2026/speakers?page=2","https://technesummit.com/2026/speakers?page=2#speakerCardModal01KYFE42RS7MBNEYZNMFQDDWKK","2026-10-04"
"01KZK8ZDFQH4QB2AY88FQ3D33H","Haitham Gheita","Sport Mental Coach and founder of HG Mental Academy.","HG Mental Academy.","","Haitham Gheita is a Sport Mental Coach and founder of HG Mental Academy. Holding a Master’s degree in Sport Psychology from Spain and multiple international certifications in sports psychology and life coaching, he has delivered over 5,000 hours of one-to-one coaching and worked with 500+ athletes across 33 sports worldwide. He has supported Olympians, national teams, and top-ranked players including Nouran Gohar, Hana Goda, and Nada Hafez. A former professional footballer and team captain, Haitham combines firsthand athletic experience with deep expertise in sport psychology to help athletes perform at their best.","https://technesummit.com/storage/events/2/speakers/01M057HRS6BXQCP86HB8MWBTN2_1786882089_thumbnail.webp","https://technesummit.com/storage/events/2/speakers/01M057HS9ZQ2MKR0MN35D16DKG_1786882090_company_logo.png","","https://technesummit.com/2026/speakers?page=2","https://technesummit.com/2026/speakers?page=2#speakerCardModal01KZK8ZDFQH4QB2AY88FQ3D33H","2026-10-04"
"01KZK0T1RADBD3DEZ2C44QXRJR","Maged Ghoneima","Cofounder & Managing Partner","M-Empire Angels","","Dr. Maged Ghoneima is an angel investor, professor, and ecosystem builder. Through M Empire Angels, he has invested in more than 200 startups across over 30 countries. He is the Founder and General Partner of M Empire Angels, and Chairman of Startup Egypt, a community he founded to help entrepreneurs grow through access to networks, mentorship, programs, partnerships, and real ecosystem support. A scholar with a PhD from NorthwesternUniversity and industry experience at Intel and NVIDIA, Maged is also a Professor of Mechatronics at Ain Shams University. There, he founded the ASU Innovation Hub, creating a university-based platform to support students, researchers, and entrepreneurs in turning ideas, research, and technologies into real ventures and innovation-driven impact","https://technesummit.com/storage/events/2/speakers/01M07M7YH35D9S0P0M4RAYKTWD_1786962508_thumbnail.webp","https://technesummit.com/storage/events/2/speakers/01M07M7ZGY29S99ZY66NCQPTWX_1786962509_company_logo.png","","https://technesummit.com/2026/speakers?page=2","https://technesummit.com/2026/speakers?page=2#speakerCardModal01KZK0T1RADBD3DEZ2C44QXRJR","2026-10-04"
"01KYFFJWNK5F9GQMVZ6S96CPMX","Shadi El Ghoneimi","Managing partner & Head of Design","EL GHONEIMI International","Egypt","Shadi El Ghoneimi, DEA, MA, HMONP Managing Partner and Head of Design, El Ghoneimi International Shadi El Ghoneimi is a distinguished French-Egyptian architect with over 20 years of experience specializing in hospitality design. He currently leads El Ghoneimi International, a family-owned firm founded in 1983, continuing its legacy of innovative and avant-garde design tailored to the evolving hospitality industry. Shadi earned his Bachelor’s and Master’s degrees from the École Nationale Supérieure d’Architecture Paris-La Seine (Les Beaux-Arts de Paris) and is a member of the Ordre des Architectes Français (Île-de-France) as well as the Egyptian Union of Architects. Throughout his career, Shadi has directed the design of a diverse array of notable hospitality projects across the EMEA region, collaborating with leading international brands such as Marriott, Hilton, Accor, and IHG. Born and raised in Cairo and educated in Paris, Shadi’s design philosophy is deeply influenced by these two vibrant cities. He is passionate about creating timeless spaces that seamlessly blend multicultural aesthetics with operational functionality, ensuring each project reflects its unique historical context and a strong sense of place.","https://technesummit.com/storage/events/2/speakers/01KYFFJVWZYHZVT16P88VHK1QD_1785078575_thumbnail.webp","https://technesummit.com/storage/events/2/speakers/01KYFFJWEGXM6J5AHJQVD6MY0A_1785078575_company_logo.png","","https://technesummit.com/2026/speakers?page=2","https://technesummit.com/2026/speakers?page=2#speakerCardModal01KYFFJWNK5F9GQMVZ6S96CPMX","2026-10-04"
"01KZ0PV0D4H1CR7BHWQZ960TKM","Nayra Elberry","Head of Partnerships and Community","WRK+","Egypt","","https://technesummit.com/storage/events/2/speakers/01KZ0PV03NSDFJH1KBPXMPB6CK_1785656606_thumbnail.webp","https://technesummit.com/storage/events/2/speakers/01KZ0PV0D27EQW1FB2917MTDFT_1785656607_company_logo.png","","https://technesummit.com/2026/speakers?page=2","https://technesummit.com/2026/speakers?page=2#speakerCardModal01KZ0PV0D4H1CR7BHWQZ960TKM","2026-10-04"
"01KWCES77F4HAK9GKA32QCEZSW","Malak Gomaa","Digital Creative Director","Tarek Nour Partners","Egypt","Digital Communications and Creative Strategy leader with 11+ years of experience shaping the digital presence of leading local and regional brands. Throughout my career, I have driven end-to-end digital brand strategies, led integrated campaigns, built and mentored high-performing creative teams, and transformed business objectives into impactful creative solutions that deliver measurable results.","https://technesummit.com/storage/events/2/speakers/01KWCES6S1RYG7JSBV408ZJGAR_1782829587_thumbnail.webp","https://technesummit.com/storage/events/2/speakers/01KWCES77C3YC8XF50KTGFXPYP_1782829587_company_logo.png","","https://technesummit.com/2026/speakers?page=2","https://technesummit.com/2026/speakers?page=2#speakerCardModal01KWCES77F4HAK9GKA32QCEZSW","2026-10-04"
"01KZK0SZHX42P2CZA4HJ5DM5ZJ","Abdelrahman Elnaka","Product Director, RTG","RTG","","Abdelrahman ElNaka is Director of Product at Robusta Technology Group, where he leads product strategy and product marketing across a portfolio of digital products serving the MENA region. Since joining Robusta as a product manager in 2020, he has built cross-functional product teams and shipped growth initiatives across ecommerce, fintech, and q-commerce. His approach is customer-centric and data-informed, blending UX, analytics, and commercialization — the same discipline he brings to designing AI agents that survive contact with production.","https://avatars.sched.co/2/49/25772982/avatar.jpg.320x320px.jpg?4a3","https://technesummit.com/storage/events/2/speakers/01M0WKXC0N69W36Z4RGEMKRE3K_1787666804_company_logo.png","","https://technesummit.com/2026/speakers?page=2","https://technesummit.com/2026/speakers?page=2#speakerCardModal01KZK0SZHX42P2CZA4HJ5DM5ZJ","2026-10-04"
"01KYS24T0AYP0HF671DV1DR5HX","Mohammed Fathy","Head of Cyber security","RTG Robusta Technology group","Egypt","Mohammed Fathy is a Cybersecurity Leader, Offensive Security Expert, and AI Security Researcher with more than 10 years of experience in penetration testing, red teaming, application security, and threat intelligence.** He currently serves as **Head of Cybersecurity at Robusta Technology Group (RTG)**, where he leads offensive security operations, manages red team engagements, drives security research, and builds security capabilities across enterprise environments. His expertise spans adversary emulation, web and mobile application security, cloud security, DevSecOps, vulnerability research, and AI/LLM security. Throughout his career, Mohammed has worked with fintech, payment platforms, software companies, and enterprise organizations, leading security assessments, penetration testing programs, secure development initiatives, and security transformation efforts. He previously held security leadership roles at organizations including PaySky, PetroApp, SEKEM Group, and other technology companies, where he managed application security, infrastructure security, vulnerability management, and incident response activities. Mohammed is recognized for his contributions to the cybersecurity community through responsible vulnerability disclosures affecting major technology companies including **Google, Microsoft, Apple, Yahoo, Adobe, eBay, Mozilla, Nokia, and Red Hat**, earning multiple Hall of Fame acknowledgments and security recognition awards. He holds multiple professional certifications including **Offensive Security Certified Professional (OSCP), eLearnSecurity Web Application Penetration Tester eXtreme (eWPTX), Certified Red Team Professional (CRTP), Certified AppSec Practitioner (CAP), and Certified Agentic AI Pentester (C-AgAIPen).** Beyond professional security work, Mohammed is an active cybersecurity educator, speaker, and researcher, sharing knowledge about offensive security, AI security, and emerging cyber threats with the security community. His mission is to help organizations stay ahead of evolving threats by combining offensive security methodologies, modern AI technologies, and practical defensive strategies.","https://technesummit.com/storage/events/2/speakers/01KYS24SK4YH39DYKRV5QR6KXQ_1785400026_thumbnail.webp","https://technesummit.com/storage/events/2/speakers/01KYS24T08MRDASG4TQN27HSDV_1785400027_company_logo.png","","https://technesummit.com/2026/speakers?page=2","https://technesummit.com/2026/speakers?page=2#speakerCardModal01KYS24T0AYP0HF671DV1DR5HX","2026-10-04"
"01KZK8ZDQ0C8465SV632YJAGP3","Khaled Hashem","Director of AI","RTG","","Khaled Hesham Fathallah is Director of AI at Robusta Technology Group, where he leads the AI practice across Cairo, Riyadh, and Berlin. He builds production GenAI systems — retrieval, multi-agent orchestration, and LLMOps — for enterprise clients across retail, telecom, and manufacturing. A computer engineer by training, he's spent a decade shipping software before AI, and it shows in how he builds it.","https://avatars.sched.co/9/ba/25764625/avatar.jpg.320x320px.jpg?e03","https://technesummit.com/storage/events/2/speakers/01M0WN1ENFYRMKGCMHYS8ZK47Q_1787667987_company_logo.png","","https://technesummit.com/2026/speakers?page=2","https://technesummit.com/2026/speakers?page=2#speakerCardModal01KZK8ZDQ0C8465SV632YJAGP3","2026-10-04"
"01KZK0T3B6VH1TR5EGBK0ZW49K","Amir Hassan","Group Director of eCommerce, Elsewedy Electric","Elsewedy Electric","","Results-driven Marketing, Media, and E-Commerce Leader with 17 years of experience driving growth through strategic marketing planning, E-Commerce enablement, media buying, and digital transformation. Proven experience in multi-regional leadership roles across Middle East, Turkey, and Africa. Led cross-functional teams to enable E-Commerce growth to contribute 46% of topline revenue and achieving a 116% CSG while boosting multi-market profitability across 10+ regional markets. Passionate about AI-driven marketing, first-party data strategy, and shoppable touchpoints. Recognized for building innovative growth marketing initiatives and fostering collaboration with regional and global teams.","https://technesummit.com/storage/events/2/speakers/01M058445S900S6NMKPMTHAA7R_1786882691_thumbnail.webp","https://technesummit.com/storage/events/2/speakers/01M05845DQM8F7CFG4AN86YX75_1786882692_company_logo.png","","https://technesummit.com/2026/speakers?page=2","https://technesummit.com/2026/speakers?page=2#speakerCardModal01KZK0T3B6VH1TR5EGBK0ZW49K","2026-10-04"
"01KZ1A66F5JPQE5G8GZ79S2CT5","Sherif Hassan","Marketing Director","Flat6labs","","Sherief Hassan is Marketing Director at Flat6Labs, the leading startup accelerator in the MENA region, where he leads communications, PR, and program marketing across initiatives that have helped back more than 10,000 founders. With over 15 years spanning FMCG, media agencies, and high-growth startups, he works closely with entrepreneurs to sharpen how they tell their stories and take them to market. Outside of work, he is one of the Middle East's leading watch content creators.","https://technesummit.com/storage/events/2/speakers/01KZ1A65X3ZXYW8NN7T12Y00PZ_1785676896_thumbnail.webp","https://technesummit.com/storage/events/2/speakers/01M0WN8RN4ZDPP3QYERWG1CFCA_1787668226_company_logo.png","","https://technesummit.com/2026/speakers?page=2","https://technesummit.com/2026/speakers?page=2#speakerCardModal01KZ1A66F5JPQE5G8GZ79S2CT5","2026-10-04"
"01KWVV8EB8KTVN98884RE31D9X","Ramy Hussein","CTO/CPO","Homzmart","","A deep dive into how Homzmart automated showroom innovation using AI. Learn how customer behavior, product popularity, design principles, and automation workflows can combine to generate optimized showroom layouts and styling concepts at scale, reducing manual effort while improving customer experience.","https://technesummit.com/storage/events/2/speakers/01KWVV889PAEN4TG3BDBQ3XPT0_1783345979_thumbnail.webp","https://technesummit.com/storage/events/2/speakers/01M0Z3NXMF60HGHKSD2XJAN2FK_1787750446_company_logo.png","","https://technesummit.com/2026/speakers?page=2","https://technesummit.com/2026/speakers?page=2#speakerCardModal01KWVV8EB8KTVN98884RE31D9X","2026-10-04"
"01KZK0T3X6YQCV4GNN73KA73FB","Dalia Ibrahim","Founder & CEO","EdVentures","","Dalia Ibrahim is the Founder and CEO of EdVentures, MENA's first corporate venture capital specializing in EdTech, and a leading entrepreneur, angel investor, and ecosystem builder. With over 30 years of experience, she has supported more than 108 startups and is a recognized voice on education innovation, digital transformation, and the future of learning across the Middle East and Africa.","https://technesummit.com/storage/events/2/speakers/01M058KFEA30PGKS1ZXNBE9W5W_1786883194_thumbnail.webp","https://technesummit.com/storage/events/2/speakers/01M058KG0BG17HH2NXE0VE6KPP_1786883194_company_logo.png","","https://technesummit.com/2026/speakers?page=2","https://technesummit.com/2026/speakers?page=2#speakerCardModal01KZK0T3X6YQCV4GNN73KA73FB","2026-10-04"
"01KWS9SPRFH2EJJV5Q9ZF7S0Q9","Mohamed Ismail","Lead product design","homzmart","","Mohamed Ismail is a Lead Product Designer at Homzmart, one of Egypt's leading furniture and home e-commerce platforms, where he crafts user experiences tailored to the MENA market. With a focus on Arabic-first, conversion-driven design, he bridges product strategy and hands-on UI/UX across e-commerce and branding work. He's especially interested in how emerging tech — AI design tools, 3D web, and generative media — is reshaping the future of product design.","https://technesummit.com/storage/events/2/speakers/01KWS9SP8T016SB61RKWHBN4MJ_1783260567_thumbnail.webp","https://technesummit.com/storage/events/2/speakers/01M0Z36DC7ZK838V2BTZK3SZJY_1787749938_company_logo.png","","https://technesummit.com/2026/speakers?page=2","https://technesummit.com/2026/speakers?page=2#speakerCardModal01KWS9SPRFH2EJJV5Q9ZF7S0Q9","2026-10-04"
"01KZ0RMVJX87J0NA59X39EZEBN","Emma Greiche","Senior Learning Designer and Innovation Manager at Aspire Training Solutions","Aspire Community Transformation","Egypt","Emma Greiche is a Senior Learning Designer and Innovation Manager at Aspire Community Transformation with over nine years of experience designing learning experiences for youth, adults, facilitators, NGOs, and corporate teams. She has designed programs across leadership and life skills, community development, sustainable development, safeguarding, gender-based violence prevention, capacity building, and inclusive learning design. Alongside her professional practice, Emma is currently pursuing a Master's in Education and Social Justice, continually deepening the connection between research and practice in the learning experiences she designs. Specializing in non-formal education and experiential learning, Emma designs learner-centered experiences that combine learning theory with the tools of non-formal education, including games, storytelling, activities, sports, and interactive facilitation, to create engaging learning experiences that inspire reflection, skill development, and meaningful action. She has developed curricula and training materials for organizations including UNICEF, UNFPA, Plan International, Save the Children, and local and international NGOs. Emma's approach is also shaped by her experience as a Scout Leader, published children's book author, and illustrator, where leadership development, storytelling, creativity, and character building continue to influence how she designs meaningful learning experiences.","https://technesummit.com/storage/events/2/speakers/01KZ0RMV4S3ZDVYP9GJHR9GWQM_1785658502_thumbnail.webp","https://technesummit.com/storage/events/2/speakers/01KZ0RMVJS6GAVHSNQ49KYTW54_1785658502_company_logo.png","","https://technesummit.com/2026/speakers?page=2","https://technesummit.com/2026/speakers?page=2#speakerCardModal01KZ0RMVJX87J0NA59X39EZEBN","2026-10-04"
"01KZK0T44G56V365SEN649D06X","Tarek El Kady","Founder and Chairman","Techne","","","https://technesummit.com/storage/events/2/speakers/01M0593EJ03VRTEW37EKMR4AVA_1786883717_thumbnail.webp","https://technesummit.com/storage/events/2/speakers/01M1ZZ57Z2JZXFFBBV6G9RE6ZP_1788853002_company_logo.jpeg","","https://technesummit.com/2026/speakers?page=2","https://technesummit.com/2026/speakers?page=2#speakerCardModal01KZK0T44G56V365SEN649D06X","2026-10-04"
"01KZK3QFKRPE9GT65WP62MS23W","Fidel Kaldas","Co-Founder & CTO","Determinds Solutions","Egypt","Fidel Kaldas co-founded Determinds Solutions and runs engineering there, leading architecture and delivery across fintech, banking, healthcare, and enterprise software. He has built systems processing over 2 billion EGP in transactions and still writes and reviews code across web, mobile, and infrastructure.","https://technesummit.com/storage/events/2/speakers/01KZK3QERX6K3EBPBZ4XJ3JME6_1786274102_thumbnail.webp","https://technesummit.com/storage/events/2/speakers/01KZK3QFG9CZV4AEEH6JGRRD1T_1786274102_company_logo.png","","https://technesummit.com/2026/speakers?page=2","https://technesummit.com/2026/speakers?page=2#speakerCardModal01KZK3QFKRPE9GT65WP62MS23W","2026-10-04"
"01KZ0T2WBCXTP0ACGW5ND1BTAW","Ahmed Ali","Senior Data & Analytics Engineer @ Henkel","Henkel","Egypt","My Name Is Ahmed Ali , CURRENTLY I’m holding a position senior data Analyst @ henkel , instructor @ Eslsca University, Ex:Workforce Manager At Genpact - Snapchat & Ex: lead at Halan, serve as a Tech Leader @ eraa soft. Furthermore, I hold the position of Senior Data Analyst at Coach Sama Fit, a company specializing in online coaching services. Also I’m the Senior data analysis At Fame Saudian brand With a solid background spanning Seven years in the data Analysis - Science industry, i have train I have had the privilege of contributing to various projects about 50 freelance project and witnessing the transformative power of data science in improving performance and decision-making.","https://technesummit.com/storage/events/2/speakers/01KZ0T2TAXQ36APK36ZN933MSZ_1785660008_thumbnail.webp","","","https://technesummit.com/2026/speakers?page=2","https://technesummit.com/2026/speakers?page=2#speakerCardModal01KZ0T2WBCXTP0ACGW5ND1BTAW","2026-10-04"
"01K94T3HJ4G29VYAZYK9344F1F","Youssef Kamal","Director of Data","People Of Data","Egypt","","https://technesummit.com/storage/events/2/speakers/1762171930_01K94T3HJ4G29VYAZYK9344F1H_thumbnail.webp","https://technesummit.com/storage/events/1/speakers/01K2M465X01Z1KFEASBXJYMNHH_1755169626_company_logo.png","","https://technesummit.com/2026/speakers?page=2","https://technesummit.com/2026/speakers?page=2#speakerCardModal01K94T3HJ4G29VYAZYK9344F1F","2026-10-04"
"01KXZD2TBW5F5JE639MNPNAN7C","Yasmine Abdel Karim","Chief Strategy Officer","Yassir","Egypt","Yasmine AbdelKarim is a trailblazing entrepreneur, Harvard Kennedy School graduate, and Founder of YFS, one of North Africa’s breakthrough on-demand logistics technology platforms. Known for transforming bold ideas into scalable ventures, Yasmine has become one of the region’s most influential voices in technology, innovation, and women’s leadership.Yasmine founded YFS with a clear mission: revolutionize last-mile logistics in Egypt through technology, operational excellence, and trust. Under her leadership, YFS quickly grew into a benchmark for reliability in the region, earning partnerships with major brands and attracting regional media attention for its economic impact and women-led governance. Her work has been featured in many global Tech publications, TechCrunch, Entrepreneur Europe (15 European leaders), AlMal, Zawya, and multiple editions of Forbes Middle East.Her outstanding achievements have earned her some of the region’s most prestigious recognitions & awards, including being named one of Forbes Middle East’s Top 3 Tech Entrepreneur Women (2022). She was also selected as a UNCTAD Global eTrade for Women Advocate a role given to exceptional female founders driving digital transformation in emerging economies. In addition, Yasmine serves as the World Bank MENA Representative for Women in Tech, amplifying the role of women in the digital economy across the Middle East and North Africa. She has also been honored with the EY MENA Women Entrepreneur Award, recognizing her as one of the region’s most impactful innovators.A graduate of the Harvard Kennedy School, Yasmine blends public-policy insight with entrepreneurial execution. She has been invited to speak globally on innovation, economic inclusion, and the future of tech in emerging markets, consistently championing scalable solutions that create real-world impact.Today, Yasmine is embarking on another transformative venture with Yassir: launching a cutting-edge Finetech platform & SuperApp for North Africa, France, & Senegal. This new initiative aims to solve one of the region’s most persistent challenges, fragmented financial access, by building a seamless, secure, and inclusive payments ecosystem for both businesses and consumers. Her move into fintech marks the next chapter of her mission to modernize and empower the region’s digital economy.With a career defined by vision, courage, and an unwavering commitment to unlocking opportunity, Yasmine AbdelKarim stands at the forefront of North Africa’s innovation landscape, shaping its logistics, digital financial systems, and the future of entrepreneurial leadership.","https://technesummit.com/storage/events/2/speakers/01KXZD2S68AA2PQXA422DYFJ3S_1784539079_thumbnail.webp","https://technesummit.com/storage/events/2/speakers/01KXZD2T9TEV3M3ZV51CX85Y6A_1784539081_company_logo.png","","https://technesummit.com/2026/speakers?page=2","https://technesummit.com/2026/speakers?page=2#speakerCardModal01KXZD2TBW5F5JE639MNPNAN7C","2026-10-04"
"01K94T3M4RW4VJQ899MDF0HMJB","Ahmed Fawzy","CEO","AN Games Studio","Egypt","Software Engineer / Founder @ AN Games Studio / Unreal Authorized Instructor partner for epic games Mainly i work as game play developer and worked with multiple game engines in past years i.e. unreal, unity , construct, most of my experience is in implementing small to medium scale projects , Founded the AN Games Studio Community Club of game developers","https://technesummit.com/storage/events/2/speakers/1762171932_01K94T3M4T6PA6RZ2460YAAF0B_thumbnail.webp","https://technesummit.com/storage/events/1/speakers/01K4SW7Y9XZ0K8EBTXV96PH6R1_1757510105_company_logo.png","","https://technesummit.com/2026/speakers?page=2","https://technesummit.com/2026/speakers?page=2#speakerCardModal01K94T3M4RW4VJQ899MDF0HMJB","2026-10-04"
"01KXNA70TNFRZ3RERJ78P22S5G","Nabil Khalifa","CEO/Co-Founder","Meska Ai","Egypt","Nabil Khalifa Co-Founder & CEO, Meska AI Nabil Khalifa is a serial entrepreneur on a mission to make AI adoption practical and measurable across MENA and beyond. As Co-Founder and CEO of Meska AI, he leads a fast-scaling company spanning AI education, corporate training, and transformation consulting — helping organizations move past the hype to real execution. His entrepreneurial foundation runs deep: he co-founded Sigma Fit, a tech-powered wearables company serving 400,000+ users, and Hive Analytics, a performance-marketing and AI services firm supporting 200+ clients. That track record in scaling ventures now drives his vision for Meska AI as a leading force in the region's AI transformation.","https://technesummit.com/storage/events/2/speakers/01KXNA70D8AMVCV6ZVATFAKKT3_1784200528_thumbnail.webp","https://technesummit.com/storage/events/2/speakers/01M114VJ3FQS42Z6FFRCZ5Y5MA_1787818788_company_logo.png","","https://technesummit.com/2026/speakers?page=2","https://technesummit.com/2026/speakers?page=2#speakerCardModal01KXNA70TNFRZ3RERJ78P22S5G","2026-10-04"
"01KXZBTHQ2V8FH5R1E7B6SDJAG","Omar Khalifa","Founder of Shaghalni","Shaghalni","Egypt","Omar Khalifa graduated from the American University in Cairo with a Bachelor of Arts in Political Science / International Relations. After his graduation, Omar followed his dream to launch his own media company in which he called Omedia in 2009. Specialized in publishing services, Omedia had a very successful publishing portfolio that generated $150,000 in sales revenue in its first year. Following the January 2011 revolution, he faced a turning point in his company and was in debt for 3 consecutive years from 2011-2014. Egypt struggled with its stalling economy and Omedia lost its entire publishing portfolio. In an effort to get the company back up to pursue his dream, Omar rebuilt Omedia from scratch with an aim to diversify the company’s revenues; he expanded the company’s activities by managing the outdoor advertising sales of Tarek Nour Communications, and focused on thermal paper advertising to be the first company to use banks’ queuing tickets for advertising purposes - Omedia signed an exclusive agreement with the Commercial International Bank to use its tickets for advertising purposes. Late 2015, Omar launched Shaghalni, which was an idea he had back then while he was still studying. Inspired by the employment fairs that granted the best jobs to graduates at different universities, he wanted to create an online platform that serves all Egyptians, and the name was Shaghalni. Once the website was in beta version with only 500 users, he had a 5-minute meeting to pitch to Egyptian billionaire Eng. Naguib Sawiris the idea, which resulted in his decision to invest in the company to fight unemployment. Since Shaghalni’s launch in 2016, it has approximately 5000 registered companies and a database of over 1.7 million jobseekers. After several years of trial and error with the digital model, Omar decided to go brick and mortar with Shaghalni by building the first hiring center in Egypt, and he chose Sohag as a starting point to combat one of the highest unemployment rates in Egypt, where jobseekers get interviewed instantly and gain access to training programs and financial solutions. After the initial success of the first hiring center, Omar had the opportunity to pitch the idea in Shark Tank and managed to land investment from all five sharks, which led to establishing a central hiring center serving Greater Cairo. To date, Shaghalni contributed in employing approximately 10,000 jobseekers in decent jobs across Egypt. Omar is also a professional angler with 12 IGFA World Records and represented Egypt in several Big Game World Championships.","https://technesummit.com/storage/events/2/speakers/01KXZBTHAHZKT16DW64CCNBGHM_1784537761_thumbnail.webp","https://technesummit.com/storage/events/2/speakers/01KXZBTHQ0FGTXN4TDV5VAV1H8_1784537761_company_logo.png","","https://technesummit.com/2026/speakers?page=2","https://technesummit.com/2026/speakers?page=2#speakerCardModal01KXZBTHQ2V8FH5R1E7B6SDJAG","2026-10-04"
"01KZK0T54JQ0D9YH4JZN7BFCYQ","Wael Khalil","CCO","NOX Holding","","The Chief Commercial Officer for NOX Holding group It’s a multi sector company for business services With more than 20 years of experience in business development, sales, marketing, and growth. Build teams and businesses Retail, Distribution, B2B Products and services","https://technesummit.com/storage/events/2/speakers/01M1GSSB673VMSPM8D5Q1QQBWG_1788344052_thumbnail.webp","https://technesummit.com/storage/events/2/speakers/01KZV5N6SRKS2XWBJCT0CK2BRZ_1786544560_company_logo.png","","https://technesummit.com/2026/speakers?page=2","https://technesummit.com/2026/speakers?page=2#speakerCardModal01KZK0T54JQ0D9YH4JZN7BFCYQ","2026-10-04"
"01K94T3HJXFPT4FJ61Q6YWRAD1","Mohamed Khedr","Consultant","خضر وبزنس","Egypt","Dr. Khedr is a management and entrepreneurship consultant and a bestselling author with over 30 years of experience in founding, managing, investing in, and partnering with businesses. His expertise is built on decades of practical business leadership, complemented by a Doctorate in Business Administration (DBA), enabling him to bridge academic insight with real-world entrepreneurial experience.","https://technesummit.com/storage/events/2/speakers/1762171930_01K94T3HNN5G7ADNPP77JK43MC_thumbnail.webp","https://technesummit.com/storage/events/1/speakers/01K0VB8XF0EC17R0X0W8DAJP1D_1753264453_company_logo.png","","https://technesummit.com/2026/speakers?page=2","https://technesummit.com/2026/speakers?page=2#speakerCardModal01K94T3HJXFPT4FJ61Q6YWRAD1","2026-10-04"
"01KZK0T5DYX0689PYFNYB4PVRE","Dr. Andrey Kostyuk","General Partner, CEO","AAlchemy Ventures","","With 30+ years of experience in fintech, AIF management, entrepreneurship, angel investing, and mentoring, I established AAlchemy Ventures, a business angel network - member of EBAN, EIC Service Provider, facilitator of Growth Lab soft-landing scaleup program and AngelPath business angels' school. I lead Founder Institute Cyprus Core Accelerator which helps startups launch and scale in Europe and North America, as well as Cyprus chapters of VNTR and Expert Dojo. I embarked on my business and academic journeys back in 1990, as I balanced university studies with entrepreneurial ventures. After graduating as MSc in Accounting and Audit in 1996, in 1998 I pursued Ph.D. in Taxation and Fiscal Policies and defended my thesis in 2001. In the same 1998 I co-founded a ""neobank"". This journey spanned two attempts and 15 years, culminating in the successful exit in 2013. In 2014, with more flexibility in my schedule, I joined Global Executive MBA (GEMBA 7) program, facilitated by Georgetown University and ESADE Business School, where I was introduced to angel investing – a moment that sparked a lasting passion. Since then, I have been investing in startups directly and in syndicates. My ongoing work with startup founders naturally led to the next chapter of my academic journey. In November of 2021, I enrolled in Doctor of Business Administration (DBA) program at Grenoble School of Management, and successfully defended my thesis on the impact of mentoring startup founders on their ventures' progress in April of 2025. In parallel, I started teaching entrepreneurship at bachelor and master levels at Harbour.Space (2020-2022), Grenoble School of Management (2025-2026), Universitat Pompeu Fabra (2026), and ESADE Business School (2026). In 2026 I was recognised as AdvanceHE Fellow. I am IMA-endorsed consultant and speaker and EMCC- and AC-credentialed mentor and coach, Myers-Briggs Type Indicator (MBTI) certified professional, and holder of multiple diplomas and certifications in negotiations, service design, and appraising. I have been serving as an expert for Research Executive Agency of the European Commission (2017-2022), as a mentor for EIC Women Leadership Program, Cassini, EU-LAC, and as a member of Endowment Board of Big Change, a charitable foundation supporting underprivileged youth (2008-2025).","https://technesummit.com/storage/events/2/speakers/01M07B28FGBD70NK488AY444ZA_1786952884_thumbnail.webp","https://technesummit.com/storage/events/2/speakers/01M07B28T2C5EGKGQ3ZS75HAE7_1786952885_company_logo.png","","https://technesummit.com/2026/speakers?page=2","https://technesummit.com/2026/speakers?page=2#speakerCardModal01KZK0T5DYX0689PYFNYB4PVRE","2026-10-04"
"01K94T3HTEYAP07DB2CZCWBEM5","Karim Alhaywan","Managing Partner","Design Point Interiors","","Karim El Hayawan, an interior architect and photographer who utilizes his wanderings throughout Cairo to capture those that genuinely embody the best of what the city has to offer. He worked in Dar El Handasah, the well-known consulting firm, after his graduation. He finds the study of the city's multi-layered cultural surface—which includes both abandoned architectural wonders and the well-known ones—to be very intriguing.","https://technesummit.com/storage/events/2/speakers/1762171930_01K94T3HTFF2JACGGJYGRGMAAF_thumbnail.webp","https://technesummit.com/storage/events/1/speakers/01K0P8W84CJHFMKGJ31S7SMG2F_1753094168_company_logo.png","","https://technesummit.com/2026/speakers?page=2","https://technesummit.com/2026/speakers?page=2#speakerCardModal01K94T3HTEYAP07DB2CZCWBEM5","2026-10-04"
"01K94T3H2PR24MXA7VP3ZGD25Y","Ebrahim Anwar","CEO","I Can Coach You","Egypt","Ebrahim Anwar is a serial entrepreneur, angel investor, and startup mentor with over 15 years of experience building, scaling, and investing in technology businesses. He is currently the Founder and CEO of ICCY, an AI-powered operating platform serving more than 7,000 experts across 40 countries. Previously, as CEO of Sabika, he helped scale the platform to over 110,000 users and generate more than EGP 5 billion in transaction volume. Ebrahim has built many startups, raised investment from regional and international investors, and successfully exited Elmawkaa through an acquisition in Saudi Arabia. He has also mentored more than 100 startups and taught over 50,000 entrepreneurs.","https://technesummit.com/storage/events/2/speakers/01KZ0Y4ZZ21AKFDRSZK2H6H9RE_1785664274_thumbnail.webp","https://technesummit.com/storage/events/1/speakers/01K4PVR6H3FVRKYE57Q4DSAJX4_1757408926_company_logo.png","","https://technesummit.com/2026/speakers?page=2","https://technesummit.com/2026/speakers?page=2#speakerCardModal01K94T3H2PR24MXA7VP3ZGD25Y","2026-10-04"
"01KWCD0BP13CBNDYHY8M7YGY5H","Fabio Lorenzon","Founder & CEO // Managing Partner","SolutioAI // Lorenzon Srl","Italy","Fabio Lorenzon is the Managing Partner of Lorenzon Srl, an industrial manufacturing company with a long-standing legacy, and the Founder & CEO of SolutioAI, a fast-growing startup in the field of artificial intelligence. At just 29, Fabio bridges two very different worlds: traditional industry and cutting-edge technology. After unexpectedly taking over the family business, he led Lorenzon through a phase of modernization, global expansion, and operational transformation, opening a U.S. branch, a Saudi branch and redefining the company’s strategy in international markets. Driven by a passion for innovation and a belief in the power of data, he launched SolutioAI to help companies make smarter, faster decisions through AI-powered tools and platforms. Fabio is especially focused on making AI accessible for businesses that are not inherently tech-based, bridging the gap between vision and execution. He holds a master’s degree in industrial management engineering from Politecnico di Milano and has previous experience at Amazon, where he learned operational discipline and data-driven leadership. Fabio often speaks about entrepreneurship, leadership at a young age, and the human-centered use of artificial intelligence. He believes that being young is not a limitation, but a strength, especially when building companies that challenge the status quo.","https://technesummit.com/storage/events/2/speakers/01KWCD0B7GEH6DJ1EVF6F4RBRE_1782827724_thumbnail.webp","https://technesummit.com/storage/events/2/speakers/01M114QXKDB55F22TGXEH7589Q_1787818669_company_logo.png","","https://technesummit.com/2026/speakers?page=2","https://technesummit.com/2026/speakers?page=2#speakerCardModal01KWCD0BP13CBNDYHY8M7YGY5H","2026-10-04"
"01KWVXFD4YBFF03WT7DA0GYER0","Osman Badran","Co-Founder & Managing director","Ads From Earth","Egypt","A brand architect and a seasoned marketing expert with over 25 years of experience in building businesses, brands and people.","https://technesummit.com/storage/events/2/speakers/01KWVXEQA16XD670XCPA04CJYZ_1783348288_thumbnail.webp","https://technesummit.com/storage/events/2/speakers/01M3SRQ4XC0JQ93HQYKNT7FJMH_1790792405_company_logo.jpeg","","https://technesummit.com/2026/speakers?page=2","https://technesummit.com/2026/speakers?page=2#speakerCardModal01KWVXFD4YBFF03WT7DA0GYER0","2026-10-04"
"01KZ0YGQ2TRK1HSDFN6744C120","Mohamed Magdi","Vice President at Beltone Venture Capital & Private Equity","Beltone","Egypt","","https://technesummit.com/storage/events/2/speakers/01KZ0YGPR92CCJG9QGPSMT0PVZ_1785664658_thumbnail.webp","https://technesummit.com/storage/events/2/speakers/01KZ0YGQ2RADJ1P23891D8K9Z6_1785664658_company_logo.png","","https://technesummit.com/2026/speakers?page=2","https://technesummit.com/2026/speakers?page=2#speakerCardModal01KZ0YGQ2TRK1HSDFN6744C120","2026-10-04"
"01KZK0T6E9XFJQBF1RAMA7KW1S","Ahmed Magdy","CCO Gidea","Gidea","","With over a decade of experience in the payments and fintech industry, Ahmed Magdy, specialized in business development, strategy, and operations. Started Geidea foundation in Egypt since 2020, and currently serving as the Chief Commercial Officer at Geidea since July 2025, he is committed to advancing the company's vision to empower partners and merchants with tailored payment solutions. with a strong background includes driving strategic initiatives and fostering partnerships across banking, acquiring businesses, telecom operators, and regulatory bodies, Schemes and strategic partners. As a co-founder of Geidea's expansion in Egypt, he supported the establishment of Geidea acquiring business in Egypt with all regulatory and stakeholders, enabling growth in digital payments and financial technology services.","https://technesummit.com/storage/events/2/speakers/01M07BK2TV3P71R85VAXAVYFQ7_1786953435_thumbnail.webp","https://technesummit.com/storage/events/2/speakers/01M116NE4PTNNE779BAN5R4RHE_1787820685_company_logo.png","","https://technesummit.com/2026/speakers?page=2","https://technesummit.com/2026/speakers?page=2#speakerCardModal01KZK0T6E9XFJQBF1RAMA7KW1S","2026-10-04"
"01K94T3H5F7JAXYZCQ5SW0NCH1","Amr El-Abassy","General Manager","Edventures","Egypt","Amr El-Abassy is an accomplished investment and finance executive with over 20 years of experience across venture capital, SME finance, and impact investment. He currently serves as General Manager of EdVentures, a leading Corporate Venture Capital fund focused on early-stage EdTech startups in Egypt and the MENA region. Throughout his career, Amr has led end-to-end investment processes, designed acceleration programs, and built strategic partnerships with governments, development institutions, and corporates. Previously, he held senior roles at DAI/USAID Business Egypt, SEAF Impact Invesment Fund – Washington DC, and MSMEDA (Micro, Small, and Medium Enterprise Development Agency) where he helped shape Egypt’s Venture and SME finance ecosystem. Amr holds an MBA in Banking & Finance and is a graduate of the Venture Capital Executive Program at UC Berkeley. He also holds multiple certifications in Private Equity, Climate Finance, and Business Model Innovation. He brings deep expertise in fund governance, financial inclusion, and innovative financing instruments tailored for emerging markets.","https://technesummit.com/storage/events/2/speakers/01M1GQV4QFGJKNEYJ4ZY2SVP3D_1788342014_thumbnail.webp","https://technesummit.com/storage/events/2/speakers/01M1GQV52NNPMM0SDXHYY05EMZ_1788342015_company_logo.png","","https://technesummit.com/2026/speakers?page=2","https://technesummit.com/2026/speakers?page=2#speakerCardModal01K94T3H5F7JAXYZCQ5SW0NCH1","2026-10-04"
"01KZ959JJAV0V8XQA2AJYDH1MC","Mohammed Shalaby","Co- Founder","Mrkoon","Egypt","Master of Industrial Engineering; co-founder of MrKoon, transforming over 10,000 tons of Saudi and Egyptian scrap into value and creating the first end-to-end scrap management platform for the industrial and construction sectors.","https://technesummit.com/storage/events/2/speakers/01KZ959J7HMMMYNRGZKNHGZPDB_1785940199_thumbnail.webp","https://technesummit.com/storage/events/2/speakers/01KZ959JJ7PN0YP7DWSZTBHEPJ_1785940200_company_logo.png","","https://technesummit.com/2026/speakers?page=2","https://technesummit.com/2026/speakers?page=2#speakerCardModal01KZ959JJAV0V8XQA2AJYDH1MC","2026-10-04"
"01KZK0T74PJFKY96Q8HWDHGKH3","Youssef El Araby","Senior Head of Product Design Centre – PhotonX R&D","PhotonX","","Youssef Mamdouh El Araby Senior Head of Product Design Centre – PHOTON X R&D B.Sc. in Applied Sciences and Arts, German University in Cairo With over 12 years of experience in Industrial Design, I specialize in creating user-centric products that align with brand identity, market trends, and project constraints including budget and cost targets. I currently lead the Product Design Centre at PHOTON X, overseeing: 1. Strategic Design 2. Industrial Design 3. Packaging Design 4. Prototyping My work integrates market and consumer research, data analysis, conceptual development, mockup creation, design validation, and end-to-end processes including design for manufacturing, assembly, maintenance, logistics, prototyping, and verification testing, up to mass production. I also serve as a guest lecturer at universities and a jury member in various design competitions.","https://technesummit.com/storage/events/2/speakers/01M05AZAFV6TGVQRE878XNTCKX_1786885679_thumbnail.webp","https://technesummit.com/storage/events/2/speakers/01M0Z5ZFN1GDXTQDK7AA2M3391_1787752857_company_logo.png","","https://technesummit.com/2026/speakers?page=2","https://technesummit.com/2026/speakers?page=2#speakerCardModal01KZK0T74PJFKY96Q8HWDHGKH3","2026-10-04"
"01KXN92AKAPHH794M64AEAX3JT","Hassan Mansi","Chief Operating Officer","E3 Ventures","Egypt","Hassan Mansi is an entrepreneur and operations executive with more than 20 years of experience building consulting firms, venture programs, and startup-support platforms across the MENA region. With an engineering and business background, he has led organizational development, restructuring, and operational excellence engagements using Lean Six Sigma for financial institutions and companies across multiple sectors and markets. He previously chaired the Youth Committee at the Alexandria Business Association, where he supported young entrepreneurs through training and ecosystem initiatives. He also collaborated with international development programs, including USAID-supported initiatives, to strengthen entrepreneurship in Alexandria and improve local startups’ access to finance. Hassan earned his Master of Science in Technology Commercialization from the McCombs School of Business at The University of Texas at Austin and holds a Bachelor of Science in Industrial Engineering and Management from the Arab Academy for Science, Technology and Maritime Transport. Throughout his career, he has designed and delivered acceleration and ecosystem-development programs in partnership with leading international institutions and private-sector organizations. These programs engaged more than 12,000 participants across 81 events in 14 cities, achieved an online reach exceeding 27 million users, received approximately 6,000 applications, and accelerated more than 200 startups. They also delivered over 3,400 hours of training, coaching, and mentorship, awarded 18 grants valued at approximately USD 440,000, and supported participating startups in securing around USD 40 million in follow-on funding while generating more than USD 32 million in revenues.","https://technesummit.com/storage/events/2/speakers/01KXN92A6HY34VR0BS7S4JEAM0_1784199325_thumbnail.webp","https://technesummit.com/storage/events/2/speakers/01M114YV111DSEM88SX2QF56FS_1787818896_company_logo.jpeg","","https://technesummit.com/2026/speakers?page=2","https://technesummit.com/2026/speakers?page=2#speakerCardModal01KXN92AKAPHH794M64AEAX3JT","2026-10-04"
"01KZK0T7R0SF36Q7RDEJDF5WEY","Karim Mansour","Product Lead, Dubizzle","Dubizzle","","Currently serving as Product Lead at Dubizzle Group, bringing over eight years of experience in product management across diverse sectors. Adept at leveraging expertise in user experience (UX), problem-solving, and strategic planning to contribute to impactful product development and innovation. Passionate about enhancing digital experiences through collaborative approaches, aligning product strategies with business goals, and fostering cross-functional teamwork. Dedicated to driving user-centric solutions that deliver value and support organizational growth.","https://technesummit.com/storage/events/2/speakers/01M05B5WFH90JT710N44K1A4TJ_1786885894_thumbnail.webp","https://technesummit.com/storage/events/2/speakers/01M05B5WWXXZJ0FTAK36PGX0MN_1786885895_company_logo.png","","https://technesummit.com/2026/speakers?page=2","https://technesummit.com/2026/speakers?page=2#speakerCardModal01KZK0T7R0SF36Q7RDEJDF5WEY","2026-10-04"
"01KXNC4CQJN1J1K6ZSBGXV3WZP","Omar Marzouk","CEO","Pureganic","","Omar Marzouk is the founder of Better Life and the Egyptian sports nutrition brand Pureganic. He began his professional journey as an engineer in the heavy industries sector before turning his passion for entrepreneurship and marketing into a growing business in the sports nutrition market. Omar has hands-on experience in product development, brand building, operations management, marketing, and sales across both B2B and B2C channels. He is also pursuing an MBA with a specialization in Marketing and is passionate about sharing his experience in building businesses, overcoming market challenges, and transforming ideas into real, scalable brands.","https://technesummit.com/storage/events/2/speakers/01KXNC4CAP7QYS1KD919BH01PH_1784202539_thumbnail.webp","https://technesummit.com/storage/events/2/speakers/01M0Z66QA7HE5ZYNRS2EQR8MHA_1787753094_company_logo.png","","https://technesummit.com/2026/speakers?page=3","https://technesummit.com/2026/speakers?page=3#speakerCardModal01KXNC4CQJN1J1K6ZSBGXV3WZP","2026-10-04"
"01KZ0R7JJNZK40P3RGAKP81779","Salma Medhat","Co-Founder","Hiryo","Egypt","Co-founder of Hiryo, a global award-winning family safety ecosystem and #1 Safety Tech company in Egypt, offering Hiryo Safety App, Fly Personal Alarm, and Salamty Self-Defense Workshops.","https://technesummit.com/storage/events/2/speakers/01KZ0R7J5HJETTNYDCS83ETDWE_1785658067_thumbnail.webp","https://technesummit.com/storage/events/2/speakers/01KZ0R7JJJ1Z64Y3V5PMDY3JMY_1785658067_company_logo.png","","https://technesummit.com/2026/speakers?page=3","https://technesummit.com/2026/speakers?page=3#speakerCardModal01KZ0R7JJNZK40P3RGAKP81779","2026-10-04"
"01KZK0T8JVZ4ZB9J2J92P3S0DE","Fathi Mohamed","Commercial Director at eyouth","eyouth","","Business developer with over 7 years of diverse industry experience, specializing in driving business growth and achieving ambitious goals. His expertise lies in B2B sales, partnerships, market development, and growth strategies. Currently, he's leading eyouth's commercial arm, where he actively contributes to its success. Fathi began his career in sales in 2016, starting as a first-line retailer and sales promoter. He then transitioned to the role of B2B sales manager in the telecommunications industry. After that, he moved into growth marketing management in consumer services before finally embarking on his journey in business development.","https://technesummit.com/storage/events/2/speakers/01M05BEB7KSDT4CRETWT299E58_1786886171_thumbnail.webp","https://technesummit.com/storage/events/2/speakers/01M05BEBKTGFMBN4RWACRCZ6S3_1786886172_company_logo.png","","https://technesummit.com/2026/speakers?page=3","https://technesummit.com/2026/speakers?page=3#speakerCardModal01KZK0T8JVZ4ZB9J2J92P3S0DE","2026-10-04"
"01KWEMFZ96SCFXDJSZJTEHTRZ6","Hisham Mohamed","Egypt Chief Information Security Officer","AWB Egypt","Egypt","Short BIO :Hisham Mohamed Aly – Chief Information Security Officer - More than 15 years of experience in cyber security - ITU Cyber Security Expert (UN Organization)- Formally named to the IFSEC Global “Top Security Influencers for 2020”- Member in Blockchain Committee – Central Bank of Egypt (CBE)- Public Speaker - Blockchain expert - Fintech expert - IoT expert Awarded: - CISO of The Year - Arab Security Conference 2018 , 2020- CISO Of The Year - IDC 2019 , 2020- CISO RISING Star - Arab Security Conference 2019- Covid-19, Superstar Global CISO Award 2020- Covid-19 Superhero CISO Award – MEA Region (Enterprise IT)- Deliver Cyber Security Trainings in different occasions and events.","https://technesummit.com/storage/events/2/speakers/01KWEMFYWT608NSBJ1A20ENRNG_1782902684_thumbnail.webp","https://technesummit.com/storage/events/2/speakers/01KWEMFZ872K1D7CSJ6Y6T82Y3_1782902684_company_logo.png","","https://technesummit.com/2026/speakers?page=3","https://technesummit.com/2026/speakers?page=3#speakerCardModal01KWEMFZ96SCFXDJSZJTEHTRZ6","2026-10-04"
"01K94T3HSHYDT7MJMQHVV3HEY8","Ahmed Mokhtar","Innovation Consultant","SODIC","Egypt","Ahmed Mokhtar is an Innovation Consultant specializing in startup–corporate collaborations, product development, and commercialization through venture clienting. He manages the innovation department at SODIC, overseeing company-wide hackathons and partnerships with startups, accelerators, and VCs. He also consults independently, conducting innovation trainings and mentoring startups across EMEA.","https://technesummit.com/storage/events/2/speakers/1762171930_01K94T3HSJHX0MS61XY915K78Q_thumbnail.webp","https://technesummit.com/storage/events/2/speakers/01M0FQESGK9P6YYP1NG5JB0TRZ_1787234313_company_logo.jpg","","https://technesummit.com/2026/speakers?page=3","https://technesummit.com/2026/speakers?page=3#speakerCardModal01K94T3HSHYDT7MJMQHVV3HEY8","2026-10-04"
"01KXNB1F6FZ6D2Z9AGRT86G2FR","Hussam Moro","Co-founder & Chief Creative Officer","Ads From Earth","Egypt","Highly Experienced Chief Creative Officer with a demonstrated 25 year history of working in the marketing and advertising industry, with some of most Globally profound clients such as Pepsico, Visa, GM, Mercedes, ExxonMobil, Vodafone, and Orange. Strong arts and design professional skilled in Creative Developement and communication strategy, Corporate Identity, Graphics, Integrated Marketing, and through media Advertising and communications. With extensive experience in building and leading teams and agencies performing at globally competitive levels.","https://technesummit.com/storage/events/2/speakers/01KXNB1EVMXHQFS5441N228WJ2_1784201395_thumbnail.webp","https://technesummit.com/storage/events/2/speakers/01M3SRKKQDXG74DTJ9XXGPVV82_1790792290_company_logo.jpeg","","https://technesummit.com/2026/speakers?page=3","https://technesummit.com/2026/speakers?page=3#speakerCardModal01KXNB1F6FZ6D2Z9AGRT86G2FR","2026-10-04"
"01KZK0T9WS7QJJ4P1MK17MZBN2","Cherif Morsi","Product Designer","Cherif Morsi Designer","","Cherif Morsi Born 1971, Brussels, Belgium An architect by education, Cherif’s career path is a true testament that design, whether architecture, interior, product or graphic, are interconnected always coexisting side by side within general culture to form a unique body of expression. After winning and participating in several international design awards such as Alessi’s “Life On The Move” back in 2000, Cherif has designed hundreds of products for Egyptian, as well as European companies, all translating his individual vision on design and culture further affirming his design language that has become instantly recognizable. He seamlessly incorporates his Eastern and Western heritages in a unique blend making his projects rich in their measured simplicity. Currently based in Cairo, he is one of the main protagonists of Egyptian contemporary design.","https://technesummit.com/storage/events/2/speakers/01M07AKCCYZNQRDZ935CG9W76B_1786952397_thumbnail.webp","https://technesummit.com/storage/events/2/speakers/01M07AKDJY774RHGY6CP1A6WF9_1786952398_company_logo.png","","https://technesummit.com/2026/speakers?page=3","https://technesummit.com/2026/speakers?page=3#speakerCardModal01KZK0T9WS7QJJ4P1MK17MZBN2","2026-10-04"
"01KWCE87BWNDG1QFAND66DZX45","Mohamed Mostafa","Co-founder & CTO","WideBot","","Mohamed Mostafa, Co-founder & CTO of WideBot, is an AI entrepreneur and product leader with twenty years of experience building intelligent systems that solve real-world problems. He bridges cutting-edge AI research with product execution—architecting solutions that are both technically rigorous and commercially viable, with a relentless focus on user impact.","https://technesummit.com/storage/events/2/speakers/01KWEE9PZ3MRB5HRC4W3F5HRPY_1782896188_thumbnail.webp","https://technesummit.com/storage/events/2/speakers/01M0Z6NBDA5BV8V3KG8RVGBF49_1787753573_company_logo.png","","https://technesummit.com/2026/speakers?page=3","https://technesummit.com/2026/speakers?page=3#speakerCardModal01KWCE87BWNDG1QFAND66DZX45","2026-10-04"
"01K94T3N1PKA8XTFA382C49EM5","Ahmed Rakha","CFO","VMS","Saudi Arabia","As Chief Financial Officer at VMS, a Saudi startup studio, I contribute to strategic financial planning, reporting, and compliance, leveraging over three years of leadership in managing complex financial operations. My expertise in financial accounting and project feasibility studies enables the team to make informed decisions that align with business objectives and stakeholder interests. With a Certified Internal Auditor credential earned in early 2025, I bring advanced proficiency in internal controls and risk management to support organizational growth. Collaborating with cross-functional teams, I aim to drive sustainable financial strategies that empower innovation and operational excellence within VMS and its diverse portfolio of ventures.","https://technesummit.com/storage/events/2/speakers/1762171933_01K94T3N1Q13R3T9R5NRJDM0CG_thumbnail.webp","https://technesummit.com/storage/events/1/speakers/01K5PDXTJC1148CV47NZKWC596_1758468172_company_logo.png","","https://technesummit.com/2026/speakers?page=3","https://technesummit.com/2026/speakers?page=3#speakerCardModal01K94T3N1PKA8XTFA382C49EM5","2026-10-04"
"01KYS5EMV3ERRHK22BPFRA20B0","Ahmed Moustafa","Partner - Head of Project & Development Services, Egypt & Africa","Knight Frank MENA","Egypt","I am a Partner - Head of Project & Development Services, Egypt & Africa, leading Knight Frank P&DS business in Egypt and more broadly across Africa, focusing on enhancing delivery capabilities, supporting key client mandates and building strong, locally based teams. I am a professional industry expert with over 24 years of experience across Egypt, the UAE and international markets. My expertise spans project and development management, fit-out and cost consultancy, architecture and design management, and construction delivery. I have delivered more than 350 projects for international occupiers and developers, with significant experience across hospitality, commercial and corporate real estate. I hold a degree in Architectural and Planning Engineering and I am a certified Project Management Professional (PMP). I have previously held senior positions with organizations including JLL, TMG, Abu Dhabi Islamic Bank (ADIB), Kann Finch Group and Mazaraki FBK, delivering projects across Egypt, UAE, Qatar, Morocco, KSA, Iraq and the UK.","https://technesummit.com/storage/events/2/speakers/01KYS5EMH192BK0TM3BKECF1JQ_1785403494_thumbnail.webp","https://technesummit.com/storage/events/2/speakers/01KYS5EMV0S6EFPXCMGQ1RS690_1785403495_company_logo.png","","https://technesummit.com/2026/speakers?page=3","https://technesummit.com/2026/speakers?page=3#speakerCardModal01KYS5EMV3ERRHK22BPFRA20B0","2026-10-04"
"01K94T3H2X42W9G7K0AVP2NQD4","Ahmed Assem","Founder & CEO","ICONIC Engineering Consultancy","","Architect with more than 25 years of experience, holding PME in sustainable building engineering and EDGE Expert and he is the founder of ICONIC Engineering Consultancy in 2014, blending design excellence with practical engineering and sustainable practice. Ahmed built broad experience across leading firms and consultancies, developing a deep understanding of stakeholder needs and project delivery. ICONIC was launched to express a distinctive consultancy vision characterized by strong, clean lines and comfortable modern aesthetics, with a focus on offices, retail, and public buildings. Ahmed leads multidisciplinary teams to produce innovative, technically robust solutions that shift client mindsets toward practical yet memorable design. In 2021 his leadership was highlighted when the Schneider Electric Headquarters achieved ID+C LEED v4 Gold with 70 points — an unprecedented result for an Egyptian consultant and a market milestone for sustainable workplace design. Ahmed combines rigorous project management, contract and technical review expertise, and a collaborative approach to deliver buildings that are efficient, elegant, and future-ready across the Middle East","https://technesummit.com/storage/events/2/speakers/01M053XNAAWF89D33AYQH1JVQ8_1786878285_thumbnail.webp","https://technesummit.com/storage/events/2/speakers/01M053XNWT827MBZXX73347GTP_1786878285_company_logo.png","","https://technesummit.com/2026/speakers?page=3","https://technesummit.com/2026/speakers?page=3#speakerCardModal01K94T3H2X42W9G7K0AVP2NQD4","2026-10-04"
"01K94T3H6MP3VGHW78KV57M4RV","Mohamed Shehab Eldin","CEO & Founder","RESOLVE Consulting","","Shehab Eldin brings in 23 years of experience as a renowned international speaker, Executive leadership and Public Speaking Advisor, Conflict, and Mediation and Negotiation expert, Strategy, Decision Making and Dialogue Facilitator, Social Entrepreneur and Investor. He works across the corporate, public and development sectors, as well as the startup community and academia.Shehab Eldin is the CEO and founder of RESOLVE Consulting, confounder and investor in companies in renewable energy, textile, and trade.He served as an adjunct faculty and lectured at various reputable international platforms and universities in the US, The Netherlands, Austria and Egypt. He is a former Board Member of Nahdet ElMahrousa and the Founding Curator of the Global Shapers Community- Cairo Hub.","https://avatars.sched.co/d/6d/21610186/avatar.jpg.320x320px.jpg?6ae","","","https://technesummit.com/2026/speakers?page=3","https://technesummit.com/2026/speakers?page=3#speakerCardModal01K94T3H6MP3VGHW78KV57M4RV","2026-10-04"
"01KXZEVYZ2J4DJ6RRJ14XWYM5Q","Karim Nabil","Sr. AI Engineer","FPT Software","Egypt","I build agentic systems for multi-billion organizations.","https://technesummit.com/storage/events/2/speakers/01KXZEVYKHB7KP5X1HH58Z3CV3_1784540953_thumbnail.webp","https://technesummit.com/storage/events/2/speakers/01KXZEVYYZ6Q2VHK9JV14YZMJR_1784540953_company_logo.png","","https://technesummit.com/2026/speakers?page=3","https://technesummit.com/2026/speakers?page=3#speakerCardModal01KXZEVYZ2J4DJ6RRJ14XWYM5Q","2026-10-04"
"01KZK0TBPD5EMQXBN1G6MHSS9D","Ahmed Nagy","Founder & CEO","EfhamAI","Egypt","Ahmed Nagy is a serial entrepreneur and technology founder based in Egypt, building at the intersection of AI, healthcare, and education. He is the founder of Anspire, a Cairo-based digital agency with over 13 years of experience and a team of 20+ engineers, and the founder of NixAI, a Wyoming-registered AI venture studio and MicroSaaS product studio backed by U.S. investors. His latest venture, EfhamAI.com, is an Arabic-language AI education platform launched in 2026 with over 100 lessons in Egyptian colloquial Arabic, built to reach the 400+ million Arabic speakers worldwide who are underserved by existing AI education content. Alongside his independent ventures, Ahmed serves as Chief of Innovation at his family's healthcare IT business, ESG Group, whose Hospital Information System powers over 100 hospitals across Egypt and Saudi Arabia — bringing his product and AI expertise to modernize a sector with deep, lasting impact. A computer science graduate of the British University in Egypt, Ahmed has been a founder and freelance designer since high school. He describes himself as an ""idea generator"" — someone who learns by doing, moving fast from concept to working product using no-code and low-code tools to build and validate MVPs quickly.","https://technesummit.com/storage/events/2/speakers/01KZKE5ZWEJ6JS2M7NTDNSH9P6_1786285064_thumbnail.webp","https://technesummit.com/storage/events/2/speakers/01KZKE608ZHFJ269GWJMP5K5QF_1786285064_company_logo.png","","https://technesummit.com/2026/speakers?page=3","https://technesummit.com/2026/speakers?page=3#speakerCardModal01KZK0TBPD5EMQXBN1G6MHSS9D","2026-10-04"
"01KZK0TBS9GN05D8HPQ0XY145Q","Ali Nasser","CEO, ShipBlu","ShipBlu","","Ali Nasser is the Co-Founder and CEO of ShipBlu, a technology-driven logistics company transforming last-mile delivery and fulfillment in Egypt. Before founding ShipBlu, Ali was a member of Citi's Investment Banking team in New York, advising clients on mergers, acquisitions, and capital raising. Combining a background in finance with hands-on experience building and scaling a technology company, he brings a unique perspective on entrepreneurship, operations, and growth in emerging markets. Ali is passionate about using technology to solve complex, real-world problems and building businesses that can scale sustainably.","https://technesummit.com/storage/events/2/speakers/01M07ASTBXS6QBHB34D6S9G9CA_1786952608_thumbnail.webp","https://technesummit.com/storage/events/2/speakers/01M0Z788NWCNQ4HK0CCBM6KNYN_1787754193_company_logo.jpg","","https://technesummit.com/2026/speakers?page=3","https://technesummit.com/2026/speakers?page=3#speakerCardModal01KZK0TBS9GN05D8HPQ0XY145Q","2026-10-04"
"01KZK0TBW5SDN87Z5CWG0BQTGM","Abdelrahman Negm","Director of Data Science, Money Fellows","Money Fellows","","","https://avatars.sched.co/2/4a/25772811/avatar.jpg.320x320px.jpg?293","","","https://technesummit.com/2026/speakers?page=3","https://technesummit.com/2026/speakers?page=3#speakerCardModal01KZK0TBW5SDN87Z5CWG0BQTGM","2026-10-04"
"01KYS36P0E0R7V7SE3AZB8DMW2","Mohamed Negm","CISO, Valu","Valu","Egypt","Mohamed Negm is a cybersecurity executive with over 20 years of experience spanning the financial services, telecommunications, oil and gas, education and technology industries. He currently serves as Chief Information Security Officer (CISO) at valU, Egypt's leading non-banking financial institution, and previously held senior executive roles at Orange and MDP digital payments. Throughout his career, Mohamed has built deep expertise in cyber risk management, regulatory compliance, and enterprise security governance, working across environments regulated by international standards such as ISO 27001, ISO 27701, SOC 2 Type II, and PCI. He has a strong track record of building and maturing security capabilities that strengthen organizational security posture in the face of an increasingly complex and evolving threat landscape. He is recognized for his ability to translate complex security and regulatory requirements into practical, business-aligned strategies across diverse industry contexts.","https://technesummit.com/storage/events/2/speakers/01KYS36NM3V6JHDT0Z3ZK8DE3G_1785401136_thumbnail.webp","https://technesummit.com/storage/events/2/speakers/01KYS36NZG6NBW3NPZA55K5DGS_1785401137_company_logo.png","","https://technesummit.com/2026/speakers?page=3","https://technesummit.com/2026/speakers?page=3#speakerCardModal01KYS36P0E0R7V7SE3AZB8DMW2","2026-10-04"
"01KWCDXJW3F3FEN8KH6KGPZGC8","Ahmed Raafat","AI/ML Specialist Solutions Architect Manager","AWS UK & Ireland","United Kingdom","Ahmed Raafat is Head of Data & AI Specialist Solutions Architects at AWS UK & Ireland, with over 20 years of experience in technology. He helps leading organisations harness AI, machine learning, cloud, and data to drive innovation and business transformation. A trusted advisor to C-suite leaders, Ahmed works with customers on AI strategy and adoption, helping them turn emerging technologies into practical outcomes at scale.","https://technesummit.com/storage/events/2/speakers/01KWCDXEYF141NKYAZSXHAN8Z5_1782828678_thumbnail.webp","https://technesummit.com/storage/events/2/speakers/01KWCDXHC6DV08RXZW1AZRJD1N_1782828680_company_logo.png","","https://technesummit.com/2026/speakers?page=3","https://technesummit.com/2026/speakers?page=3#speakerCardModal01KWCDXJW3F3FEN8KH6KGPZGC8","2026-10-04"
"01M39BTN04WSC4RQP969J4CNCF","Bushra Rozza","Actress","","Egypt","","https://technesummit.com/storage/events/2/speakers/01M39BTKNVZ8TTSJRFAFFSWW9G_1790242016_thumbnail.webp","","","https://technesummit.com/2026/speakers?page=3","https://technesummit.com/2026/speakers?page=3#speakerCardModal01M39BTN04WSC4RQP969J4CNCF","2026-10-04"
"01KZ0YRPQ1PXY611J6QPJBRJY5","Sherry Raef","Design Director; Founder","GGandGrace International , Designability","Egypt","Sherry is an Egyptian-Canadian Interior Designer, Design Director at GG&Grace International, and Founder of Designability, a consultancy dedicated to accessible and inclusive design. With over 20 years of international experience, she leads hospitality and mixed-use projects that combine design excellence with innovative technologies to create memorable, future-ready guest experiences. A Certified Age-in-Place Specialist and accessibility expert, Sherry is passionate about designing human-centered environments that enhance wellbeing, inclusivity, and operational efficiency. She advocates for integrating innovation, AI-driven design processes, sustainability, and universal design principles to help shape the next generation of hospitality destinations, aligning with Egypt’s vision of becoming a leading global tourism destination.","https://technesummit.com/storage/events/2/speakers/01KZ0YRP94YF4JC7ZAMXQ4GYAB_1785664919_thumbnail.webp","https://technesummit.com/storage/events/2/speakers/01M11551S5J8WD0ZQDX1C64BEW_1787819099_company_logo.jpeg","","https://technesummit.com/2026/speakers?page=3","https://technesummit.com/2026/speakers?page=3#speakerCardModal01KZ0YRPQ1PXY611J6QPJBRJY5","2026-10-04"
"01KXBAJJBK2DD6Y3XEC5XX9EB2","Mohamed Ramadan","Cloud Solution Architect","Microsoft","Egypt","Mohamed Ramadan is a Cloud Solution Architect at Microsoft with over 16 years of experience in technology, cloud computing, artificial intelligence, and digital transformation. He helps organizations across the Middle East and Africa accelerate innovation through AI, Microsoft 365 Copilot, and intelligent agents. Passionate about making AI practical and accessible, Mohamed regularly leads workshops and advisory engagements focused on helping businesses and individuals harness AI securely and responsibly to drive productivity, creativity, and growth.","https://technesummit.com/storage/events/2/speakers/01M1GTPXW9XWVR8QMANZNPE72G_1788345022_thumbnail.webp","https://technesummit.com/storage/events/2/speakers/01KXBAJJBGYJST6SCBN5AFDTX9_1783865362_company_logo.png","","https://technesummit.com/2026/speakers?page=3","https://technesummit.com/2026/speakers?page=3#speakerCardModal01KXBAJJBK2DD6Y3XEC5XX9EB2","2026-10-04"
"01KXZC3G5T5R57ARS4Y9ZV7BVZ","Youssef Al Refaey","VP, Strategic Growth Director","Meska AI","","Youssef VP & Director of Strategic Growth, Meska AI | Founder & CEO, RAFI AI Labs Youssef is the VP and Director of Growth at Meska AI, a Cairo-based applied AI education and consulting company with a community of over 2,000 members. He owns the Growth Department, leading corporate B2B training sales, client relationships, and the company's overall growth strategy. Under his leadership, Meska AI has built a corporate training pipeline spanning real estate, FMCG, fintech, and energy sectors, working with some of Egypt's largest organizations. He is also the Founder and CEO of RAFI AI Labs (formerly Rafi Technology Solutions), where he builds AI-powered solutions and automations for businesses. With more than 8 years in the software and training industry, Youssef has been active in the field since 2016. Youssef combines commercial leadership with hands-on technical work designing Enterprise-Level AI Solutions.","https://technesummit.com/storage/events/2/speakers/01KXZC3FJXH31CKX9JVHWERPXW_1784538054_thumbnail.webp","https://technesummit.com/storage/events/2/speakers/01M0Z7XPN0A9WWB88A2YZ1D681_1787754896_company_logo.png","","https://technesummit.com/2026/speakers?page=3","https://technesummit.com/2026/speakers?page=3#speakerCardModal01KXZC3G5T5R57ARS4Y9ZV7BVZ","2026-10-04"
"01KZK0TDD6NCX1583GJWEZJD6H","Amir Sabry","CEO & Co-Founder","Determinds Solutions","","Amir Sabry is a dynamic technology entrepreneur and CEO with a proven track record of scaling multiple companies. As the former Head of Technology and Franchise Sales at RE/MAX Egypt, he spearheaded the development of an innovative CRM and automated marketing system that transformed the company's operations. Combining deep expertise in digital marketing with a certified background in project management (PMP), Amir excels at turning complex technological visions into successful, market-ready solutions.","https://technesummit.com/storage/events/2/speakers/01M07CC9ARP6QRG3EDWS0FXXF2_1786954261_thumbnail.webp","https://technesummit.com/storage/events/2/speakers/01M0Z812AY79EVQ8GTEDGCPV7V_1787755006_company_logo.jpg","","https://technesummit.com/2026/speakers?page=3","https://technesummit.com/2026/speakers?page=3#speakerCardModal01KZK0TDD6NCX1583GJWEZJD6H","2026-10-04"
"01K94T3J31RSR0RBK1RG12JE6N","Mohamed Sadat","Group Chief Information Security Officer (CISO)","Paymob","Egypt","Mohamed Sadat is a Group Chief Information Security Officer at Paymob, one of MENA’s leading fintech platforms processing digital payments across Egypt, UAE, Saudi Arabia, Pakistan, and Oman. With two decades of progressive cybersecurity leadership, he is one of the few CISOs in the region operating compliance and resilience programs simultaneously across five central bank jurisdictions — CBE, CBUAE, SAMA, SECP, and CBO — making him a uniquely positioned voice on cross-border regulatory risk in financial services. Recognised as Arab CISO of the Year for five consecutive years (2019–2023) and an IDC CISO of the Year 2020 Finalist, Mohamed brings a rare combination of technical depth and executive impact. He oversees programs spanning PCI DSS v4.0, SOC 2, ISO 27001, and UAE IA compliance, and leads Paymob’s cyber resilience strategy across a multi-country regulated environment. He holds an MBA from Liverpool John Moores University and an MSc in Cybersecurity, grounding his strategic vision in both business and technical mastery. His credentials include CCISO, CISM, CRISC, CDPSE, ISO 27001 LA, and ISO 22301 LA. He serves on the EC-Council CCISO Exam Committee, the CTIA Scheme Committee, and as Vice President of ISACA’s Cairo Chapter — reinforcing his commitment to raising professional standards across the region. A sought-after keynote speaker and panel moderator, Mohamed has addressed premier regional forums including GITEX, AI Everything, Arab Security Conference, GRC Summit Egypt, CSCAMP, and EngineeRex. His thought leadership spans fintech security architecture, board-level risk communication, third-party and platform risk governance, and quantum-safe preparedness. He is a Packt Tech Advisory Board member and recognised as a Top Cybersecurity Voice on LinkedIn. Mohamed champions cybersecurity not as a compliance obligation but as a strategic enabler of trust and growth in digital financial services. He is dedicated to building security culture, mentoring the next generation of Arab cybersecurity professionals, and demonstrating that resilience and innovation can — and must — coexist in a digital-first economy.","https://technesummit.com/storage/events/2/speakers/01M2Z93GS54WQSDVAAQY9V05N1_1789903618_thumbnail.webp","https://technesummit.com/storage/events/1/speakers/01K15PTYXAX7908FTW0S9ZWRGK_1753612123_company_logo.jpg","","https://technesummit.com/2026/speakers?page=3","https://technesummit.com/2026/speakers?page=3#speakerCardModal01K94T3J31RSR0RBK1RG12JE6N","2026-10-04"
"01KZ9518F3496MRHQ1M02CXPF5","Rama El Safty","Global Technology Leader First-time Author","Former IBM, Lenovo, Atos, Central Bank of Egypt","Egypt","Rama El Safty is an Egyptian-French computer scientist and transformational leader with a 25-year track record of building organizations from scratch and accelerating growth across Europe, the Middle East, and Africa. She specializes in disrupting traditional sectors, combining an entrepreneurial ""can-do"" mindset with the institutional weight required to navigate complex markets and regulatory landscapes. As Country Director for Andela in Egypt, she built and led the country hub from its inception, scaling it into a regional powerhouse for global tech talent. As General Manager and Board Member at Atos Egypt, she spearheaded a strategic turnaround and regional expansion across cloud and AI. Her career also includes senior leadership roles at IBM, Lenovo, and Dell, driving multi-million dollar integrations and operational excellence. Rama operates at the highest levels of private and public sector strategy — collaborating with the Central Bank of Egypt on national FinTech talent initiatives, and appointed in 2025 as Conseiller du Commerce Extérieur de la France for Égypte, fostering bilateral innovation between France and Egypt. A recipient of the Global Women Power Leaders Award 2025, Rama holds an Executive MBA from HEC Paris, a BSc in Computer Science from the American University in Cairo, and a certification in FinTech & Regulatory Innovation from the University of Cambridge. Her mission is building sustainable, human-centered organizations that position the MEA region as a global innovation powerhouse.","https://technesummit.com/storage/events/2/speakers/01KZ9518302AE89CEPQDD5F97N_1785939927_thumbnail.webp","","","https://technesummit.com/2026/speakers?page=3","https://technesummit.com/2026/speakers?page=3#speakerCardModal01KZ9518F3496MRHQ1M02CXPF5","2026-10-04"
"01K94T3J791WE6QS80VDCHPFN7","Dalia Said","Co- Founder & CEO","Jrny","Egypt","Dalia Said is passionate about creating memorable learning experiences for diverse communities and exploring the potential of effective networking. She pursued this passion further by obtaining a Master's in Education from Harvard, focusing on group learning and adult development. Since 2005, Dalia has gained experience in curriculum development and event design through her work with organizations such as AIESEC, Namaa for Sustainable Development, ElMashrou3, and currently with JRNY (formerly ElRehla) (www.jrny.me), where she leading as CEO. JRNY works to build collaborative communities by hosting networking events and experiences outside of urban areas that bring together industry leaders, corporate teams, and founders for connective, reflective, and habit-changing experiences. JRNY is an impact-driven organization dedicated to accelerating community and network building across various industries & ecosystems. Since 2013, JRNY has delivered over 190 retreats to over 80 stakeholders.","https://technesummit.com/storage/events/2/speakers/1762171930_01K94T3J7A1M77AKPBS1VW2JDD_thumbnail.webp","https://technesummit.com/storage/events/1/speakers/01K1FK8JTX6MG182T5HT54MMA2_1753943919_company_logo.jpg","","https://technesummit.com/2026/speakers?page=3","https://technesummit.com/2026/speakers?page=3#speakerCardModal01K94T3J791WE6QS80VDCHPFN7","2026-10-04"
"01KZK0TDV0ZH31FPE8XMFMPR7R","Gohar Said","Co-Founder, Suplyd","Suplyd","Egypt","An entrepreneur with 16 years of on ground experience across different sectors. Edged in commercial agreements, go to market strategies, and digitization. Built Suplyd from the ground to becoming one of the main components in the restaurants supply chain in Egypt.","https://technesummit.com/storage/events/2/speakers/01KZKCSSZ8Y7YVE6WMGZSPP7JS_1786283616_thumbnail.webp","https://technesummit.com/storage/events/2/speakers/01KZKCST8MXJD5ZR2874C5AKTA_1786283616_company_logo.png","","https://technesummit.com/2026/speakers?page=3","https://technesummit.com/2026/speakers?page=3#speakerCardModal01KZK0TDV0ZH31FPE8XMFMPR7R","2026-10-04"
"01KZK0TDXJFTWK1PMDCV24XQA0","Mostafa Sakr","Founder & CEO","Nancy AI","","3x CTO at Dutch tech startups and Antler Alumni, with experience across Egypt, India, KSA, the Netherlands, and the USA.** Founder of Nancy AI, an AI hiring platform powering 10,000+ AI interviews and assessments every day.**","https://technesummit.com/storage/events/2/speakers/01M07D32BA0AZ7N4DDAMCQ7AM0_1786955008_thumbnail.webp","https://technesummit.com/storage/events/2/speakers/01M07D32MSCD0EXQ7H0ECY2JKX_1786955008_company_logo.png","","https://technesummit.com/2026/speakers?page=3","https://technesummit.com/2026/speakers?page=3#speakerCardModal01KZK0TDXJFTWK1PMDCV24XQA0","2026-10-04"
"01K94T3KK2448PEVB6JMXAXC3M","Omar Sakr","CEO","Nawah scientific","Egypt","Father of five, entrepreneur in the heart, scientist in the lab & BBQ master in every out trip. Dr. Omar Sakr is the founder and CEO of Nawah-Scientific, Africa’s biggest online destination to outsource scientific experiments in the fields of natural and biomedical sciences. He is a pharmacist by education and holds a PhD in pharmaceutical technology from the University of Geneva, and an MBA from HULT business school in London. His career extends over 18 years of experience in the pharmaceutical field, both in academia and industry. His workplaces include Egypt, Switzerland and Germany.Omar’s research activities are focused on nanotech applications for controlled delivery of small molecules and biological drugs. He authored and co-authored several peer-reviewed articles and book chapters that are published in top journals in the field. Dr. Sakr is also an adjunct Lecturer of entrepreneurship at Zewail City of Science and Technology. To his name, Omar holds several scientific and business awards among which is the prestigious Jack Ma award, Africa Business Heroes (2019).","https://technesummit.com/storage/events/2/speakers/1762171932_01K94T3KK3G98R7SRJ6062FVVN_thumbnail.webp","https://technesummit.com/storage/events/1/speakers/01K33F03TEC6D6CHR23P3ZPEBV_1755684278_company_logo.png","","https://technesummit.com/2026/speakers?page=3","https://technesummit.com/2026/speakers?page=3#speakerCardModal01K94T3KK2448PEVB6JMXAXC3M","2026-10-04"
"01K94T3HP2JWPJBSTF5YQZWJFB","Yasmine Nagaty","COO","ElGameya","","Yasmine has over 10 years of experience managing teams and programs. She is currently the Chief Operations Officer (COO) at ElGameya, where she oversees the collection, customer service, risk, back office, tech, and product departments, ensuring smooth operations and that customer needs are met. Before joining ElGameya, Yasmine was the Acceleration Manager at AUC Venture Lab, Egypt's first university-based startup accelerator and a leading program in Africa and the MENA region. There, she worked with over 300 companies, helping them launch and grow their businesses.","https://technesummit.com/storage/events/2/speakers/1762171930_01K94T3HP3FK9A15XZ11YB6F1M_thumbnail.webp","https://technesummit.com/storage/events/1/speakers/01K1JGC3NNTW052TFVDVGQ0YK9_1754041552_company_logo.png","","https://technesummit.com/2026/speakers?page=3","https://technesummit.com/2026/speakers?page=3#speakerCardModal01K94T3HP2JWPJBSTF5YQZWJFB","2026-10-04"
"01KZ0X6K9JDMZ01CY91SHE2F6D","Rafeh Saleh","Managing Director - Venture Capital","NI Capital","Egypt","Seasoned executive and venture capital leader with 30 years of cross-sector experience in entrepreneurship, startup ecosystem development, driving frontier markets, and strategy consulting. A driving force behind Egypt’s National Startup and Venture Capital Strategy. Managing Director at NI Capital, Founder of Cubit Ventures and SNF.vc","https://technesummit.com/storage/events/2/speakers/01KZ0X6JXKDNCX2N2TJYNFXMBQ_1785663278_thumbnail.webp","https://technesummit.com/storage/events/2/speakers/01KZ0X6K9GET871MEM2NJ6YM1D_1785663278_company_logo.png","","https://technesummit.com/2026/speakers?page=3","https://technesummit.com/2026/speakers?page=3#speakerCardModal01KZ0X6K9JDMZ01CY91SHE2F6D","2026-10-04"
"01KZ93H62HFP5DQGACR7ZN5MQ3","Mostafa Salem","Architect | Founder of Coconut Premium Interiors | Ministry of Culture Ambassador","Coconut Premium Interiors","Egypt","Mostafa Salem is an award-winning architect, Ministry of Culture Ambassador, and founder of Coconut, a Dubai-based studio specializing in architecture and interior design. He has received 14 national and international awards across architecture, urban design, interiors, lighting, and storytelling - including a full MSc scholarship from the University of Greenwich. He curated Egypt’s National Pavilion at the 15th Venice Biennale of Architecture and secured 2nd place representing Egypt in the 2025 edition. He is the initiator of the Cairo Makeover Initiative, which led to government-backed restoration projects across Egypt’s historic districts. He was honored with the 2025 Egypt State Encouragement Award, the Al Rawi Storyteller Award, 1st place at the SYNC Awards, and most recently, the Creativity Award in Digital Media on Architecture from the Arab Council for the General Union of Arab Archaeologists. He regularly speaks on global and regional platforms, including three TEDx Talks, GITEX, RiseUp Summit, PropTech, and Cityscape. He also teaches creativity and design courses part-time at universities, inspiring the next generation to reimagine Egypt’s future through architecture and innovation.","https://technesummit.com/storage/events/2/speakers/01KZ93H5JHFE5KD7FJ5HCV0WMC_1785938351_thumbnail.webp","https://technesummit.com/storage/events/2/speakers/01KZ93H617Z50PYNB7D2ASRZNZ_1785938352_company_logo.png","","https://technesummit.com/2026/speakers?page=3","https://technesummit.com/2026/speakers?page=3#speakerCardModal01KZ93H62HFP5DQGACR7ZN5MQ3","2026-10-04"
"01KYS2W3C64ETJRKJK7P35R5Z8","Barak Samir","Head of Product RTG","RTG Robusta Technology Group","Egypt","Head of Product at Robusta Studio, where I lead product strategy and delivery across digital transformation projects and help build the capabilities of the product managers on my team. My work sits at the intersection of three things: shaping product direction that connects business goals to real user needs, running delivery in a way that actually ships, and growing people. I care as much about the systems and fundamentals behind a product — architecture, scalability, UX principles — as I do about the roadmap, because that's what separates a product that works from one that just launches.","https://technesummit.com/storage/events/2/speakers/01KYS2W2W2HVMNKXM0SB7SDKM2_1785400789_thumbnail.webp","https://technesummit.com/storage/events/2/speakers/01KYS2W3C3SDY4ZB60P0GHXGXP_1785400790_company_logo.png","","https://technesummit.com/2026/speakers?page=3","https://technesummit.com/2026/speakers?page=3#speakerCardModal01KYS2W3C64ETJRKJK7P35R5Z8","2026-10-04"
"01KXBA8F77YXW7ECFZCTJJ4AXK","Ehsan Sayed","Founder & Program Director","Sales Techies","Egypt","Ehsan Sayed is an AI Sales Enablement Expert, Business Development Guru, and Founder of Sales Techies, an Arabic-first learning platform dedicated to helping revenue professionals and organizations leverage Artificial Intelligence to accelerate growth and improve sales performance. Through highly practical, hands-on empowerment programs, Ehsan enables sales teams, business developers, and commercial leaders to adopt AI-driven strategies, modern revenue systems, and automation workflows that deliver measurable business impact and sustainable revenue growth. With over 9 years of experience across Business Development, Sales Operations, Product Management, and Revenue Growth, Ehsan has worked with startups, scale-ups, and enterprise organizations across Egypt and the GCC. Throughout her career, she has led commercial growth initiatives, built sales systems, designed go-to-market strategies, and implemented technology-driven sales processes that improve efficiency and performance. As the founder of Sales Techies, Ehsan has trained and mentored hundreds of sales and business development professionals through corporate programs, bootcamps, workshops, and executive training sessions. Her expertise spans AI-powered lead generation, CRM transformation, sales automation, market intelligence, workflow design, and revenue operations. Ehsan is a frequent speaker, trainer, and workshop facilitator who has delivered AI, sales, and business development programs for leading organizations, universities, and innovation ecosystems, including Edventures, Techne Summit, Information Technology Institute (ITI), and Entreprenelle. She specializes in helping sales teams transition from traditional selling approaches to modern AI-powered revenue systems that enhance productivity, optimize pipeline performance, improve forecasting accuracy, and accelerate sustainable business growth. Through her training and consulting work, Ehsan enables organizations to transform technology into measurable revenue outcomes.","https://technesummit.com/storage/events/2/speakers/01KXBA8EJ00PZ8219TEPFMCHCY_1783865031_thumbnail.webp","https://technesummit.com/storage/events/2/speakers/01KXBA8F4F89YAAQZN05YYT60S_1783865031_company_logo.png","","https://technesummit.com/2026/speakers?page=3","https://technesummit.com/2026/speakers?page=3#speakerCardModal01KXBA8F77YXW7ECFZCTJJ4AXK","2026-10-04"
"01KYS3EYXNJDRH0BBVZHWE1GQT","Gillan Shaaban","Chief Commercial Officer","Paymob","Egypt","Gillan is the Chief Commercial Officer of Paymob, the leading payments infrastructure company powering digital transactions for merchants across the Middle East & North Africa. With deep experience in SME acquisition marketing and commercial strategy, Gillan has been shaping Paymob's commercial growth for over eight years. She leads strategic partnerships and commercial performance, building the structures that power merchant growth and scaling the company's network from hundreds to hundreds of thousands of merchants. Before Paymob, she held marketing and project management roles at Vodafone, TedxCairo, and more.","https://technesummit.com/storage/events/2/speakers/01KYS3EV7QW163KPY4DKECXQWR_1785401404_thumbnail.webp","https://technesummit.com/storage/events/2/speakers/01M115AGZ8E1SHHX8V85BEQWQX_1787819279_company_logo.png","","https://technesummit.com/2026/speakers?page=3","https://technesummit.com/2026/speakers?page=3#speakerCardModal01KYS3EYXNJDRH0BBVZHWE1GQT","2026-10-04"
"01KZ0VZ0AK077RCCG1ZBX8B8RC","Hossam Shafick","Partner","Silicon Badia","Egypt","Hossam Shafick is a Partner at Silicon Badia, a global venture firm investing across the US and MENA with a mission to connect the East and the West. Before VC, Hossam was an investment banker, executing over $1Bn in M&A. Ranked the #1 LinkedIn Voice in Africa for Venture Capital, Hossam has an obsession for people and numbers. He believes the worst decisions in venture happen when one overpowers the other — and that the industry still suffers from a lack of strong, accessible VC analysis. That’s why he launched #WTFtv (What They Failed to Teach in Venture), a weekly newsletter breaking down VC’s black boxes and making venture analysis sharper, clearer, and more actionable.","https://technesummit.com/storage/events/2/speakers/01M1GRMB32WSCZ1BQKM00H2ENV_1788342840_thumbnail.webp","https://technesummit.com/storage/events/2/speakers/01KZ0VZ0AFM58WW93S7GDT6H25_1785661981_company_logo.png","","https://technesummit.com/2026/speakers?page=3","https://technesummit.com/2026/speakers?page=3#speakerCardModal01KZ0VZ0AK077RCCG1ZBX8B8RC","2026-10-04"
"01KZ0S240W0DEP2R9ANRAJG7Y8","Mohamed Shaheen","CEO","Appgain","Egypt","Mohamed Shaheen is a technology entrepreneur and AI transformation leader with more than 20 years of experience across artificial intelligence, SaaS, fintech, e-commerce, telecommunications, and customer engagement technologies. He is the Founder and CEO of Appgain.io, where he has led the development of marketing automation and customer engagement solutions serving more than 1,200 businesses across Egypt, Saudi Arabia, and the UAE. He is also the creator of ConnectGain, an AI-powered platform that helps companies automate sales, marketing, customer service, and omnichannel communications using AI agents, conversational commerce, CRM automation, and voice intelligence. Previously, Mohamed worked with Gemalto, now part of Thales, and founded iKhair, a UAE fintech platform that facilitated more than AED 42 million in charitable donations. His work focuses on turning AI from isolated features into practical, AI-first business models that improve customer experience, operational efficiency, and revenue growth. Mohamed was selected for the Obama Foundation’s African Leaders program and regularly shares his experience in AI adoption, digital transformation, entrepreneurship, and building scalable technology businesses across the MENA region.","https://technesummit.com/storage/events/2/speakers/01KZ0S23QCHE6JQ77FV50BSTHD_1785658937_thumbnail.webp","https://technesummit.com/storage/events/2/speakers/01M115CQ9GCP6SSP14YKBYAET6_1787819351_company_logo.png","","https://technesummit.com/2026/speakers?page=3","https://technesummit.com/2026/speakers?page=3#speakerCardModal01KZ0S240W0DEP2R9ANRAJG7Y8","2026-10-04"
"01KZK0THFXFH6AE7MGHWFZEST6","Nada Shaheen","Managing Director","GB Ventures","","Nada Shaheen is the Managing Director of GB Ventures, the corporate venture capital arm of GB Corp, one of the leading industrial groups in the Middle East and Africa. As the first Egyptian woman to lead a corporate venture capital fund in Africa, she plays a pioneering role in bridging corporate innovation with high-growth startup ecosystems across emerging markets. With over a decade of experience in entrepreneurship, venture capital, and innovation, Nada has worked with institutions including the Central Bank of Egypt and the European Union, and now leads strategic investments across fintech, mobility, logistics, and industrial technologies. A serial entrepreneur, she brings an operational lens to investing and actively mentors early-stage founders across Egypt and Sub-Saharan Africa. Nada is a member of Global Women in VC and a frequent speaker at leading international technology and investment forums across Africa and the Middle East.","https://technesummit.com/storage/events/2/speakers/01M07DDBSR6G0VRGJF9JGHJHXC_1786955345_thumbnail.webp","https://technesummit.com/storage/events/2/speakers/01M115856CEXH2Y27K4DJQ1WYA_1787819201_company_logo.png","","https://technesummit.com/2026/speakers?page=3","https://technesummit.com/2026/speakers?page=3#speakerCardModal01KZK0THFXFH6AE7MGHWFZEST6","2026-10-04"
"01KZK0TJE2HFHRS7KAKJCGKJ1T","Habiba Shawkat","Technical program manager","DMZ Cairo","","As the Technical Program Manager at DMZ Cairo, a university-based incubator, I design and lead entrepreneurship and innovation programs that help startups transform ideas into viable ventures. My work combines design, education, coaching, and venture development to create impactful learning experiences and support entrepreneurial growth. With over 12 years of experience in Product Design education, I have always been passionate about bridging the gap between academia and practice. This led me to pursue a Master's degree in Service Design in Berlin. I subsequently worked in learning and development and entrepreneurship support, designing programs that help founders validate ideas and build sustainable businesses. I am also an ICF-certified coach and Design Thinking facilitator, having delivered more than 4,000 hours of workshops and training programs across Egypt and the Gulf region.","https://technesummit.com/storage/events/2/speakers/01M07DWNRY3EWSVDTK5Z88F9CN_1786955847_thumbnail.webp","https://technesummit.com/storage/events/2/speakers/01M07DWRBF99PRFKPN9JTEFGM0_1786955850_company_logo.png","","https://technesummit.com/2026/speakers?page=3","https://technesummit.com/2026/speakers?page=3#speakerCardModal01KZK0TJE2HFHRS7KAKJCGKJ1T","2026-10-04"
"01KYS0YVXJW1TC9TM1X0AJ5V81","Amr Shawqy","VP of Product & Technology","Signit","Egypt","A serial entrepreneur, growth hacker, product manager, and software engineer, I am passionate about working with people from different backgrounds to build and scale products and solutions that can change people’s lives. At Signit, I am building and scaling a cutting-edge SaaS platform, infused with AI-powered capabilities to redefine how organizations manage agreements, compliance, and workflows. My role bridges strategic product vision with deep technical execution - leading cross-functional teams to deliver secure, scalable SaaS and AI solutions that compete at a global level. Over more than 15 years, I have built and grown pioneering products across the MENA region and beyond - from co-founding and scaling ExpandCart to over 25,000 merchants and $1 billion in GMV, to driving rapid feature development and market expansion as Chief Product Officer at MakanE. My track record blends entrepreneurship, product management, and software engineering, underpinned by expertise in SaaS, ecommerce, AI, and growth hacking. Known for turning complex ideas into transformative, user-centric solutions, I thrive on building teams and cultures that deliver innovation at scale - from bootstrapped startups to enterprise-grade platforms. Specialties & Skills: product management, UX/UI, market expansion, SaaS, growth hacking, eCommerce, eSignature, CLM, AI, marketing, software sales, machine learning, virtual reality, IoT, big data, software engineering, mobile development, web development, software project management, agile project management, cloud computing, entrepreneurship, technical consultancy, software redesign, software maintenance","https://technesummit.com/storage/events/2/speakers/01KYS0YVFM7BQBPWM0P39AQ95J_1785398783_thumbnail.webp","https://technesummit.com/storage/events/2/speakers/01KYS0YVXA5X9AS3WAG9RDW46M_1785398783_company_logo.png","","https://technesummit.com/2026/speakers?page=3","https://technesummit.com/2026/speakers?page=3#speakerCardModal01KYS0YVXJW1TC9TM1X0AJ5V81","2026-10-04"
"01KWCBHY4FFNBADRPSX5GANABD","Abdelrahman Sherief","VP of Growth, Co-founder","Taager","Egypt","With over 10 years of experience as a growth and digital marketing professional, I’ve been part of numerous growth models built in companies of different scales located in KSA, Bahrain, Egypt, and UAE. Inspired by a journey across a wide range of industries including e-commerce, real estate, telecommunication, and education, I’ve cofounded Taager to establish from scratch a growth machine for a whole new business model fueled by new initiatives, experimentations, and scaling decisions based on calculated risks, and data outcomes.","https://technesummit.com/storage/events/2/speakers/01KWCBHXRXASDEE760ZP7K44PQ_1782826202_thumbnail.webp","https://technesummit.com/storage/events/2/speakers/01M115P4W66SVNYTSADWG8P63Y_1787819660_company_logo.png","","https://technesummit.com/2026/speakers?page=3","https://technesummit.com/2026/speakers?page=3#speakerCardModal01KWCBHY4FFNBADRPSX5GANABD","2026-10-04"
"01KZK0TKG48PR8XG7HSS74ECM7","Abd Elrahman Sleem","CEO","Oligence AI","","TikTok Speaker MEA , Favikon partner in KSA & Egypt, ‏CEO Oligence AI, Founder IMFND academy, Instructor @Udemy, 18 years of Experience in Technical Marketing and Growth Hacking.","https://technesummit.com/storage/events/2/speakers/01M07EV4R1QW6QH5JZA0CACXBR_1786956845_thumbnail.webp","https://technesummit.com/storage/events/2/speakers/01M115J52QDME90TJMYAFGVC86_1787819529_company_logo.png","","https://technesummit.com/2026/speakers?page=3","https://technesummit.com/2026/speakers?page=3#speakerCardModal01KZK0TKG48PR8XG7HSS74ECM7","2026-10-04"
"01KXN6FT5JV28AS2YJWPKTVP5A","Hassan El Sokary","Founder Vita Venture Studio and chairperson Qetraa","Vita Venture Studio","Egypt","Hassan Elsokkary is a global executive, board advisor, and venture investor with over three decades of experience leading digital transformations at the intersection of technology, policy, and human impact. His career is marked by scaling national infrastructure and innovative platforms in cybersecurity, healthtech, and edtech across the MENA region. Formerly a global leader at Vodafone and CEO of eHealth, Hassan has spearheaded multi-million dollar initiatives, including Egypt’s nationwide health insurance digitalization and large-scale educational ERP modernization. He currently serves on the boards of e-finance Investment Group, the Universal Health Insurance Authority, Elevate Capital, and Innovation University, while chairing Qualidev and QETRAA. As a co-founder of VITA Venture Studio and an active mentor at the AUC Venture Lab, Hassan is dedicated to cultivating deep-tech ecosystems and advancing ethical AI implementation.","https://technesummit.com/storage/events/2/speakers/01M115G08SAYA5H6QRMA7DK5QN_1787819458_thumbnail.webp","https://technesummit.com/storage/events/2/speakers/01M115G0XQXAD5NGFJCZ35T0BN_1787819459_company_logo.jpeg","","https://technesummit.com/2026/speakers?page=3","https://technesummit.com/2026/speakers?page=3#speakerCardModal01KXN6FT5JV28AS2YJWPKTVP5A","2026-10-04"
"01KX3M4GY3ACBD8NF9RPRPJK9N","Amira Swilam","Back office partner","Den VC","Egypt","Amira Swilam is an investor and ecosystem builder with a strong focus on supporting early-stage, impact-driven startups across the MENA region and Africa. As Back Office Partner at Den VC, a leading venture capital firm investing in tech-enabled ventures across Pan-Arab and African markets, she plays a key role in shaping investment decisions and supporting founders beyond capital through hands-on guidance and strategic direction. With experience spanning over hundreds of startups, Amira has worked extensively across acceleration and incubation programs funded by world-class international organizations such as the United Nations and Oxfam. She is deeply committed to empowering entrepreneurs tackling real-world challenges across social, economic, and environmental sectors, and brings a strong lens on defensibility, scalability, and impact. Prior to Den VC, Amira co-founded ventures in freelancing and career development, supporting over 50,000 freelancers and entrepreneurs through access to offshoring opportunities and capacity-building programs. She has also worked with leading ecosystem players across MENA, including Rally Accelerate, DMZ, Flat6Labs, TIEC, Reach MENA, etc. In parallel, Amira serves as a Teaching Assistant at the American University in Cairo, where she teaches entrepreneurship and innovation, supporting the development of the next generation of founders. Amira holds a bachelor’s degree in English Interpretation and Literature, an MBA in Marketing Management from the University of Pennsylvania, and a Venture Capital Diploma from the American University in Cairo. Her work is driven by a mission to enable high-potential startups to grow into impactful, scalable businesses through investment, mentorship, and ecosystem support.","https://technesummit.com/storage/events/2/speakers/01KX3M4GB7ZSPSCPEJXRPRY8A5_1783606952_thumbnail.webp","https://technesummit.com/storage/events/2/speakers/01KX3M4GX8AD93J5MJZR8P0VQP_1783606952_company_logo.png","","https://technesummit.com/2026/speakers?page=3","https://technesummit.com/2026/speakers?page=3#speakerCardModal01KX3M4GY3ACBD8NF9RPRPJK9N","2026-10-04"
"01KWCDB0GQBZF2S1JNAC6642CT","Mahmoud Taema","E-Commerce Director","Spinney's Egypt","Egypt","mahmoud Taema is a senior retail and e-commerce executive with more than 25 years of experience leading digital transformation, omnichannel growth, and commercial strategy across the retail and consumer goods sectors in the Middle East. He currently serves as E-Commerce Director at Spinneys Egypt, where he leads the company's digital commerce strategy, online growth, customer experience, marketplace partnerships, and last-mile innovation initiatives. Under his leadership, Spinneys continues to accelerate its digital transformation journey, expanding online operations, enhancing customer engagement, and scaling new fulfillment and instant delivery models. Prior to joining Spinneys, Mahmoud held leadership positions across several leading regional and international organizations, including L’azurde Group, Electrolux, and Zanussi, where he successfully built and scaled e-commerce businesses across multiple markets including Egypt, Saudi Arabia, and the UAE. Throughout his career, Mahmoud has been passionate about leveraging technology, data, and customer-centric innovation to drive sustainable growth and competitive advantage. His expertise spans e-commerce strategy, omnichannel retail, digital marketing, customer acquisition and retention, loyalty programs, operational excellence, last-mile delivery, and business transformation. Mahmoud is a frequent speaker on digital commerce, retail innovation, customer experience, and the future of e-commerce in the region. He is particularly interested in how AI, personalization, data-driven decision making, and evolving consumer behavior are reshaping the future of retail.","https://technesummit.com/storage/events/2/speakers/01KWCDAW6CE80JQ43Q08QN9Y50_1782828069_thumbnail.webp","https://technesummit.com/storage/events/2/speakers/01KWCDAZR44SFFCKF4N4Q5ND5T_1782828072_company_logo.png","","https://technesummit.com/2026/speakers?page=3","https://technesummit.com/2026/speakers?page=3#speakerCardModal01KWCDB0GQBZF2S1JNAC6642CT","2026-10-04"
"01KZ0TX1P5RD7JPY1FC5SXYX2W","Emam Awad","Head of the Career Centre-BUE","BUE","","Emam Awad is the Head of the Career Centre at The British University in Egypt (BUE), leading the university's employability strategy, employer engagement, and career development initiatives. He has built strategic partnerships with leading employers and professional bodies, expanded opportunities for students and graduates, and driven significant growth in career services engagement through innovative, data-driven initiatives. Passionate about bridging the gap between academia and industry, Emam works with employers, university leaders, and HR executives to prepare graduates for the future of work through technology, strategic partnerships, and skills-first learning.","https://technesummit.com/storage/events/2/speakers/01KZ0TX1AYGVT74B4QYNVJ3T36_1785660867_thumbnail.webp","https://technesummit.com/storage/events/2/speakers/01M0WJ9TS6Y2F3FTKKM86W9BFF_1787665115_company_logo.png","","https://technesummit.com/2026/speakers?page=3","https://technesummit.com/2026/speakers?page=3#speakerCardModal01KZ0TX1P5RD7JPY1FC5SXYX2W","2026-10-04"
"01KYRZ08MXA0XG4SNFBZWKMSC8","Raghda Usama","Brand Communications and Marketing Lead","Deloitte Innovation Hub","Egypt","With over 16 years of industry experience, Raghda is a diligent and results-oriented marketing strategist and communication leader who is passionate about creating compelling content and innovative campaigns to reach brand’s target audiences. Usama possesses proven analytical, communication, and leadership skills that enable her to increase brand visibility and strengthen customer loyalty across various channels and platforms. Currently, at Deloitte Innovation Hub, her mission as Head of Brand Communications & Marketing is to elevate its corporate narrative and foster connections that resonate with our audience. Leveraging expertise in marketing communications and strategic campaign leadership, she focuses on crafting impactful content that strengthens brand affinity and drives engagement.","https://technesummit.com/storage/events/2/speakers/01KYRZ0833Q610DV74RTHJQNQR_1785396732_thumbnail.webp","https://technesummit.com/storage/events/2/speakers/01KYRZ08M2C2W6SV588ATPTFW0_1785396732_company_logo.png","","https://technesummit.com/2026/speakers?page=3","https://technesummit.com/2026/speakers?page=3#speakerCardModal01KYRZ08MXA0XG4SNFBZWKMSC8","2026-10-04"
"01KYFF50X7MZT56RD9D8E5D81H","Karim Wally","Owner & Chief Designer","THE STUDIO Egypt","Egypt","Karim Wally is an Egyptian interior designer started his career after graduation from 'faculty of fine arts class 2007' to gain different experiences in design and execution since that time until he started his own business ""The Studio"" in 2014 to put his own fingerprint and his own identity using his past experience. Karim was working in parallel in different channels of design beside the main stream of business, such as Fashion trials, jewelry trials and furniture trials. Moreover building his passion in giving design related lectures and sessions in different entities and channels such as ITI, Studio34, DeForum, Higher institute of applied arts , GUC and TechniSummit.","https://technesummit.com/storage/events/2/speakers/01KYFF50F2DACT1T1QJG5E1YT5_1785078120_thumbnail.webp","https://technesummit.com/storage/events/2/speakers/01KYFF50W1M7PV2S247Q3WEZZS_1785078121_company_logo.png","","https://technesummit.com/2026/speakers?page=3","https://technesummit.com/2026/speakers?page=3#speakerCardModal01KYFF50X7MZT56RD9D8E5D81H","2026-10-04"
"01KZK8ZH79QYFQSGKPDTP4RE5N","Ahmed Elwaziry","Head of Marketing","Vezeeta","","","https://technesummit.com/storage/events/2/speakers/01M0FQ1STBQ0PYSSPRXQQK22D5_1787233888_thumbnail.webp","https://technesummit.com/storage/events/2/speakers/01M0Q8BHWWS3JM24PHWX0CF2RB_1787486914_company_logo.png","","https://technesummit.com/2026/speakers?page=3","https://technesummit.com/2026/speakers?page=3#speakerCardModal01KZK8ZH79QYFQSGKPDTP4RE5N","2026-10-04"
"01K94T3HB6JBPDDB14QTPD1PDE","Medhat Yassin","Executive Vice Chairman","Mori International","Egypt","Medhat Yassin is a distinguished strategic business transformation consultant, serial entrepreneur, and business mentor with over 30 years of experience across diverse commercial domains, including marketing, brand development, business development, and sales. He has advised and collaborated with more than 450 local and international brands, delivering measurable growth, strategic expansion, and successful market positioning.","https://technesummit.com/storage/events/2/speakers/1762171929_01K94T3HB7ARJ4GR3958HDDJY7_thumbnail.webp","https://technesummit.com/storage/events/1/speakers/01K0VF409T0V6ABP81PQCS6R1W_1753268486_company_logo.png","","https://technesummit.com/2026/speakers?page=3","https://technesummit.com/2026/speakers?page=3#speakerCardModal01K94T3HB6JBPDDB14QTPD1PDE","2026-10-04"
"01KZK3DREEXPRH3TNBNFHXFGEE","Ahmed Fawzy","Managing Director","iExperts","Egypt","Ahmed is the Managing Director of iExperts, a leading cybersecurity consultancy and training firm operating across the UK, EU, and Middle East. With over 24 years of experience in the IT industry, he brings deep expertise in cybersecurity, risk management, incident response, PCI DSS implementation, SOC 2 audits, penetration testing, security assessments, policy development, auditing, secure code review, and digital transformation. He holds a Master’s degree in Information Security, MBA, DBA and numerous globally recognized certifications, including CISSP, CISM, CISA, CCSP, ISO 27001, ISO 27701, ISO 22301, ISO 31000, ISO 20000, ISO 9001, PCI DSS, CEH, ECIH, ECSA, CHFI, and CCSK. Widely recognized as one of the leading information security experts worldwide, Ahmed is dedicated to spreading knowledge, advancing cybersecurity practices, and supporting the global infosec community.","https://technesummit.com/storage/events/2/speakers/01KZK3DR020W24T3G900BGSXD5_1786273783_thumbnail.webp","https://technesummit.com/storage/events/2/speakers/01KZK3DRDPK0T3Z5DX78Z75PNX_1786273784_company_logo.png","","https://technesummit.com/2026/speakers?page=3","https://technesummit.com/2026/speakers?page=3#speakerCardModal01KZK3DREEXPRH3TNBNFHXFGEE","2026-10-04"
"01KZ0XH0PVZABDPA05ENAH1WSG","Radwa Younes","Senior Manager","DMZ Cairo","Egypt","Radwa Younes is the Manager of Entrepreneurship Activities at the Universities of Canada in Egypt, where she leads programs that spark innovation, incubation, and acceleration for student and early-stage entrepreneurs. With 14+ years of experience in investment, project development, and business consulting, she has supported over 150 startups and launched multiple incubation and acceleration initiatives. A Chevening Scholar with a master’s in International Business and Development from the UK, Radwa is passionate about continuous learning, creative problem-solving, and building sustainable ecosystems that connect Egypt’s entrepreneurs to regional and global opportunities.","https://technesummit.com/storage/events/2/speakers/01KZ0XH09VA0NZ38GQQKD8Z6XF_1785663619_thumbnail.webp","https://technesummit.com/storage/events/2/speakers/01M115VE06EXFPXPV39JV1VN4C_1787819833_company_logo.png","","https://technesummit.com/2026/speakers?page=3","https://technesummit.com/2026/speakers?page=3#speakerCardModal01KZ0XH0PVZABDPA05ENAH1WSG","2026-10-04"
"01KZK0TPVJ0H8YKNRPSYT1WHKE","Mostaf Younis","Shopify Partner & BU Head","RTG","","Mostafa Younis is a Shopify Business Manager at Robusta Studio, where he leads Shopify launches for fashion, lifestyle, and retail brands, including PUMA Group Egypt's Shopify launch. With 8+ years working on Shopify e-commerce projects, his account became the first Shopify Select Partner in Egypt, a tier reached by only a small number of Shopify Partners globally. His focus is helping brands find and fix the revenue leaks quietly capping their growth, from conversion optimization to AOV levers.","https://technesummit.com/storage/events/2/speakers/01M0FP693M8QWCXK7XRXFV1DV2_1787232986_thumbnail.webp","https://technesummit.com/storage/events/2/speakers/01M0FP69EV036Z6Z67YJY2QND2_1787232986_company_logo.png","","https://technesummit.com/2026/speakers?page=3","https://technesummit.com/2026/speakers?page=3#speakerCardModal01KZK0TPVJ0H8YKNRPSYT1WHKE","2026-10-04"
"01K94T3KJ18ZRBQBYGHQA7TDM4","Shereen Aggour","Fractional CMO - Customer Experience Growth Advisor","eBound","","A CX-focused growth marketing strategist and fractional CMO with over 20 years of experience in building and scaling brands across the Middle East, Europe, and the United States. I specialize in helping startups and SMEs unlock sustainable growth through brand strategy, marketing frameworks, and customer experience alignment.Throughout my career, I held key leadership roles in both global corporations and boutique consultancies. I served as Marketing Director at Inchora UK, where I led brand and customer acquisition strategies for a leading insurance group. At Vodafone Egypt, she drove national marketing campaigns and digital transformation projects that significantly improved customer acquisition and retention. In the United States, I worked with Affinity Consultants, advising European SMEs on entering and growing in the US market through tailored marketing strategies and brand positioning. As the founder of eBound Consultants, I also help mission-driven startups and SMEs create brand-led growth strategies that align their marketing, CX, and business models for long-term impact. I am an active startup mentor and trainer, collaborating with accelerators and ecosystem enablers conducting workshops and one-on-one sessions cover go-to-market strategy, brand building, customer journey mapping, and investment readiness — all delivered in a hands-on, actionable format. Certifications: Stanford University (Startup Launch & Innovation), Columbia Business School (Customer Experience Strategy), UCLA (Brand Management), and is a CIM Certified Marketing Professional. With a background in engineering and a passion for purpose-driven business, I blend strategic clarity with creative problem-solving and execution support.","https://technesummit.com/storage/events/2/speakers/01KZRBCRAKFKHG6F462N5HA59Y_1786449912_thumbnail.webp","https://technesummit.com/storage/events/1/speakers/01K3DQBS358B9J23NM8FT1RAE0_1756028593_company_logo.png","","https://technesummit.com/2026/speakers?page=3","https://technesummit.com/2026/speakers?page=3#speakerCardModal01K94T3KJ18ZRBQBYGHQA7TDM4","2026-10-04"
"01KZK0TQ2ATBYZRVM6M4QJAP41","Nemat Zahran","AI & Data Practice Leader","Deloitte","","Nemat is the AI&Data practice lead at Deloitte Innovation Hub in Cairo, with a focus on building scalable AI solutions. With over 20 years of experience spanning Data, Cloud, Operations, Architecture, and Integration, she is passionate about leveraging data to drive sustainable organizational transformation. Nemat has played a key role in building and scaling Deloitte Innovation Hub’s AI&Data practice, establishing capabilities and expanding service offerings to meet evolving client needs. She combines strong leadership in managing diverse, multi-geography teams with a keen interest in AI governance and strategy to ensure ethical and effective AI adoption.","https://technesummit.com/storage/events/2/speakers/01M0FP0HXJ544KYEG5HQF8VWBY_1787232798_thumbnail.webp","https://technesummit.com/storage/events/2/speakers/01M0FP0K8634FVPQJ41AFQ970R_1787232800_company_logo.png","","https://technesummit.com/2026/speakers?page=3","https://technesummit.com/2026/speakers?page=3#speakerCardModal01KZK0TQ2ATBYZRVM6M4QJAP41","2026-10-04"
"01K94T3H7MARQA7CF5KGA2SYER","Ehab Gharib","CEO","SIA Space","Egypt","","https://technesummit.com/storage/events/2/speakers/1762171929_01K94T3H7MARQA7CF5KGA2SYET_thumbnail.webp","https://technesummit.com/storage/events/1/speakers/01K1DFZ5X7K1N23QJRG8YZ8RVJ_1753873356_company_logo.jpg","","https://technesummit.com/2026/speakers?page=3","https://technesummit.com/2026/speakers?page=3#speakerCardModal01K94T3H7MARQA7CF5KGA2SYER","2026-10-04"
"01KYF1T2C3C46SEHZ8TGQPGRHB","Ezzeddin Zahzah","Program Director","500 Global","Egypt","Industrial Engineer, turned founder, turned enabler, Ezzeddin remains a builder at heart. He’s driven by a passion for turning ideas into action, combining strategic thinking with executional and operational excellence. Efficiency matters to him, but effectiveness always comes first. With experience spanning management consulting, oilfield services, FMCGs, and construction, he’s developed a cross-industry perspective that fuels his entrepreneurial mindset. Today, Ezzeddin’s focus is on empowering founders and teams to move faster, think smarter, and build ventures that that solve real-world problems. He’s a loving husband and father of two teens who, as of late, have been challenging his stoic aspirations.","https://technesummit.com/storage/events/2/speakers/01KYF1T0XNDM5E7EHZ038Y0AN5_1785064129_thumbnail.webp","https://technesummit.com/storage/events/2/speakers/01KYF1T286YK12H5P9H33584S0_1785064130_company_logo.png","","https://technesummit.com/2026/speakers?page=3","https://technesummit.com/2026/speakers?page=3#speakerCardModal01KYF1T2C3C46SEHZ8TGQPGRHB","2026-10-04"
"01KZ0TNGWJG1FR5WEJEXTXZ8BR","Ahmed ZAKI","Entrepreneurship Trainer | Thought Leader: EL Trainer Podcast - GameTopia.","Arabian Academy - Arabian Oud","Egypt","","https://technesummit.com/storage/events/2/speakers/01KZ0TNGAHP2JX95C7MZ6YMQP9_1785660621_thumbnail.webp","","","https://technesummit.com/2026/speakers?page=3","https://technesummit.com/2026/speakers?page=3#speakerCardModal01KZ0TNGWJG1FR5WEJEXTXZ8BR","2026-10-04"
"01M0CM9Z925B0ZQQ3YD5Q0SB5H","Dina Sallam","Head of Data & AI","Orange","","Dina Sallam is a seasoned technology leader with over 17 years of experience in Data Management, Data Science, AI, and Customer Experience Management. She currently serves as Head of Data, AI & CVM Analytics at Orange Egypt, where she drives large-scale innovation through advanced data platforms and AI-driven solutions. With a foundation as a telecom engineer, Dina has built her career in leading mobile operators, working across mission-critical domains such as Quality of Service and Customer Experience Management. Today, she focuses on building cutting-edge, scalable data platforms that enhance organizational data literacy and unlock new revenue streams through data monetization. She also develops robust AI solutions that increase profit margins, optimize customer engagement, and streamline business workflows. Beyond her corporate leadership, Dina is the Ambassador of Women in AI (WAI) in Egypt, where she plays a pivotal role in enriching Egypt’s AI ecosystem and community. Through this role, she fosters collaboration, empowers women in technology, and bridges the gap between global AI advancements and local innovation. Her academic achievements include a Professional Certificate in Machine Learning and AI from MIT Professional Education and an MBA from ESLSCA Business School, in addition to being Green Belt certified by the American Society for Quality. As an instructor, mentor, and thought leader, Dina blends deep technical expertise with practical business insights, inspiring the next generation of professionals and shaping the future of data and AI in Egypt and beyond.","https://technesummit.com/storage/events/2/speakers/01M0CXG151W5XP5GHV0V8KN3VM_1787139982_thumbnail.webp","https://technesummit.com/storage/events/2/speakers/01M0CM9Z68KW86DCJB12BDY42T_1787130346_company_logo.png","","https://technesummit.com/2026/speakers?page=3","https://technesummit.com/2026/speakers?page=3#speakerCardModal01M0CM9Z925B0ZQQ3YD5Q0SB5H","2026-10-04"
"01M0CXDKJTWSEPJG737G64EPWS","Mohamed Shaheen","Head of eCommerce","B.tech","","With +15 years building e-commerce in Egypt and the MENA region, from the early days of Souq.com, through senior commercial roles at Amazon, to leading eCommerce strategy at B.TECH today.","https://technesummit.com/storage/events/2/speakers/01M0T69VQD82PK6VKFVF8THPC1_1787585425_thumbnail.webp","https://technesummit.com/storage/events/2/speakers/01M0T69W5F29YD9NEXJJZZCX1Q_1787585425_company_logo.png","","https://technesummit.com/2026/speakers?page=3","https://technesummit.com/2026/speakers?page=3#speakerCardModal01M0CXDKJTWSEPJG737G64EPWS","2026-10-04"
"01M0FBH956FWAHGF5GQ0P1HG2B","Ahmed Badr","Founder & CEO","AB & Associates","","Ahmed Badr is an Organization and Management Development Consultant working in the fields of Post-Merger Transformation, Organization re-structuring, Talent Management and Learning & Development Strategy formulation since 1997. Over the last 22 years, his Consulting & Mentoring career supported dozens of partner companies in Europe, Africa and the Middle East. He is an Executive Mentor, Trainer and Speaker since 2000 for Senior and Middle Management as well as a holder of multiple certifications from various entities as he is a Certified Management Consultant (CMC) from the Institute of Management Consultants in the UK with 2 Masters Degrees from Cranfield University - UK , Certified Trainer for the American Management Association as well as CELEMI International Business Simulations and a Certified Practitioner/Assessor from Thomas International – UK.","https://technesummit.com/storage/events/2/speakers/01M0FBH4S82JH8EASPMFK9NHPC_1787221807_thumbnail.webp","https://technesummit.com/storage/events/2/speakers/01M0FBH8HC2SGXGXVYB71MF222_1787221811_company_logo.png","","https://technesummit.com/2026/speakers?page=3","https://technesummit.com/2026/speakers?page=3#speakerCardModal01M0FBH956FWAHGF5GQ0P1HG2B","2026-10-04"
"01M0FCN3XFN4D4WVXZA66AQGQY","Kamal Reggad","Co-Founder & CEO","RemotePass","","Kamal Reggad is the Co-founder and CEO of RemotePass, a global HR and fintech platform helping companies hire, manage and pay teams across 150+ countries. A serial tech entrepreneur, Kamal previously founded and scaled one of Morocco’s first e-commerce companies before its acquisition. He is an Endeavor Entrepreneur and holds a B.S. and M.S. in Computer Science from Northeastern University. Today, he is focused on building the infrastructure that makes global employment simpler and gives talent greater access to opportunities regardless of location.","https://technesummit.com/storage/events/2/speakers/01M0FCN223CM7JD69CH30KE1H8_1787222984_thumbnail.webp","https://technesummit.com/storage/events/2/speakers/01M0FCN3WEJC3FPH828YKB9GFX_1787222986_company_logo.png","","https://technesummit.com/2026/speakers?page=3","https://technesummit.com/2026/speakers?page=3#speakerCardModal01M0FCN3XFN4D4WVXZA66AQGQY","2026-10-04"
"01M0FFRAFGR70GVDWPMK7BTR1T","Mahmoud Hegab","Founder & CEO","Makkook.AI","Egypt","Strategic Business Architect with +15 years of experience in Enterprise AI Solutions.","https://technesummit.com/storage/events/2/speakers/01M0FFR7WAEWFGNGCGVYXJSW6Y_1787226234_thumbnail.webp","https://technesummit.com/storage/events/2/speakers/01M0FFRA3T21Q9FR86BX4DV5YZ_1787226237_company_logo.png","","https://technesummit.com/2026/speakers?page=3","https://technesummit.com/2026/speakers?page=3#speakerCardModal01M0FFRAFGR70GVDWPMK7BTR1T","2026-10-04"
"01M0FGSTPM12SBPW8QMNAGACF0","Ayman Elsherbiny","General Manager","تنقيب - TanQeeb","","NO. 1 Influencer all over LinkedIn Egypt, 700,000 Followers, I am an Egyptian LinkedIn influencer, with a passion in LinkedIn branding, LinkedIn algorithms optimization, and personal branding strategies for Experts to help individuals achieve the best possible results in securing meaningful job opportunities for growth. Over the past two years, I’ve helped more than 15,000 clients, with 80% of them successfully landing better job opportunities after optimizing their LinkedIn profiles. In addition to my consulting work, I deliver workshops and lectures in Egypt and Saudi Arabia, focusing on career development for fresh grads & student , personal branding for CEO's & Entrepreneurs, and building professional LinkedIn profiles that stand out in today’s competitive job market. driving success in the pharmaceutical, consumer goods, and FMCG industries. With over 14 years of experience in multinational companies, I have gained expertise across various fields including finance, warehousing, logistics operations, supply chain, and costing. As an influential LinkedIn presence, I strive to share my knowledge and insights with fellow professionals, fostering industry growth and development. With a proven track record of achieving results and driving operational excellence, I am dedicated to contributing to the success of organizations and professionals alike. Let's connect and explore opportunities to collaborate and make a positive impact in the industry.","https://technesummit.com/storage/events/2/speakers/01M0FGST0XXHZYJQSR9PQX2GY7_1787227334_thumbnail.webp","https://technesummit.com/storage/events/2/speakers/01M0FGSTNH74PRE8B07P57FR3B_1787227335_company_logo.png","","https://technesummit.com/2026/speakers?page=3","https://technesummit.com/2026/speakers?page=3#speakerCardModal01M0FGSTPM12SBPW8QMNAGACF0","2026-10-04"
"01M0FKQZ4RRKXBFA2B5YN9YRM2","Aly El-Semary","Executive Director, Digilians Initiative","Digital Pioneers","Egypt","Prof. Aly Elsemary - The vice dean for postgraduate research, Faculty of Engineering (girls side) at Al-Azhar University - The Executive Director of Digilians","https://technesummit.com/storage/events/2/speakers/01M0FKQYNACPCXT9N6VKYGVR86_1787230419_thumbnail.webp","https://technesummit.com/storage/events/2/speakers/01M0FKQZ46BCSDSJ1Y9RSV5KV1_1787230420_company_logo.png","","https://technesummit.com/2026/speakers?page=3","https://technesummit.com/2026/speakers?page=3#speakerCardModal01M0FKQZ4RRKXBFA2B5YN9YRM2","2026-10-04"
"01M0FM9D1J38HF72W6JB58PJMJ","Nevien Magdy","Co-Founder and CEO Qualiphi","Qualiphi","","Nevien Magdy is a visionary technology entrepreneur, digital transformation leader, and the Founder and CEO of Qualiphi—an AI-powered career education platform transforming how students, educational institutions, and employers connect across Egypt and the Middle East. With more than 15 years of experience in technology, business innovation, and digital transformation, Nevien has built her career around one powerful belief: talent is everywhere, but opportunity is not—and technology can help close that gap. Under her leadership, Qualiphi has grown into a pioneering career-tech ecosystem, supporting hundreds of thousands of students and graduates, partnering with leading universities and national institutions, and helping young people discover their potential, develop future-ready skills, and navigate their journey into the workforce. Nevien Magdy is a visionary technology entrepreneur, digital transformation leader, and the Founder and CEO of Qualiphi—an AI-powered career education platform transforming how students, educational institutions, and employers connect across Egypt and the Middle East. With more than 15 years of experience in technology, business innovation, and digital transformation, Nevien has built her career around one powerful belief: talent is everywhere, but opportunity is not—and technology can help close that gap. Under her leadership, Qualiphi has grown into a pioneering career-tech ecosystem, supporting hundreds of thousands of students and graduates, partnering with leading universities and national institutions, and helping young people discover their potential, develop future-ready skills, and navigate their journey into the workforce. Nevien’s story is defined by purpose, resilience, and the courage to build solutions for challenges that others often overlook. She combines the strategic mindset of a technology leader with the empathy of a mentor, turning ambitious ideas into platforms that create measurable social and economic impact. Beyond Qualiphi, Nevien is the Founder of Origin Technology Group and an active mentor to entrepreneurs and emerging leaders. Through every company she builds and every young person she inspires, she continues to prove that successful leadership is not only about building profitable businesses—it is about building possibilities for others. Nevien Magdy represents a new generation of Egyptian women in technology: bold in her vision, relentless in her execution, and deeply committed to creating a future in which every young person has the tools, confidence, and opportunity to succeed.","https://technesummit.com/storage/events/2/speakers/01M0FM9CFTMHTWG1NNKT5CWJA5_1787230990_thumbnail.webp","https://technesummit.com/storage/events/2/speakers/01M0FM9D1EKA1EDKHH3MZZ3KD4_1787230991_company_logo.png","","https://technesummit.com/2026/speakers?page=3","https://technesummit.com/2026/speakers?page=3#speakerCardModal01M0FM9D1J38HF72W6JB58PJMJ","2026-10-04"
"01M0PV9EFMDR53SY8DED9201NW","Mahmoud Abd Elrahman","Member of the E-Commerce Unit, Office of the Head of the Tax Authority","Egyptian Tax Authority","","With over a decade of dedication to the Egyptian Tax Authority, my career has evolved to specialize in the application of digital marketing strategies within the realm of tax law. Currently, as a Digital Marketing Specialist, I'm at the forefront of integrating innovative digital solutions to enhance tax compliance and policy development for e-commerce sectors. Serving dual roles, I also impart my knowledge as an Instructor In Digital Taxation , where my proficiency in tax regulations is shared with finance professionals. We've embraced a culture that values continuous learning and the adoption of digital tools to ensure the fiscal health and expansion of our economy. My mission is to foster an environment where growth and innovation in digital tax strategies are paramount.","https://technesummit.com/storage/events/2/speakers/01M0PV9E4B9FNC24WK5Z5G4WWJ_1787473213_thumbnail.webp","https://technesummit.com/storage/events/2/speakers/01M0PV9EFJHDP868KSSZJB4Y0Q_1787473213_company_logo.png","","https://technesummit.com/2026/speakers?page=4","https://technesummit.com/2026/speakers?page=4#speakerCardModal01M0PV9EFMDR53SY8DED9201NW","2026-10-04"
"01M0Q12YBVA4R4GB1NX2MGV2WB","Abdel-Azim Osman","Co-founder","Nawy","","Abdel-Azim Osman, an MIT graduate, started his career as a consultant at Booz Allen Hamilton, where he developed his strategic and analytical expertise. He then joined his family business, Osman Group, as a key member of the Board of Directors. Driven by a passion for growth and innovation, Abdel-Azim co-founded Nawy, the largest proptech in Africa, and Lynkrs, a leading digital media service provider. As Nawy's CMO, his analytical insight and creative vision have been pivotal in defining the brand and accelerating its growth. In addition to his entrepreneurial pursuits, Abdel-Azim serves on Meta's EMEA and MENA Advisory Boards, influencing corporate strategies globally.","https://technesummit.com/storage/events/2/speakers/01M0Q12XP51KKCF7898D1GEV93_1787479291_thumbnail.webp","https://technesummit.com/storage/events/2/speakers/01M115XX5JR2HKQZSCGZ5YZ9BD_1787819914_company_logo.jpg","","https://technesummit.com/2026/speakers?page=4","https://technesummit.com/2026/speakers?page=4#speakerCardModal01M0Q12YBVA4R4GB1NX2MGV2WB","2026-10-04"
"01M0Q54Q5FZ2FKJKSF6MJXHJHF","ِAhmad Samy Allam","COO","BDI","","With a robust foundation in operations management and business development, my leadership focus at the Business Development Institute (BDI) and Paths4 AI centers on driving operational excellence and scalable growth. As a Chief Operating Officer, I specialize in bridging the gap between strategic planning and execution. Our collective efforts prioritize implementing strategic projects efficiently by leveraging systems thinking, process mapping frameworks, and advanced tools like Microsoft Project. Furthermore, I integrate cutting-edge AI technologies and custom automation workflows into corporate training and feasibility studies, empowering cross-functional teams to streamline bottlenecks, optimize value delivery, and build sustainable business models.","https://technesummit.com/storage/events/2/speakers/01M0Q54P1CX822M6R4E2M6NHX5_1787483543_thumbnail.webp","https://technesummit.com/storage/events/2/speakers/01M1160YZKXYKVARRD8GB0RZWV_1787820014_company_logo.png","","https://technesummit.com/2026/speakers?page=4","https://technesummit.com/2026/speakers?page=4#speakerCardModal01M0Q54Q5FZ2FKJKSF6MJXHJHF","2026-10-04"
"01M0Q6XAEDB7WZ5GHE4AH7XGCX","Hisham Ghorab","Cofounder & CEO","Style Desgin","Egypt","","https://technesummit.com/storage/events/2/speakers/01M0Q6XA2FTY1GMNEWKFRFFCP8_1787485399_thumbnail.webp","https://technesummit.com/storage/events/2/speakers/01M0Q6XAD9ECJRWNYACKECZY2C_1787485399_company_logo.png","","https://technesummit.com/2026/speakers?page=4","https://technesummit.com/2026/speakers?page=4#speakerCardModal01M0Q6XAEDB7WZ5GHE4AH7XGCX","2026-10-04"
"01K94T3NAFRHTWR19BH8M8MWGQ","Nardeen Magdy","Head of Product Marketing Shamel","Vezeeta","","Pharmacist with 8+ years of experience in Health Tech Proven track record of success in opening new business streams through partnerships and deals Strong technical and business acumen as well as developing new digital product serving the market and filling the market gaps. Excellent communication and interpersonal skills Ability to work independently and as part of a team Passionate about improving the healthcare system Specific accomplishments: Built a Minimal Viable Product (MVP) as a Product Owner Opened a new business stream for my company through Pharmaceutical company partnerships and deals selling the MVP product Promoted to Regional Product Manager to build a new app to fit the GCC market needs","https://technesummit.com/storage/events/2/speakers/1762171934_01K94T3NAGZF42J63Y4589TB9E_thumbnail.webp","https://technesummit.com/storage/events/2/speakers/01M1169QAW646RD8EQCVJ1B8Q3_1787820301_company_logo.png","","https://technesummit.com/2026/speakers?page=4","https://technesummit.com/2026/speakers?page=4#speakerCardModal01K94T3NAFRHTWR19BH8M8MWGQ","2026-10-04"
"01M0QCE321M6A17SSE3FPYXWB6","Menna El Husseiny","Marketing Communication & PR Manager","Vezeeta","","Menna El Husseiny is the Marketing Communication & PR Manager at Vezeeta and an advocate for women empowerment and social development, and mental wellness! With over 9 years of experience in the Marketing and Communications field, Menna has collaborated with various impact-driven startups, companies and projects. Fueled by a passion to drive positive change in vital social issues, including mental health, women empowerment, social development and the entrepreneurship ecosystem, Menna is adamant to utilize her passion as a compass, not only in her leadership style but also in her strategic input on the campaigns and projects she leads. Menna believes that the holistic well-being of individuals is essential for fostering thriving businesses and communities. Her vision extends beyond professional success; she dreams of leveraging her expertise to create a sustainable impact that resonates within our community and uplifts those around her.","https://technesummit.com/storage/events/2/speakers/01M0QCE2KFRX0KW4NTV0FK3N3P_1787491191_thumbnail.webp","https://technesummit.com/storage/events/2/speakers/01M2D67NWT6T244TXM3VVV32AE_1789296629_company_logo.png","","https://technesummit.com/2026/speakers?page=4","https://technesummit.com/2026/speakers?page=4#speakerCardModal01M0QCE321M6A17SSE3FPYXWB6","2026-10-04"
"01K94T3NANA11WVHW44J5Y0N92","Ola Alyeldin","COO","Vezeeta","","Driven by a deep-seated passion for leveraging technology to improve lives, I am committed to championing positive change in healthcare and bridging the gap between technology and healthcare.","https://technesummit.com/storage/events/2/speakers/1762171934_01K94T3NAPGEAQKQ3TWX1694S8_thumbnail.webp","https://technesummit.com/storage/events/2/speakers/01M1165S5WYEP5EBKKX18VZPX4_1787820172_company_logo.png","","https://technesummit.com/2026/speakers?page=4","https://technesummit.com/2026/speakers?page=4#speakerCardModal01K94T3NANA11WVHW44J5Y0N92","2026-10-04"
"01M0QFEZFHM01J9HSMK409Y70X","Youssef Mohamed","CTO and co-founder","Vizioneer","Egypt","Dr. Youssef Mohamed is a distinguished artificial intelligence expert and serial entrepreneur holding a PhD in Social AI from KTH Royal Institute of Technology and an MSc in Robotics from the University of Bristol. With extensive industry experience developing commercial AI solutions for leading companies like PAL Robotics and Furhat Robotics, his expertise centers on human-robot interaction, natural language processing, and real-time affective state detection. Dr. Mohamed is the founder of two innovative technology startups: Pokamind, an AI-driven role-play and coaching skill-training platform, and Vizioneer, an advanced computer vision venture he is presenting at the Techne Summit.","https://technesummit.com/storage/events/2/speakers/01M0QFESDFJQEYPAGCPPM2WZ3S_1787494360_thumbnail.webp","https://technesummit.com/storage/events/2/speakers/01M0QFEYEZGSS1V654YF69VZFD_1787494365_company_logo.png","","https://technesummit.com/2026/speakers?page=4","https://technesummit.com/2026/speakers?page=4#speakerCardModal01M0QFEZFHM01J9HSMK409Y70X","2026-10-04"
"01K94T3NAJVXCKYME7WWHE6RT9","Mahmoud Ali","Founder & CEO","BDI","","Mahmoud Ali is an entrepreneur, business consultant, professional trainer, and the Founder & CEO of BDI, with over 15 years of experience in business development, entrepreneurship, training, and advisory services. Throughout his career, he has founded four companies and established a strong track record as a lecturer and professional trainer, delivering lectures, executive training programs, and business-focused learning experiences across a wide range of universities, major corporations, government entities, NGOs, and prominent organizations in diverse industries. He has trained more than 50,000 participants throughout his professional career. As Founder & CEO of BDI, Mahmoud leads the development of specialized business development programs, professional learning systems, and business support initiatives aimed at strengthening the capabilities of professionals and organizations. His expertise combines entrepreneurial execution, strategic consulting, and professional education, with a focus on business growth, organizational capability building, and the practical application of business knowledge.","https://technesummit.com/storage/events/2/speakers/01M0Q3ZF9NDQDWXNY348WC2722_1787482324_thumbnail.webp","https://technesummit.com/storage/events/1/speakers/01K60DP1GPSR9HF8H3XADW4DQT_1758803461_company_logo.png","","https://technesummit.com/2026/speakers?page=4","https://technesummit.com/2026/speakers?page=4#speakerCardModal01K94T3NAJVXCKYME7WWHE6RT9","2026-10-04"
"01M11GES76RWDVYRGV2K14YG8N","Kenzy Omar","Medical Content Creator","","Egypt","Kenzy Omar is a young doctor and health content creator passionate about the intersection of healthcare, technology, and innovation. She is particularly interested in how technology can make healthcare smarter and more accessible, while keeping the human side of medicine at the heart of every innovation.","https://technesummit.com/storage/events/2/speakers/01M11GEQD3AEY3R1Q3K7HC8K5M_1787830951_thumbnail.webp","","","https://technesummit.com/2026/speakers?page=4","https://technesummit.com/2026/speakers?page=4#speakerCardModal01M11GES76RWDVYRGV2K14YG8N","2026-10-04"
"01M1176J7936K649JA6BGQ71M3","Hatem Elbanna","Assistant Professor of Sport Psychology at ‏ESLSCA University & Mansoura University.","‏ESLSCA University","Egypt","I am an Assistant Professor of Sport Science specializing in Sport Psychology and Intelligent Systems. I earned my PhD from Bielefeld University, Germany, graduating magna cum laude. With over 10 years of experience in teaching, research, and applied practice, my work focuses on integrating psychology and technology to enhance athletic performance. My expertise includes mental training, neurofeedback, EEG, and sports technology, with a strong focus on translating scientific research into practical performance solutions. I have published extensively in leading Q1 journals and have served as a reviewer for prestigious international journals, including Biological Psychology and Frontiers in Psychology. I am also a member of the Emerging Countries Projects Committee at the International Society of Sport Psychology (ISSP). As a Sports Psychology and Performance Consultant, I work with elite athletes and national teams in Egypt, including the Judo and Fencing national teams, supporting their mental preparation and performance for international and Olympic competitions.","https://technesummit.com/storage/events/2/speakers/01M1176HHWSW30CJRTDTBY8BJ0_1787821246_thumbnail.webp","https://technesummit.com/storage/events/2/speakers/01M1176J6GPZT8VV71NFAT8709_1787821246_company_logo.png","","https://technesummit.com/2026/speakers?page=4","https://technesummit.com/2026/speakers?page=4#speakerCardModal01M1176J7936K649JA6BGQ71M3","2026-10-04"
"01M11K6BRMN76RGSNS7RRT1NZ2","Ahmed Sallem","Co-Founder - CEO","Kuadra","Egypt","Ahmed Salem is an engineer, entrepreneur, and business professional with nearly 20 years of experience across engineering, commercial management, business development, and project management in Egypt and the GCC. He is the Co-Founder & CEO of Kuadra, an AI-driven technology company developing practical industry solutions across sectors including construction, logistics, and oil & gas. Ahmed’s experience combines a strong engineering background with commercial and business development expertise, with a growing focus on how AI and emerging technologies can improve decision-making, productivity, and business performance across different industries.","https://technesummit.com/storage/events/2/speakers/01M11K6B50T3TEQXEAF482J2Z3_1787833822_thumbnail.webp","https://technesummit.com/storage/events/2/speakers/01M11K6BQ40BVWTBBM9W2RKXJX_1787833822_company_logo.png","","https://technesummit.com/2026/speakers?page=4","https://technesummit.com/2026/speakers?page=4#speakerCardModal01M11K6BRMN76RGSNS7RRT1NZ2","2026-10-04"
"01M11M2R4BAB3WN8T795VDKQHV","Nelly Mahmoud","Chief Officer, Marketing, Youth Segment Services & Financial Inclusion","EGBANK","Egypt","Nelly Mahmoud is a dynamic leader at the intersection of banking, communications, and entrepreneurship, with 29 years of distinguished experience transforming how financial institutions connect with emerging markets and underserved communities across fashion, real estate, advertising, banking, and fintech industries in Europe, the US, the Gulf, and Egypt. Transforming EGBANK Over ten years at EGBANK, Nelly orchestrated one of Egypt's most successful banking transformations. As Chief Officer of Corporate Communications & Marketing, she spearheaded the bank's complete rebranding with a revolutionary youth-centric business proposition, transforming EGBANK into one of Egypt's fastest-growing banks and a leading voice in youth banking and financial innovation. Currently heading Youth Beyond Banking and Financial Inclusion divisions, Nelly has become a cornerstone of Egypt's entrepreneurial ecosystem. Her expertise in entrepreneurship, fintech, startup incubation, and youth capacity building has expanded EGBANK's customer portfolio while fundamentally changing how young Egyptians and underserved segments access financial services. Through innovative capacity-building programs and strategic partnerships, she fosters financial literacy, entrepreneurship skills, and sustainable business development. Credentials & Recognition Nelly holds a Mass Communications degree from Cairo University and is fluent in English, French, and Arabic. She is a certified board member with advanced certifications in Strategic Branding (London Business School) and Fintech & Digital Payments (CFTE-EBI). As a certified fashion designer, stylist, and TV presenter, she brings unique creative storytelling expertise to brand building and public engagement. Named one of the Top 50 Influential Women in Egypt (2020), Nelly shapes industry policy as a member of the Financial Inclusion Committee of the Federation of Egyptian Banks and serves on the Board of Advisors of the British University of Egypt. Nelly Mahmoud represents the new generation of banking leaders who understand that financial inclusion means empowering communities, nurturing entrepreneurship, and building sustainable pathways to economic prosperity.","https://technesummit.com/storage/events/2/speakers/01M11M2QN2NWJR0XF8TX2PQP09_1787834752_thumbnail.webp","https://technesummit.com/storage/events/2/speakers/01M11M2R3R0A48DYAXXWETYSRY_1787834753_company_logo.png","","https://technesummit.com/2026/speakers?page=4","https://technesummit.com/2026/speakers?page=4#speakerCardModal01M11M2R4BAB3WN8T795VDKQHV","2026-10-04"
"01M11NK2KQJBRKSQ6H2CKS044G","Mohamed Hammada","Regional Manager","Söderhub","","Mohamed Hamada is Regional Manager for MENA at Söderhub, a Swedish consultancy supporting Nordic companies with market entry, partnerships, and business development across the Middle East and North Africa. He also works as a Project Manager at FunRock, where he manages international teams and client projects across gaming and digital products. Mohamed’s background combines commercial execution, cross-border business, and investment fundamentals, supported by his completion of the Private Equity Diploma at the American University in Cairo. His experience spans both the Nordic and MENA markets, with a focus on turning business opportunities into practical partnerships and projects.","https://technesummit.com/storage/events/2/speakers/01M11NK1JAPXHQYKW26P8VYWPR_1787836335_thumbnail.webp","https://technesummit.com/storage/events/2/speakers/01M11NK2DX1XPS8N52DY3FQ1MF_1787836336_company_logo.png","","https://technesummit.com/2026/speakers?page=4","https://technesummit.com/2026/speakers?page=4#speakerCardModal01M11NK2KQJBRKSQ6H2CKS044G","2026-10-04"
"01M11PDWBPKYZZ4Q9RZABD1MDY","Hosam Mattar","Co-Founder & Chief Medical Officer","Kera Health Platforms Inc.","Egypt","As the Co-Founder and Chief Health Officer at Kera Health Platforms Inc., I lead the clinical aspect for development and implementation of cutting-edge AI solutions that improve healthcare delivery and outcomes. With more than 20 years of experience in the healthcare sector, I have a deep understanding of the challenges and opportunities in transforming the industry with technology and innovation. Previously being a Co-Founder and Chief Medical Officer at AXA Africa Health, I successfully launched ""OneHealth by AXA"", a chain of state of the art medical facilities across Egypt & Nigeria. we also developed AXA's first in-house EHR and Teleconsultation platform, we called it ""Peret"". My core competencies include healthcare strategy, health insurance, clinical governance, healthcare operations, medical equipment and diagnostics, digital transformation, EMR and HIS, telehealth, remote patient monitoring, and wearables. I have successfully launched and managed multiple healthcare ventures and projects in Africa and the Middle East, leveraging my expertise in emergency and preventive medicine, healthcare management, and health insurance. I am passionate about creating positive impact and value for patients, providers, and stakeholders through healthcare innovation and digital transformation.","https://technesummit.com/storage/events/2/speakers/01M11PDW0TJYEH8T7J34VQE31A_1787837214_thumbnail.webp","https://technesummit.com/storage/events/2/speakers/01M11PDWBE6KVABRVV0KEGA9EJ_1787837215_company_logo.png","","https://technesummit.com/2026/speakers?page=4","https://technesummit.com/2026/speakers?page=4#speakerCardModal01M11PDWBPKYZZ4Q9RZABD1MDY","2026-10-04"
"01M11PY5NR7TVXZNR2N813NP1F","Hussein Bahgat","Founder","Ritual Coffee Company","Egypt","Hussein Bahgat is the Founder and Managing Director of Ritual Coffee Co., a specialty coffee roastery and training academy based in Egypt. One of the internationally certified coffee quality experts in the region and one of the pioneers of specialty coffee in Egypt, he has spent over 9 years building Ritual into a leading name in the country’s growing specialty coffee scene since 2018.","https://technesummit.com/storage/events/2/speakers/01M11PY58PDYMW4MDMZR8P9P3V_1787837748_thumbnail.webp","https://technesummit.com/storage/events/2/speakers/01M11PY5NPMYV71P4JA0KTD1BT_1787837748_company_logo.png","","https://technesummit.com/2026/speakers?page=4","https://technesummit.com/2026/speakers?page=4#speakerCardModal01M11PY5NR7TVXZNR2N813NP1F","2026-10-04"
"01M11RW9JASPEWNYJCNV26406Q","Tarek Nasr","Founder & CEO","ThePlanet Studios","Egypt","Tarek Nasr is a prominent serial entrepreneur best known as the founder and CEO of ThePlanet Studios. He transitioned from a digital media pioneer into a leading creator of high-end mainstream entertainment in the MENA having produced multiple hit series and films including ""The Giza Killer"", ""Batal El Alam"" & ""Egybest""","https://technesummit.com/storage/events/2/speakers/01M11RW975TJM6V8EECKCYPRXF_1787839784_thumbnail.webp","https://technesummit.com/storage/events/2/speakers/01M11RW9HKGQY669ZQ85RC4G69_1787839784_company_logo.png","","https://technesummit.com/2026/speakers?page=4","https://technesummit.com/2026/speakers?page=4#speakerCardModal01M11RW9JASPEWNYJCNV26406Q","2026-10-04"
"01K94T3KXJ6HCTRXR337VCHW7G","Karima El Hakim","Country Director for Egypt and Co-Director Africa","Plug and Play","Egypt","Karima El Hakim is Partner, Africa at Plug and Play Tech Center, where she leads the firm’s venture capital activities across the continent and drives the expansion of its open innovation and corporate partnerships in African markets. Her investment and advocacy work spans fintech, cybersecurity, smart cities, and industrial innovation, with a strong emphasis on building scalable, market-driven ecosystems that connect capital, policy, and technology. Karima is actively engaged in shaping AI application and development across African markets, working through programs, enablement accelerators, and government partnerships to translate emerging technologies into scalable, ground-level impact. Karima is an MIT Foundry Fellow (2025) and Co-Chair of the Innovation and Entrepreneurship Committee at the American Chamber of Commerce in Egypt. She serves on the Board of EGX Holding Company for Financial Markets’ Development, the holding company of the Egyptian Exchange, and on the Board of Value SMEs, a financial services company focused on SME lending. She also serves on the inaugural Advisory Committee of the Financial Regulatory Authority’s FinTech Regulatory Sandbox for the 2026–2027 term. Previously, Karima held leadership and ecosystem-building roles at Fawry, Falak Startups, Orascom Development Holding, and Danone, building experience across financial technology, entrepreneurship, investment, corporate innovation, and business development.","https://technesummit.com/storage/events/2/speakers/1762171932_01K94T3KXTAV3P2J91ZPJBX2MP_thumbnail.webp","https://technesummit.com/storage/events/2/speakers/01M32XKM5QZRS9E6D4QSP5C3WR_1790025781_company_logo.png","","https://technesummit.com/2026/speakers?page=4","https://technesummit.com/2026/speakers?page=4#speakerCardModal01K94T3KXJ6HCTRXR337VCHW7G","2026-10-04"
"01M11VQ8VR7J1C1TVJT38H8CSZ","Rasha Kinawi","Leadership Corproate Trainer","Self-Employed","Egypt","Rasha Kenawi is a senior Economist and Advisor to Governments turned Leadership Development Expert, Trainer and Corporate Culture Consultant. She is one of the awarded Top 50 Most Influential Women during 2020. Rasha is the founder of RK Leadership Consulting and one of the “Adaptive Leadership Network” of Harvard Practitioners around the world– our aim is to work with executive teams to improve their leadership competencies and effectiveness. Rasha holds a Master’s degree for Public Administration from Harvard Kennedy School. She became obsessed with transforming organizations and people who are seeking higher performance level. Her end goal is to develop moral leaders around the world. Rasha is now working with global brands as a highly-rated Executive trainer and Transformational leadership expert.","https://technesummit.com/storage/events/2/speakers/01M11VQ86S11XGC5M0X9TAJZ58_1787842765_thumbnail.webp","https://technesummit.com/storage/events/2/speakers/01M11VQ8V7RKYHYK76X4A25KGF_1787842765_company_logo.png","","https://technesummit.com/2026/speakers?page=4","https://technesummit.com/2026/speakers?page=4#speakerCardModal01M11VQ8VR7J1C1TVJT38H8CSZ","2026-10-04"
"01M11XDD6R1SYCYP6A1Q02ARH6","Hany Ragy","Consultant Cardiologist, National Heart Institute","Cardiocath medical","Egypt","Consultant Cardiologist graduated 1980, head of cardiology department,national heart institute. Member of supreme council of medical responsibility, of the National high committee for Heart diseases, and early technology adopter of AI in medicine","https://technesummit.com/storage/events/2/speakers/01M11XDCGTDYPSA9B8MFRX1NHK_1787844538_thumbnail.webp","","","https://technesummit.com/2026/speakers?page=4","https://technesummit.com/2026/speakers?page=4#speakerCardModal01M11XDD6R1SYCYP6A1Q02ARH6","2026-10-04"
"01M11XRTM2ZXSAW1W2VM69T5PG","Ahmed Aly Mostafa","Digital Health & Innovation Lead","Roche","Egypt","Ahmed Aly Mostafa is the Digital Health & Innovation Lead at Roche Egypt, where he bridges the gap between clinical medicine and technological innovation to drive Personalized Healthcare. A Gastroenterologist and Hepatologist by training, he transitioned from full-time clinical practice at EGYPTAIR Hospital to spearhead data-driven health-tech solutions. With prior leadership roles at Startups as Clinical Director at Balsamee LTD and Medical Advisor for NabdaCare, Ahmed Aly leverages his deep clinical foundation and digital health expertise to build a more effective, patient-centric, and accessible healthcare ecosystem.","https://technesummit.com/storage/events/2/speakers/01M11XRT6ZPVWFNPG5Q2QVMXWP_1787844913_thumbnail.webp","https://technesummit.com/storage/events/2/speakers/01M11XRTK6WBDRRTP1K7W75RMW_1787844913_company_logo.png","","https://technesummit.com/2026/speakers?page=4","https://technesummit.com/2026/speakers?page=4#speakerCardModal01M11XRTM2ZXSAW1W2VM69T5PG","2026-10-04"
"01K94T3HHXPT3APNG4CMTGFKDD","Laila Helmy","Head of Digital Transformation","First Abu Dhabi Bank Misr (FABMISR)","Egypt","Laila A. Helmy is a digital transformation and technology leader with over 15 years of experience spanning banking, healthcare, technology, data, and digital innovation. She currently leads Digital Transformation for Consumer Banking at FABMISR, where she focuses on reimagining customer journeys, accelerating digital adoption, and translating emerging technologies into practical solutions that create measurable value for customers and the business. Before joining banking, Laila spent a decade at AstraZeneca, where she held leadership roles across IT, digital innovation, data, and transformation. Her work included digital health, customer engagement, analytics, technology-enabled patient journeys, and collaborations across the healthcare ecosystem. Laila holds a Bachelor’s degree in Computer Science from Cairo University. She continues to invest in her learning at the intersection of technology, business, and transformation, most recently completing the AI in Healthcare program from Johns Hopkins University.","https://technesummit.com/storage/events/2/speakers/01M19B535NBAB1MR6MEJJS6X32_1788093828_thumbnail.webp","https://technesummit.com/storage/events/2/speakers/01M19B541CEY6SGJXXKJ7KA0T3_1788093829_company_logo.png","","https://technesummit.com/2026/speakers?page=4","https://technesummit.com/2026/speakers?page=4#speakerCardModal01K94T3HHXPT3APNG4CMTGFKDD","2026-10-04"
"01M11YM9P7ZDTYXX7XAABTHGSA","Nermin Dossouky","Sustainable Urban Development Expert","","Egypt","Nermin Dessouky is an international development and research and innovation professional with over a decade of experience working at the intersection of urbanism, sustainable cities, technology, policy, research, and institutional development. She currently serves as Executive Director of the EU Liaison Office for Research and Innovation at Egypt’s Ministry of Higher Education and Scientific Research, where she works to strengthen Egypt’s participation in European research and innovation programmes and build stronger connections between academia, government, industry, and international partners. Previously, Nermin worked with UN-Habitat, leading urban development initiatives across areas including urban policy, housing, mobility, local economic development, urban innovation, and sustainable city development. Her work has included engagement with emerging urban technologies and the evolving relationship between cities, technology, and the built environment. Her experience also includes working on the first Sustainable Community in the Middle East, where she contributed to designing interventions and “nudges” that encourage more sustainable behaviours and make sustainability part of everyday community life. Trained as an architect and urban geographer, Nermin holds a PhD in Urban Geography from the University of California, Davis, and an MSc in Sustainable Development from the American University in Cairo. She has worked across Egypt, the United States, and the UAE, and has taught and mentored students and professionals. She is particularly interested in how technology, innovation, and entrepreneurship can reshape cities and improve the way people interact with the built environment from PropTech and urban innovation to more sustainable, inclusive, and resilient communities.","https://technesummit.com/storage/events/2/speakers/01M11YM93Y9KJBDSRJZGA7851N_1787845813_thumbnail.webp","","","https://technesummit.com/2026/speakers?page=4","https://technesummit.com/2026/speakers?page=4#speakerCardModal01M11YM9P7ZDTYXX7XAABTHGSA","2026-10-04"
"01M19J5EFAVRBPSQ6KXCZP19CA","Mohamed Tohami","Bestselling Author & Award-Winning Entrepreneur","Passion Point","Egypt","Mohamed Tohami is a bestselling author, 6x Stevie® Award-winning entrepreneur, and the Middle East’s leading voice on passion-driven entrepreneurship. For more than 20 years, his books, programs, and talks have helped thousands of people rethink success, build businesses around what they love, and create lives with more freedom and impact. At the heart of all his work is one core belief: Freedom of Choice — the freedom to choose how you work, how you live, and what success means to you.","https://technesummit.com/storage/events/2/speakers/01M19J5DZ37JWE8PVCXVDVCCQQ_1788101179_thumbnail.webp","https://technesummit.com/storage/events/2/speakers/01M19J5EEH7HJ50KW7PBD2D3AY_1788101179_company_logo.png","","https://technesummit.com/2026/speakers?page=4","https://technesummit.com/2026/speakers?page=4#speakerCardModal01M19J5EFAVRBPSQ6KXCZP19CA","2026-10-04"
"01M1BCPKX23XM6HJ7HA13RDR35","Amal Enan","Partner","500 global","Egypt","Amal Enan is a multi-asset investor and institution builder with over two decades of experience deploying capital across public and private markets, fixed income, real estate, venture, and fund investments in emerging markets. Amal serves as Chief Investment Officer of the American University in Cairo’s Endowment, where she constructs and oversees a diversified portfolio spanning multiple asset classes with the dual mandate of preserving intergenerational capital and sustaining access to education. Alongside this, she is a Partner at 500 Global, a USD 2.4 billion venture capital firm, where she leads the country’s operations early-stage investments in Egypt across sectors. Amal’s most distinctive expertise lies in identifying and backing first-time fund managers. As Executive Director of the Egyptian-American Enterprise Fund — which she joined as its first employee and grew to over USD 300 million under management — she seeded four first-time fund managers, providing not just capital but the institutional scaffolding needed for emerging managers to scale. This work positioned EAEF as one of the most consequential catalysts for private capital formation in Egypt. Prior to EAEF, Amal built her investment foundation at the International Finance Corporation, structuring debt and equity transactions across MENA infrastructure, and at the leading regional investment bank, EFG-Hermes. She also served at Egypt’s Ministry of Finance, where she shaped macroeconomic reform policy and engaged international institutions on sovereign fiscal matters. Amal holds an MBA from Harvard Business School, a Master’s in Environment and Development from the London School of Economics, and a Bachelor’s in Economics from Cairo University. She is a CFA Charterholder, a Young Global Leader at the World Economic Forum, a MELI Fellow at the Aspen Institute, and a Term Member of the Council on Foreign Relations. She is the founder of The Lotus Collective, dedicated to women’s access to finance and climate solutions. She serves on the boards of One Bank, The Suez Canal Container Terminal, UEFFIC, and SmartCare Medical.","https://technesummit.com/storage/events/2/speakers/01M1BCPJCTK6SR08QW37FKR6TR_1788162558_thumbnail.webp","https://technesummit.com/storage/events/2/speakers/01M1BCPKSQG6YZCM29TBC4TPTD_1788162559_company_logo.webp","","https://technesummit.com/2026/speakers?page=4","https://technesummit.com/2026/speakers?page=4#speakerCardModal01M1BCPKX23XM6HJ7HA13RDR35","2026-10-04"
"01M1BH8K60AR104J2805JZYQAD","Mohamed Elbassiouni","Co-Founder & Managing Director","TayarahWorld","Egypt","An Egyptian construction engineer and entrepreneur, who launched Egypt’s first online content magazine with the intention of sparking happiness at a challenging time for the nation in 2011: what started off as Disalata, evolved into Tayarah in 2014 to become Egypt’s first untraditional advertising boutique and veteran content hub that he co-founded and currently heads as Managing Director, where he continues to mindfully add value to brands and targeted audiences through innovative creative formats and optimized productions, and collaborations with Egypt’s most acclaimed brands, agencies, and celebrities. Leveraging on his passion for storytelling and impacting people and societies, in 2022, Bassiouni embarked on his first hosting experience through an original round-table digital format, “Khatwetein Li Wara, aimed at inspiring aspiring Egyptian entrepreneurs by providing proof that dreams are attainable through showcasing the raw, humane, and authentic stories of some of the most acclaimed businessmen in different industries across the country. Bassiouni has an aptitude for scouting talent, both, on the corporate and creative levels, where he has a record of nurturing skills through training and creative incubation before directing them into areas of growth and sustainability.","https://technesummit.com/storage/events/2/speakers/01M1BH8HRWAM6T5G4K8MFPPD0Q_1788167341_thumbnail.webp","https://technesummit.com/storage/events/2/speakers/01M1BH8K0JHA2PT8J7XQA9GGMS_1788167343_company_logo.jpeg","","https://technesummit.com/2026/speakers?page=4","https://technesummit.com/2026/speakers?page=4#speakerCardModal01M1BH8K60AR104J2805JZYQAD","2026-10-04"
"01M1BJKEQ4QB68VQRB1RE9QWAH","Samar Refaat","Head of Fintech & Startups Partnerships Digital Banking Innovation & Retail Support","Saib Bank","Egypt","I am a results-driven fintech leader and innovation strategist dedicated to bridging the gap between traditional banking infrastructure and the rapidly evolving tech ecosystem. Currently, I serve as the Head of FinTech and Startup Partnerships at SAIB (Société Arabe Internationale de Banque), where I spearhead the integration of cutting-edge technologies—such as AI/ML models, automated supply chain financing, and next-generation onboarding frameworks—to drive scalable institutional synergy and bank-wide digital transformation. Throughout my career, I have held pivotal leadership roles at prominent financial institutions, including Arab Investment Bank (aiBANK) and ALEXBANK (Intesa Sanpaolo Group). In these positions, I successfully managed P&L portfolios, spearheaded high-performing retail asset divisions, and designed comprehensive wealth and bancassurance propositions. Driven by a commitment to financial inclusion and forward-thinking governance, I actively contribute as a member of both the Federation of Egyptian Banks (FEB) Fintech Committee and the Saib AI Committee.I hold a BA in Commerce from Cairo University and am a dual-certified professional from The Chartered Insurance Institute (CII - London). By fostering agile, data-driven collaboration, I focus on transforming core operational processes and scaling mutually beneficial commercial solutions that unlock sustainable business growth.","https://technesummit.com/storage/events/2/speakers/01M1BJKB9Y1D3A7MK66M26AB2F_1788168744_thumbnail.webp","https://technesummit.com/storage/events/2/speakers/01M1BJKEH60HTMH11RTXZXDNXR_1788168747_company_logo.png","","https://technesummit.com/2026/speakers?page=4","https://technesummit.com/2026/speakers?page=4#speakerCardModal01M1BJKEQ4QB68VQRB1RE9QWAH","2026-10-04"
"01M1BTX9TAGJ75ATG59MYR98KE","Jessy Radwan","CEO & Founder","Carerha","Egypt","Title: Founder and CEO Carerha Jessy Radwan is the founder and CEO of Carerha, a female focused career platform empowering women economically and fostering inclusive workplaces. With a degree in business administration and economics from the American University in Cairo, Jessy has built a successful career in sales, business development, and marketing, working with leading companies such as Palm Hills, Orascom Development, and Inertia. Driven by a passion for promoting diversity and inclusion in the workplace, Jessy founded Carerha to bridge the gender gap and create a more equitable work culture. Carerha provides comprehensive courses, programs, and events designed to enhance women’s qualifications for the job market or empower them to start and scale their own businesses. Furthermore, Carerha offers a range of employer services for companies in order to contribute to fostering diverse and inclusive workplaces.","https://technesummit.com/storage/events/2/speakers/01M1BTX8991JSFSWNRFWEZVQTA_1788177457_thumbnail.webp","https://technesummit.com/storage/events/2/speakers/01M1BTX9HMPX5EJ8S0J1JRP0Z9_1788177458_company_logo.png","","https://technesummit.com/2026/speakers?page=4","https://technesummit.com/2026/speakers?page=4#speakerCardModal01M1BTX9TAGJ75ATG59MYR98KE","2026-10-04"
"01M1EDBJ4QQDV5ERVVJ9G8GHWD","Cem Tarık Yüksel","General Manager","Unilever North Africa, Levant & Iraq","","Cem Tarık Yüksel has been serving as the General Manager for North Africa, Levant, and Iraq at Unilever since April 2024, based in Cairo, Egypt. In this position, leveraging his 38 years of experience, he leads the company’s strategic direction and operations across a diverse and rich region, with a focus on sustainable growth, advancing organizational capabilities, and strengthening Unilever’s presence in one of its most dynamic markets. He has served several years as Gulf Countries Managing Director from 2016 and served as different managing director positions in the region. Earlier, in 2009, he was appointed Vice President of Customer Development in Türkiye. During this period from 2010 until 2020 , He had a dual responsibility serving as Customer Development Lead for the NAMETRUB (North Africa, Middle East, Turkey , Russia , Ukraine, Belarus and Central Asia ) region, where he advanced market strategies, drove sales growth, and strengthened customer relationships. Earlier, in 2006, Yüksel served as Vice President of Human Resources for Turkey, Central Asia, the Caucasus, and Iran, where he shaped HR strategies with a focus on talent development, employee engagement, and building high-performing teams. In 2003, he took on dual roles as Vice President of Technology and Vice President of Planning and Logistics for the Operational Group Ice Cream and Frozen Foods Europe at Unilever, overseeing operations, planning, and technological advancements. In his earlier stages of his career, in 1998, Yüksel was appointed Supply Chain Director for Algida Ice Cream at Unilever Türkiye. He began his career with Unilever in 1987, holding various supply chain management positions in Turkey and Italy, where he gained broad operational expertise in logistics, planning, and manufacturing, experience that shaped the strategic yet hands-on leadership style he continues to apply today. Yüksel holds a degree in Electronics Engineering from Boğaziçi University and an MBA from Istanbul University. He further enhanced his expertise through post-graduate studies in Digital Business at Columbia Business School and MIT Executive Education. He is the ex-President of Futurist Association and Consultancy Board member currently.","https://technesummit.com/storage/events/2/speakers/01M1EDBHT1TPNPVQEAP40RE8CK_1788263909_thumbnail.webp","https://technesummit.com/storage/events/2/speakers/01M1EDBJ4NWSWJWG54T7S1JSDY_1788263909_company_logo.jpg","","https://technesummit.com/2026/speakers?page=4","https://technesummit.com/2026/speakers?page=4#speakerCardModal01M1EDBJ4QQDV5ERVVJ9G8GHWD","2026-10-04"
"01M1GRV5JVX5EPB7WC2TCCP43F","Nada Shaheen","Managing Director","GB Ventures","Egypt","Nada Shaheen is the Managing Director of GB Ventures, the corporate venture capital arm of GB Corp, one of the leading industrial groups in the Middle East and Africa. As the first Egyptian woman to lead a corporate venture capital fund in Africa, she plays a pioneering role in bridging corporate innovation with high-growth startup ecosystems across emerging markets. With over a decade of experience in entrepreneurship, venture capital, and innovation, Nada has worked with institutions including the Central Bank of Egypt and the European Union, and now leads strategic investments across fintech, mobility, logistics, and industrial technologies. A serial entrepreneur, she brings an operational lens to investing and actively mentors early-stage founders across Egypt and Sub-Saharan Africa. Nada is a member of Global Women in VC and a frequent speaker at leading international technology and investment forums across Africa and the Middle East.","https://technesummit.com/storage/events/2/speakers/01M1GRV576HV6T3P3P99PTA8BX_1788343063_thumbnail.webp","https://technesummit.com/storage/events/2/speakers/01M1GRV5JRJBTMKXA30G9M3YKF_1788343064_company_logo.png","","https://technesummit.com/2026/speakers?page=4","https://technesummit.com/2026/speakers?page=4#speakerCardModal01M1GRV5JVX5EPB7WC2TCCP43F","2026-10-04"
"01M1GY0CKK2P0TCMSQ0NA24913","Dalia Abouomar","Founder & TV Anchor","Proteinni","Egypt","Dalia Abou Omar is an Egyptian entrepreneur, TV anchor, and media professional working at the intersection of entrepreneurship, technology, and the future of food. She is the Founder of Proteinni, a food technology company transforming the protein industry through innovation in processing, preservation, and access to high quality protein products. With a long standing career in media and a deep engagement with Egypt’s entrepreneurial ecosystem, Dalia has worked closely with founders, investors, and innovators, gaining a first hand understanding of what it takes to turn ideas into businesses. Her work today focuses on bridging media, business, and technology while exploring how innovation can address real world challenges and create scalable opportunities across the region","https://technesummit.com/storage/events/2/speakers/01M1GY0B36WCJ1Q7W97EERFYDZ_1788348476_thumbnail.webp","https://technesummit.com/storage/events/2/speakers/01M1GY0CGD3Z208EQX5X9F9RR8_1788348477_company_logo.jpeg","","https://technesummit.com/2026/speakers?page=4","https://technesummit.com/2026/speakers?page=4#speakerCardModal01M1GY0CKK2P0TCMSQ0NA24913","2026-10-04"
"01M1H2X4N24EDASNEW1X6BPBPF","Belal Zahran","Chief Revenue Officer","Foodics","Egypt","Belal Zahran is the Chief Revenue Officer at Foodics overseeing the company’s revenue strategy, commercial growth, and regional expansion across key markets, including Saudi Arabia, the UAE, Egypt, Kuwait, and Jordan. Since joining Foodics in August 2021, Belal has played a pivotal role in driving the company’s growth and strengthening its regional presence. Before serving as Chief Revenue Officer, he was the Regional Managing Director of Foodics Egypt & the UAE, where he led commercial expansion, built strong teams, strengthened customer and partner relationships, and developed growth strategies tailored to each market. Belal began his career in banking, working with HSBC and CIB for five years before transitioning into the startup ecosystem. In 2012, he joined Bayt.com, where he climbed the ranks to become Country Manager for Egypt, leading the company’s strategic and operational activities. Belal holds an MBA from ESLSCA Business School in Paris. Passionate about the F&B industry’s potential, he believes in technology’s role in driving business growth, improving restaurant operations, and supporting the sector’s digital transformation across the region.","https://technesummit.com/storage/events/2/speakers/01M1H2X41NC727CT031DZNA3HF_1788353613_thumbnail.webp","https://technesummit.com/storage/events/2/speakers/01M1H2X4KY4V182ZF2KJBS7HF8_1788353614_company_logo.png","","https://technesummit.com/2026/speakers?page=4","https://technesummit.com/2026/speakers?page=4#speakerCardModal01M1H2X4N24EDASNEW1X6BPBPF","2026-10-04"
"01M1H35T8KKH2JWAHRWYD61Q9D","Nour El-Shaeri","Founder & CEO","Investment Analyst AI","Egypt","Nour El-Shaeri is the Founder and CEO of IA — Investment Analyst AI, an AI screening and evaluation layer built for venture funds and accelerators, and Chief Business Officer of GATEIT, where he leads the commercial side of enterprise AI deployments. He leads startup and venture capital coverage at Arab News, the Middle East's leading English-language daily, reporting on the founders, funding and policy shaping the technology economy across Saudi Arabia and the wider region, and serves as Strategic Communications Director at PACEHAUS. His work sits where capital, technology and narrative meet — turning information into intelligence, and intelligence into decisions that hold up under scrutiny.","https://technesummit.com/storage/events/2/speakers/01M1H35R6KZFDPX0D4CWS01Q6S_1788353896_thumbnail.webp","https://technesummit.com/storage/events/2/speakers/01M1H35T63WXBX6SGGM96548KY_1788353898_company_logo.png","","https://technesummit.com/2026/speakers?page=4","https://technesummit.com/2026/speakers?page=4#speakerCardModal01M1H35T8KKH2JWAHRWYD61Q9D","2026-10-04"
"01M1H3C0PYZX541V2Q3PPZHBSF","Ahmed Shaban","International shooting coach","Shooting art academy","Egypt","International Shooting Coach & Former Olympic Athlete specializing in 10m Air Pistol and 25m events with over 18 years of experience. Proven success in training elite athletes for Gulf, Arab, Asian, World Cups, World Championships, and Olympic competitions. Holder of ISSF C & D Coaching Certificates, with strong expertise in performance analysis, training program design, and mentoring athletes of all levels (youth, junior, senior). Skilled in guiding local coaches, implementing modern coaching methods, and fostering athlete motivation to achieve excellence.","https://technesummit.com/storage/events/2/speakers/01M1K2Y9YCNX8Z1HGG915V425Q_1788420761_thumbnail.webp","https://technesummit.com/storage/events/2/speakers/01M1H3C0PVT2H0HSV19DGXEWWC_1788354101_company_logo.png","","https://technesummit.com/2026/speakers?page=4","https://technesummit.com/2026/speakers?page=4#speakerCardModal01M1H3C0PYZX541V2Q3PPZHBSF","2026-10-04"
"01M1H42E34NMV25KQVCGNVRBM5","Ayat Abdelhady","Founder and CEO","A90 For health services","Egypt","I am Dr. Ayat Abdelhady, holding a PhD in Health Club Management. I am also the Founder and Owner of A90 for Health Services. I have more than 15 years of extensive practical experience in the health and fitness industry, with a strong background in the management, operation, and development of health clubs and fitness facilities. In addition to my professional experience, I have conducted and contributed to several studies and research projects related to the management and development of health clubs and the fitness industry. This combination of academic knowledge and practical experience has given me a comprehensive understanding of the industry and its operational, managerial, and developmental requirements.","https://technesummit.com/storage/events/2/speakers/01M1H425Y08ZZ6Y0GY99ZJRXS3_1788354828_thumbnail.webp","https://technesummit.com/storage/events/2/speakers/01M1H42D319NEJGD9KC51XB2VC_1788354835_company_logo.jpeg","","https://technesummit.com/2026/speakers?page=4","https://technesummit.com/2026/speakers?page=4#speakerCardModal01M1H42E34NMV25KQVCGNVRBM5","2026-10-04"
"01K94T3H8GHT56QEX3Z7AAQ86Y","Hazem Kamel","Managing Director- Private Equity at NICapital","NI Capital","Egypt","Hazem Kamel is the Managing Director at NI Capital Investment Holding, with nearly 25 years of extensive experience in investment management across Egypt and the broader MENA region. In this role, he has been pivotal in establishing NI Capital's Private Equity (PE) department and developing the Ayady Investment strategy. Under his leadership, the PE team has executed transactions exceeding EGP 1 billion and successfully exited investments valued at over EGP 4 billion. Prior to joining NI Capital, Kamel served as the Chairman and Managing Director of Naeem Financial Investments, the asset management arm of Naeem Holding, a leading investment bank in the MENA region. He was responsible for driving strategic initiatives and overseeing daily operations across Egypt and the UAE. Earlier, as Head of Naeem's Investment Unit, he played a key role in growing assets under management (AUM) in Saudi Arabia from USD 0.5 billion to USD 3.1 billion, while managing the operations of the Investment Management Division. Kamel began his career at Prime Holding in 1997, where he developed comprehensive financial expertise through various leadership roles. He has served on the boards of several prominent companies, including Tamweely for Microfinance, Delta Misr for Payments (""Sahl""), One Finance, Enmaa for Leasing, and El Gameya. Kamel holds an MBA from the Maastricht School of Management in the Netherlands and has completed executive education programs in Venture Capital, Fintech, and Equity Valuation at Saïd Business School, Oxford University. He also holds a BSc in Accounting (English section) from Ain Shams University.","https://technesummit.com/storage/events/2/speakers/01M3A9K2AZF3ZC3VPYCX9Z8GCV_1790273227_thumbnail.webp","https://technesummit.com/storage/events/2/speakers/01M3A9K2TVY1TV7C9JR2J9ZCEJ_1790273227_company_logo.png","","https://technesummit.com/2026/speakers?page=4","https://technesummit.com/2026/speakers?page=4#speakerCardModal01K94T3H8GHT56QEX3Z7AAQ86Y","2026-10-04"
"01M1H75R0KHSASG7NBH2ZJX0TD","Mohamed Kholief","CEO, Integrated Knowledge Dynamics","IKD","Egypt","Dr. Mohamed Kholief is the CEO of Integrated Knowledge Dynamics (IKD) and a senior consultant specializing in AI business integration, innovation, entrepreneurship, digital transformation, strategy, and emerging technology ecosystems. With a strong foundation in agile methodologies and professional certifications including EFQM, COBIT, and ITIL, he has contributed to major digital and innovation initiatives across government, startups, manufacturing, financial services, culture, and the sports and entertainment sectors. His expertise increasingly extends into SportsTech and esports, with a focus on the intersection of artificial intelligence, immersive technologies, digital platforms, gaming, and sports innovation. His work encompasses the development of technology-enabled sports and esports ecosystems, VR and simulation-based experiences, digital fan engagement, innovation-driven business models, and the application of AI and data to improve sports operations, experiences, and commercialization. This combination of technology strategy, entrepreneurship, and ecosystem development positions him particularly well to advise sports organizations, federations, startups, investors, and governments on the emerging SportsTech economy. As a board member, lecturer, and strategic advisor, Dr. Kholief contributes to digital culture, innovation, and transformation at both national and international levels. He has led strategic initiatives across Egypt and the Middle East, strengthened digital and entrepreneurial ecosystems, supported technology commercialization, and fostered international collaboration between governments, industry, academia, startups, and technology partners. His experience with international organizations including UNDP, USAID-funded programs, and GIZ demonstrates his ability to navigate and lead complex, multi-stakeholder projects in international environments. His academic credentials include a Doctorate from Maastricht School of Management, complementing his extensive professional experience and strengthening his leadership in AI, digital transformation, innovation strategy, entrepreneurship, and SportsTech.","https://technesummit.com/storage/events/2/speakers/01M1H75QHC45N3210NTJSYV7C1_1788358090_thumbnail.webp","https://technesummit.com/storage/events/2/speakers/01M1H75QZRZN9CD1KQVFQZ4RTX_1788358090_company_logo.png","","https://technesummit.com/2026/speakers?page=4","https://technesummit.com/2026/speakers?page=4#speakerCardModal01M1H75R0KHSASG7NBH2ZJX0TD","2026-10-04"
"01M1XQEEPZXQSZH3FADSN33V0K","Tarek El Samni","Founder and CEO","Xplain AI","","Tarek Elsamni is a technologist and founder with two decades of experience building and securing large-scale cloud platforms. He is the Founder and CEO of Xplain AI, an AI learning platform that turns the questions curious children ask into narrated, illustrated lessons in Arabic and English. Built by an Egyptian engineering team, the product now serves families across the Middle East and the United States and is being deployed in Egyptian schools. Alongside Xplain AI, Tarek runs Shebang Labs, a cloud, DevOps, and platform engineering consultancy. Before founding his own ventures he spent close to 20 years in engineering roles at GE, SAP, Maersk, Citrix, and Deloitte, working across cloud infrastructure, DevSecOps, Kubernetes, and Terraform. He holds an MSc in Distributed Cloud Systems from the University of Hertfordshire. Egyptian-British and based between Dubai and Cairo, Tarek is a vocal advocate for building globally competitive AI products from Egypt.","https://technesummit.com/storage/events/2/speakers/01M1XQEEAKZA999PDZSD4ZTRKX_1788777806_thumbnail.webp","https://technesummit.com/storage/events/2/speakers/01M1XQEEPWE0R193YPJDAMW281_1788777806_company_logo.png","","https://technesummit.com/2026/speakers?page=4","https://technesummit.com/2026/speakers?page=4#speakerCardModal01M1XQEEPZXQSZH3FADSN33V0K","2026-10-04"
"01M1K3DY30E5KSX0ACTV8NPTQB","Peter Safwat","Clinical Nutrition Consultant Researcher of Human Genetics, NRC Acting head of Nutrition Program, MSA University President of GPNA","MSA university","Egypt","Clinical Nutrition Consultant Researcher of Human Genetics, National Research Centre (NRC) Acting head of Nutrition Program, MSA University President of Giza Physicians Nutrition Association (GPNA)","https://technesummit.com/storage/events/2/speakers/01M1K3DXQ2CVT6WVZAB5NRYHXT_1788421273_thumbnail.webp","https://technesummit.com/storage/events/2/speakers/01M1K3DY2QV51QD2JEKHZAFJNW_1788421273_company_logo.png","","https://technesummit.com/2026/speakers?page=4","https://technesummit.com/2026/speakers?page=4#speakerCardModal01M1K3DY30E5KSX0ACTV8NPTQB","2026-10-04"
"01M1K3M3VSQZCJBKRM47N8Y5DB","Marwa Abouelseoud","General Manager","Alexandria Angels","Egypt","MARWA ABOUELSEOUD GENERAL MANAGER | ALEXANDRIA ANGELS Angel Investing • Investor Relations • Startup Ecosystems • Strategic Partnerships EXECUTIVE PROFILE Marwa Abouelseoud is the General Manager of Alexandria Angels, an angel investor network connecting investors, entrepreneurs, startups, venture capital firms, family offices, corporates, and ecosystem stakeholders across Egypt and the wider MENA region. She leads the network’s strategic direction and operations, with responsibility for investor engagement, deal flow, partnerships, and ecosystem development, focusing on expanding access to capital for high-potential technology and technology- enabled startups. Her experience spans business development, investor relations, entrepreneurship, strategic partnerships, startup ecosystems, and investment. At Alexandria Angels, she works across the investment journey - from startup sourcing, screening, and due diligence to investor engagement, fundraising, and post-investment support. She also develops relationships with financial institutions, corporates, government entities, development organizations, and regional ecosystem partners to facilitate investment opportunities, strategic partnerships, and cross-border collaboration. INVESTMENT & NETWORK HIGHLIGHTS 30+ 3 2 EGYPT • MENA • GCC REGIONAL REACH PORTFOLIO STARTUPS FULL EXITS PARTIAL EXITS LEADERSHIP & ECOSYSTEM IMPACT Capital Connect Marwa leads Capital Connect, an investor engagement platform bringing together angel investors, VCs, family offices, corporates, founders, and ecosystem leaders. Through investor matchmaking, startup showcases, networking, and strategic discussions, the platform is designed to create meaningful investment relationships and connect regional capital with entrepreneurial opportunities. Mint Incubator She also oversees Alexandria Angels’ involvement in the Mint Incubator, supporting startup incubation, investment readiness, investor connectivity, and ecosystem engagement. This work helps identify promising entrepreneurs and strengthen their access to investors and the wider business ecosystem. Regional Partnerships Her work extends across regional and international initiatives involving investors, founders, financial institutions, corporates, government institutions, development organizations, and international partners. These engagements help build stronger bridges between Egypt’s entrepreneurial ecosystem and regional and international investment networks. Speaker & Judge Marwa has contributed to the entrepreneurship and business ecosystem as a speaker and judge at Gulfood, and has served as a judge at WAM and in U.S. Embassy startup initiatives, evaluating entrepreneurs, innovative businesses, and emerging startup opportunities. AREAS OF EXPERTISE Angel Investing • Investor Relations • Startup Investment Readiness • Business Development • Strategic Partnerships • Ecosystem Development • Cross-Border Investment • Entrepreneurship • Stakeholder Engagement EDUCATION Bachelor’s Degree in Accounting, 2001 MARWA ABOUELSEOUD • EXECUTIVE","https://technesummit.com/storage/events/2/speakers/01M1K3M3GR3HWWF3Y2H4CGP6XD_1788421475_thumbnail.webp","https://technesummit.com/storage/events/2/speakers/01M1K3M3VQ80SG1TJJC7NQCA11_1788421476_company_logo.jpeg","","https://technesummit.com/2026/speakers?page=4","https://technesummit.com/2026/speakers?page=4#speakerCardModal01M1K3M3VSQZCJBKRM47N8Y5DB","2026-10-04"
"01M1K3WHEVX8D0G3PZJEV62N82","Reine Metlej","Startup Trainer & Business Coach","Real Measurable Consultancy","Lebanon","Reine Metlej is an award-winning entrepreneur, environmental engineer, and consultant with extensive regional and international experience in entrepreneurship, sustainability, and innovation. As an entrepreneurship expert and startup trainer, she has designed and delivered training, mentoring, and capacity-building programs for startups, entrepreneurs, and business support organizations across the region. She works closely with entrepreneurs to strengthen their business models, develop practical strategies, and transform ideas into sustainable and impactful ventures. Reine is also a sustainability consultant specializing in ESG, circular economy, waste management, and sustainable development. Through her work, she supports businesses and institutions in developing innovative, resilient, and future-ready solutions while creating meaningful environmental and social impact. Her work sits at the intersection of entrepreneurship, innovation, and sustainability, empowering businesses and entrepreneurs to turn challenges into opportunities and build solutions designed for long-term impact.","https://technesummit.com/storage/events/2/speakers/01M1K3WH3NACHVQTQ9Y34C0TFC_1788421751_thumbnail.webp","","","https://technesummit.com/2026/speakers?page=4","https://technesummit.com/2026/speakers?page=4#speakerCardModal01M1K3WHEVX8D0G3PZJEV62N82","2026-10-04"
"01M1K42TQH37EFP4K8EPMYQX0Z","Sara Aziz","Founder & CEO","SafeEgypt","Egypt","AzizSara Aziz is the founder and CEO of Safe Egypt, anorganization dedicated to promoting child protectionand empowerment since its inception in 2012. Sheholds both a Master’s and a Bachelor’s degree inPsychotherapy, along with a specialized Diploma inCounseling Sexual Abuse Survivors. With over 14 yearsof experience in child protection, womenempowerment, and mental health, Sara is a certifiedtrainer and counselor for children, adolescents, andfamilies.As a passionate author, Sara has published a series ofchildren's books addressing critical topics such assexual abuse awareness, anti-bullying, healthyrelationships, and sex education. Under herleadership, Safe Egypt has developed variousedutainment and psychological well-being resources,including: “Safeelings Game”, “The Elephant Journal,and other numerous tools and games designed forchildren, youth, and adults. Her focus on practical,family-oriented solutions empowers parents,caregivers, and educators to nurture a healthy,resilient generation. In 2024, Sara was elected as an official member of theNational Council for Childhood and Motherhood andshe also serves on the youth committee of theNational Council for Women.","https://technesummit.com/storage/events/2/speakers/01M1K42TD9CZRSP7BSR7MXSE5J_1788421958_thumbnail.webp","https://technesummit.com/storage/events/2/speakers/01M1K42TQFJXZ87QJHM40A7C6P_1788421958_company_logo.png","","https://technesummit.com/2026/speakers?page=4","https://technesummit.com/2026/speakers?page=4#speakerCardModal01M1K42TQH37EFP4K8EPMYQX0Z","2026-10-04"
"01M1K48BHCB8CBCDTN36THVR74","Ehab Nossier","Coach Ehab Nosseir | Mental Performance Coach for athletes","Mind under pressure","Egypt","Ehab Nosseir is a Mental Performance Coach for athletes and the founder of Mind Under Pressure (MUP), a coaching practice focused on the psychology of performing under pressure. His approach centers on investigation rather than generic motivation: understanding the athlete, identifying the pattern behind a performance problem, forming a working hypothesis, and developing the specific mental skill that closes the gap between training and competition. Ehab brings a rare combination of perspectives to this work. He is an ICF-certified coach (PCC Candidate) with a background spanning strategic operations, business development and commercial strategy across multiple industries. He is also a lifelong competitive athlete with roughly two decades in competitive water polo and current participation as an active Masters swimmer; which means his coaching is tested from inside the arena, not only from behind a desk. Through Mind Under Pressure, Ehab works with competitive athletes across swimming, waterpolo, football, fencing, squash, kickboxing and other sports in Egypt and the wider MENA region, and is increasingly exploring how athlete data, physiology and technology intersect with the psychological processes that shape performance under pressure. He holds an MBA in Marketing and a BSc in Computer Science.","https://technesummit.com/storage/events/2/speakers/01M1K48B62FBJNWTZS0QMBGSHA_1788422139_thumbnail.webp","https://technesummit.com/storage/events/2/speakers/01M1K48BH99AE4JMY65DYHMXDJ_1788422139_company_logo.png","","https://technesummit.com/2026/speakers?page=4","https://technesummit.com/2026/speakers?page=4#speakerCardModal01M1K48BHCB8CBCDTN36THVR74","2026-10-04"
"01M1KH4A5VKVWA7PBHE0Z97YJC","Nataly Yousef","Principal","Seedstars International Ventures","United Arab Emirates","Nataly is an Investment Principal at Seedstars International Ventures, covering MENA & South Asia. She has +5 years of professional experience across venture investing, spanning fintech infrastructure, B2B SaaS, and vertical AI. She leads end-to-end investments across India, MENA, Pakistan, and Bangladesh, and built Seedstars' India investment presence from the ground up. She works closely with the fintech portion of the portfolio and has originated relationships with LPs including DFIs, sovereign investors, and institutional funds.","https://technesummit.com/storage/events/2/speakers/01M1KH49NBJK1RF47CTEZSGMDA_1788435637_thumbnail.webp","https://technesummit.com/storage/events/2/speakers/01M1KH4A4N9GG5Y8PCXT1WA24M_1788435638_company_logo.jpg","","https://technesummit.com/2026/speakers?page=4","https://technesummit.com/2026/speakers?page=4#speakerCardModal01M1KH4A5VKVWA7PBHE0Z97YJC","2026-10-04"
"01K94T3H8VE59BFTRD81MKQHQ3","Margreet Magdy","Founder","you are س","Egypt","","https://technesummit.com/storage/events/2/speakers/1762171929_01K94T3H8W39895PE8PTFGYY3T_thumbnail.webp","https://technesummit.com/storage/events/1/speakers/01K0V9FS503680V047R7XHP35W_1753262580_company_logo.png","","https://technesummit.com/2026/speakers?page=4","https://technesummit.com/2026/speakers?page=4#speakerCardModal01K94T3H8VE59BFTRD81MKQHQ3","2026-10-04"
"01M1KKB4TWHPEMJE0Q20W4VK6K","Nancy Naguib","Head of Business Development","BDI","Egypt","Dr. Nancy Naguib is a Business Development and socio-economic development strategist with more than 15 years of experience across Egypt and the MENA region. Her expertise spans business development, entrepreneurship, health and community development, institutional strengthening, youth capacity building, women’s economic empowerment, sustainability, organizational growth, and the design and implementation of development programs across multiple sectors. Throughout her career, Dr. Naguib has worked with leading international and national organizations, including Pathfinder International, GIZ, USAID, UN Women, the World Bank, the European Union, ILO, Oxfam, AUC, Shell Social Investment, and Egypt’s Ministry of Health and Population. She currently serves as Head of Business Development Consulting at the Business Development Institute (BDI), where she leads strategic partnerships, consulting initiatives, learning programs, and capacity-development projects supporting organizations, enterprises, NGOs, and social ventures. Dr. Naguib is a consultant specializing in business development, leadership, gender mainstreaming, and organizational capacity building. She holds a Doctorate and Master’s degree in Business Administration from the United Kingdom,","https://technesummit.com/storage/events/2/speakers/01M1KKB4EAHH0MNP0CS9Y3JFMY_1788437959_thumbnail.webp","https://technesummit.com/storage/events/2/speakers/01M1KKB4TSSV1160254FHQ1XC6_1788437959_company_logo.png","","https://technesummit.com/2026/speakers?page=4","https://technesummit.com/2026/speakers?page=4#speakerCardModal01M1KKB4TWHPEMJE0Q20W4VK6K","2026-10-04"
"01K94T3KNH2QJKZZQSC5A0KFY9","Ahmed Hamoda","Co-Founder","Joudran","Egypt","I’m Ahmed hamoda ceo & Cofounder of Joudran company specialized in building warehouses and darkstores across the region starting from Egypt to ksa , Emirates and Bahrain We help most of the big names in the market of q commerce to build there infrastructure’s in a short time and other services related to operations and 3PL support ,Ai , through a lot of other companies we owned and all related to q Commerce sector","https://technesummit.com/storage/events/2/speakers/01M1KM1A2HXZJ3HN903AQEGF2S_1788438685_thumbnail.webp","https://technesummit.com/storage/events/2/speakers/01M1KM1AF7QRAHVGMR662Z60AH_1788438686_company_logo.jpeg","","https://technesummit.com/2026/speakers?page=4","https://technesummit.com/2026/speakers?page=4#speakerCardModal01K94T3KNH2QJKZZQSC5A0KFY9","2026-10-04"
"01M1V55KJTHT1FT7MFEKZ0FJ6Y","Ramy Khodeir","Founder & CEO","AIM - Group","Egypt","Dr. Ramy Khodeir is a marketing professor, consultant, and Founder of AIM Consulting, with more than 30 years of experience in marketing, sales, business development, and commercial strategy across multinational organizations. Throughout his career, he has worked across diverse industries, including FMCG, telecommunications, technology, and investment banking, managing commercial operations across Europe, North Africa, and Asia. He previously served as Market Development Manager at Orascom Telecom Holding, where he led investment initiatives and developed market-entry strategies for international markets. He also held senior roles at Raya Telecom and Vodafone Egypt across marketing, business planning, campaign management, strategic compliance, and solution selling. Earlier in his career, he worked with Philip Morris and Xerox. Since 2003, Dr. Ramy has served as an Adjunct Professor of Marketing and Brand Management at Misr International University and ESLSCA University, teaching advanced strategic marketing courses and supervising research papers and theses across DBA, MBA, and undergraduate programs.","https://technesummit.com/storage/events/2/speakers/01M2Y18FREY5PGQ77KPVXNXCHQ_1789861838_thumbnail.webp","https://technesummit.com/storage/events/2/speakers/01M2Y18MCM6MSE9VWATTTWCGYH_1789861843_company_logo.png","","https://technesummit.com/2026/speakers?page=4","https://technesummit.com/2026/speakers?page=4#speakerCardModal01M1V55KJTHT1FT7MFEKZ0FJ6Y","2026-10-04"
"01M1XPKM541XRZC9JC2YC6ASHG","Ghada Kabesh","Co-Founder & Global Technical Director, Business Development Institute (BDI) | Senior MSME Finance & Entrepreneurship Expert","BDI","Egypt","Ghada Kabesh is Co-Founder and Global Technical Director of the Business Development Institute (BDI), MENA's first specialized online business development institute. Built on a technology- and AI-driven model, BDI has grown to a team of 80+ and a network of over 10,000 practitioners across 12+ countries in MENA and Africa, and is a Mastercard Foundation EdTech Fellowship (Cohort 3) company, delivered in collaboration with EdVentures. As a senior technical advisor with 25+ years in MSME and startup finance, microfinance, and business development, Ghada has supported entrepreneurship and innovation programs for USAID, Habitat for Humanity International, Global Affairs Canada, UN Women, UN-Habitat, and the Aga Khan network. She led USAID SEED and the Sustainable Services Activity, overseeing a national network of business development organizations, advising incubators and accelerators, and mentoring startup cohorts on investment readiness. She has led 30+ market studies across Egypt, Jordan, Lebanon, and Yemen and is a frequent speaker and panel moderator at regional platforms including the MENA Housing Forums.","https://technesummit.com/storage/events/2/speakers/01M1XPKKM1Z91FHV1395DERTG2_1788776926_thumbnail.webp","https://technesummit.com/storage/events/2/speakers/01M1XPKM4TFJTCKAZER8ZVMH4P_1788776927_company_logo.jpg","","https://technesummit.com/2026/speakers?page=4","https://technesummit.com/2026/speakers?page=4#speakerCardModal01M1XPKM541XRZC9JC2YC6ASHG","2026-10-04"
"01M1XPYJ14M5FWJN1TSEE4N1CY","Mohamed Hamza","Investment Director","Antler","Egypt","Hamza brings over 14 years of experience at the intersection of startups, venture-building, and early-stage investing across leading ecosystem platforms in Egypt and the wider MENAP region. He is currently Investment Director at Antler MENAP, where he leads due diligence and works closely with founders across the residency. He previously served as Head of Strategic Ventures at Banque Misr, where he built and led the bank's innovation fund from inception. Before that, he spent seven years with AUC Venture Lab, which he helped build from inception into a leading university-backed accelerator, and co-founded AUC Angels, its angel investment arm.","https://technesummit.com/storage/events/2/speakers/01M1XPYHMYGWJ80S9S3DNYBDRN_1788777285_thumbnail.webp","https://technesummit.com/storage/events/2/speakers/01M1XPYJ12KX8WY9F154GPQJS1_1788777285_company_logo.png","","https://technesummit.com/2026/speakers?page=4","https://technesummit.com/2026/speakers?page=4#speakerCardModal01M1XPYJ14M5FWJN1TSEE4N1CY","2026-10-04"
"01M1XQ455C93GY02WRRFNSHCGX","Mohanned El Gohary","Customer Excellence & Capability Building Lead","Novartis","Egypt","Mohanned El Gohary is the Customer Excellence & Capability Building Lead at Novartis Egypt, with over 11 years of experience across sales, marketing, commercial excellence, customer engagement, and digital transformation. He leads initiatives that leverage data, AI, and omnichannel engagement to enhance customer experience, build organizational capabilities, and drive sustainable business impact.","https://technesummit.com/storage/events/2/speakers/01M1XQ44TMSDPRE6057YXY2X0Z_1788777468_thumbnail.webp","https://technesummit.com/storage/events/2/speakers/01M1XQ454Q48M69QJY8J6AP1ZS_1788777469_company_logo.jpeg","","https://technesummit.com/2026/speakers?page=4","https://technesummit.com/2026/speakers?page=4#speakerCardModal01M1XQ455C93GY02WRRFNSHCGX","2026-10-04"
"01M1XQKT3WCBGZ5573H1GZSBD6","Mazen DRAZ","CEO and Founder","Waqtun","","Entrepreneur & Brand Builder Mazen Draz is an Egyptian entrepreneur and brand builder with a strong focus on branding, marketing, consumer behavior, and building modern consumer businesses. His experience spans business operations, education, marketing, and entrepreneurship, giving him a perspective that connects creative brand thinking with the practical realities of building and scaling a company. He is a co-founder of Waqtun, an Egyptian watch and lifestyle brand built around the concept of time, ambition, and personal progress. From its positioning and visual identity to its content strategy, community building, product storytelling, and launch campaigns, Mazen has been closely involved in shaping Waqtun as a brand rather than simply a watch company. Waqtun approaches marketing through storytelling and community, creating a world around the idea of “time” before focusing on the product itself. The brand targets a new generation of ambitious consumers and uses design, cultural references, limited releases, collaborations, and community-led marketing to establish a distinctive identity in the market. Beyond Waqtun, Mazen works across brand strategy, marketing, operations, and business development, with a particular interest in how strong brands can create communities, shape consumer behavior, and turn products into cultural ideas.","https://technesummit.com/storage/events/2/speakers/01M1XQKSP9FKKE4SWQSC0A3J34_1788777981_thumbnail.webp","https://technesummit.com/storage/events/2/speakers/01M1XQKT3T0YB83PV507MMCFJZ_1788777982_company_logo.png","","https://technesummit.com/2026/speakers?page=4","https://technesummit.com/2026/speakers?page=4#speakerCardModal01M1XQKT3WCBGZ5573H1GZSBD6","2026-10-04"
"01M1XQSDK5RMD9WVDYSF5J7TY0","Montaser ElAttar","Founder","EGIKE","Egypt","Montaser ElAttar is the Founder and CEO of EGIKE, a clean-tech startup transforming urban transit into an active, healthy, and zero-emission lifestyle across North Africa. Combining his mechanical engineering background with a vision for sustainable living, ElAttar leads EGIKE’s vertically integrated hardware ecosystem—spanning localized e-vehicle manufacturing, shared mobility fleets, a proprietary battery-swapping network built for last-mile delivery and daily transport.","https://technesummit.com/storage/events/2/speakers/01M1XQSD6MXAPJDEAPDVSCRBCM_1788778165_thumbnail.webp","https://technesummit.com/storage/events/2/speakers/01M1XQSDK228SH4WXS2NFQXWVV_1788778165_company_logo.png","","https://technesummit.com/2026/speakers?page=4","https://technesummit.com/2026/speakers?page=4#speakerCardModal01M1XQSDK5RMD9WVDYSF5J7TY0","2026-10-04"
"01M1XRQCM1XM63E6XEN5HZCZBK","Yasmine Khalil","Founder","Mirsho Technologies","Egypt","Yasmine Khalil is the Founder of Mirsho, an AI-powered embedded finance infrastructure company connecting SMEs, software platforms, and lenders across MENA. She holds a BSc in Actuarial Science from the American University in Cairo, with minors in Computer Science and Economics. Before founding Mirsho, Yasmine worked across insurance, banking, fintech, and artificial intelligence, including roles at AXA, Emirates NBD, and FlapKap. At FlapKap, she worked in credit before moving into AI, where she built and led initiatives focused on automating underwriting and financial operations. Her experience across credit, technology, and financial services led her to build Mirsho with the goal of making SME financing more accessible, data-driven, and seamless across the region.","https://technesummit.com/storage/events/2/speakers/01M1XRQC6WBV2RY0AXSMBC73DY_1788779147_thumbnail.webp","https://technesummit.com/storage/events/2/speakers/01M1XRQCKY4XWQK6VBHYX0T5CS_1788779147_company_logo.png","","https://technesummit.com/2026/speakers?page=4","https://technesummit.com/2026/speakers?page=4#speakerCardModal01M1XRQCM1XM63E6XEN5HZCZBK","2026-10-04"
"01M1XTEHVNJ2T4XSY7Z2HKV0T6","Aisha Hassan","Owner of Zahwa","Zahwa Mental Health Hub","Egypt","​خبيرة الاستشارات النفسية والأسرية ومؤسس مبادرة ""100 مليون صحة نفسية""""مجتمع المسعف النفسي"" ​الرؤية والهدف: تؤمن الدكتورة عائشة حسن بأن استقرار المجتمع يبدأ من استقرار الأسرة. لذا، تكرس خبرتها التي تمتد لأكثر من عقدين في تمكين الوالدين والمعلمين من فهم الاحتياجات النفسية والنمائية للأطفال، وتزويدهم بالأدوات اللازمة لبناء علاقات سوية خالية من الصراعات، مما يضمن التوازن النفسي والعقلي لجميع أفراد الأسرة. كما تساعد فى تمكين سيدات الأعمال والوصول اللى التوازن النفسي وريادة الأعمال. 👌​أبرز المحطات المهنية والتطوعية. ​الريادة المجتمعية: مؤسس وقائد مبادرة ""100 مليون صحة نفسية""، حيث تقود شبكة تضم أكثر من 500 متخصص . عضو فى جمعية سيدات الأعمال Bwe21 كما عملت كمقرر للجنة المرأة بالنادى الاهلى . ورئيس ومتحدث فى العديد من المؤتمرات والملتقيات . عضو فى لجنة السياسات الوطنية . 👌​الخبرة الإكلينيكية والاستشارية: المؤسس والمدير لمركز ""زهوة للاستشارات النفسية"" (Zahwa Mental Health Hub)، حيث تشرف على فريق من 50 استشارياً ومعالجاً، مع التركيز على تصميم برامج تعديل السلوك والذكاء العاطفي للمراهقين. وصاحبة حضانة للأطفال واكاديمية . 👌​التعاون الدولي: استشارية معتمدة لدى منظمات دولية كبرى، منها منظمة RTI International في ملف استثمارات الصحة النفسية للمراهقين بمصر، بالإضافة إلى التعاون مع UNODC والمجلس القومي للمرأة وkanvick International. مدير مشروع دولى للاقلاع عن التدخين . 👌​الحضور الإعلامي: مقدمة برامج في قنوات مثل النهار وقناة ""هى"" وبرنامج صغار كبار فى صوت العرب بالإضافة للظهور كضيف فى معظم القنوات التلفزيونية والراديو حيث تسخر خبرتها كمتحدثة عامة لرفع الوعي النفسي والتربوي على نطاق واسع. 👌​المؤهلات العلمية والاعتمادات: ​تجمع الدكتورة عائشة بين العمق الأكاديمي والمهارة المهنية، فهي حاصلة على: ↙️فى مجال الصحة النفسية والإرشاد النفسي دكتوراة فى الإرشاد النفسي ​ماجستير مهني في الصحة النفسية والإرشاد الأسري. باحث ماجيستير اكاديمى فى الصحة النفسية دبلوم عام تربوى من جامعة عين شمس كلية التربية دبلوم خاص فى الصحة النفسية ​شهادة الكوتشينج المعتمدة من الاتحاد الدولي للكوتشينج (ICF). ​دبلوم متخصص في اضطرابات الأمراض النفسية للأطفال وايضا الامراض النفسية للكبار من جامعة القاهرة. ​أخصائي معتمد في تعديل السلوك وصعوبات التعلم من جامعة عين شمس. ​مدرب معتمد في التربية الإيجابية من الجمعية الأمريكية للتربية الإيجابية (USA). ↙️فى مجال الإدارة وريادة الأعمال. ​اختيرت من ضمن Goldman Sachs 10,000 Women من كلية وارتون بجامعة بنسلفانيا.لدراسةالقيادة والريادة لسيدات العمال . كما حصلت الدكتورة عائشة على الرخصة الدولية لقيادة الأعمال (IBDL) هي برنامج اعتمادي عالمي لإدارة الأعمال يهدف لتأهيل محترفي وقادة الأعمال لمساعدة ١٠٠ سيدة على فتح مشروعات صغيرة MBA من الجامعة الأمريكية وحصلت ايضا على برنامج تمكين سيدات الأعمال التابع UN women والجامعة الأمريكية ""رابحة"" وقامت بالتحكيم فيه للعديد من المشروعات الصغيرة . 👌​مجالات التخصص: ​الإرشاد الأسري : حل النزاعات وتطوير لغة الحوار. ​تعديل سلوك الأطفال والمراهقين: التعامل مع التحديات النمائية والنفسية. تمكين نفسي وريادة الأعمال لسيدات الأعمال ​التدريب المؤسسي: ورش عمل حول التوازن بين العمل والحياة والذكاء العاطفي والتربية والصحة النفسية فى بيئة العمل. ​تصميم البرامج التوعوية: إعداد محتوى تدريبي وتوعوي لمختلف الفئات المجتمعية. 👌الخبرة السياسية رئيس لجنة الامومة والطفولة المركزية بحزب حماة الوطن رئيس لجنةالصحة النفسية المركزية بحزب الوعى . #عايشة_الحياة","https://technesummit.com/storage/events/2/speakers/01M1XTEG8HJTV1MY83AC9K99T1_1788780953_thumbnail.webp","https://technesummit.com/storage/events/2/speakers/01M1XTEHQ0BJX75Z2N84D776J0_1788780955_company_logo.png","","https://technesummit.com/2026/speakers?page=4","https://technesummit.com/2026/speakers?page=4#speakerCardModal01M1XTEHVNJ2T4XSY7Z2HKV0T6","2026-10-04"
"01M1XTSMQHYC5ZYNC8BPKTE35J","Nadeem Barkat","Founder & Managing Director","Grow Academy","","Accomplished business leader, mentor, and educator with over 14 years of proven expertise in driving business growth, fostering innovation, and creating impactful partnerships across industries in the MENA region. Former Regional Business Director at Chefaa, Homzmart & R2S and currently founder of Grow Academy where he spearheads market expansion, strategic sales, and corporate alliances. As Business Mentor in AUC Venture Lab & Former Instructor at ESLSCA, Nadeem has delivered over 1,000 hours of training to more than 3,000 professionals and entrepreneurs, with a focus on actionable strategies in business development, negotiation, sales optimization, and customer relationship management.","https://technesummit.com/storage/events/2/speakers/01M1XTSMBVDWKC4X26FAXYJPWF_1788781318_thumbnail.webp","https://technesummit.com/storage/events/2/speakers/01M1XTSMQE2TVRZ5CV7HT7X8X7_1788781318_company_logo.jpeg","","https://technesummit.com/2026/speakers?page=4","https://technesummit.com/2026/speakers?page=4#speakerCardModal01M1XTSMQHYC5ZYNC8BPKTE35J","2026-10-04"
"01M1BFVSEK6VRQDSBA9KMZ074R","Samer Wagdy","Founder / CEO","GBarena","Egypt","Founder and CEO of GBarena, leverages 17+ years of tech and product expertise to shape the MENA region's gaming landscape. Originally founded to connect gamers, sponsors, and organizers into a thriving esports ecosystem, GBarena has scaled through key acquisitions and partnerships. Today, the platform is expanding its impact by integrating gamification into new frontiers, particularly through educational gaming and school-focused initiatives.","https://technesummit.com/storage/events/2/speakers/01M1BFVRH2E4GNNXMP26P9WQEJ_1788165874_thumbnail.webp","","","https://technesummit.com/2026/speakers?page=4","https://technesummit.com/2026/speakers?page=4#speakerCardModal01M1BFVSEK6VRQDSBA9KMZ074R","2026-10-04"
"01M1XVSXF3BWSQ5MSA9231KXHB","Rammez Mitry","Assistant Lecturer at Faculty of Nutrition and Food technology, MSA University Master’s Strength & Conditioning, University of Greenwich, UK","MSA university","","MSc Strength & Conditioning, University of Greenwich, UK. Certified Strength & Conditioning Specialist (CSCS), NSCA Former Clinical Exercise Physiologist at Medway Hospital, UK.","https://technesummit.com/storage/events/2/speakers/01M1XVSX2SW2T007PPJVS0CK6X_1788782376_thumbnail.webp","https://technesummit.com/storage/events/2/speakers/01M1XVSXEKCRMC66Y30MQX4C71_1788782376_company_logo.jpeg","","https://technesummit.com/2026/speakers?page=4","https://technesummit.com/2026/speakers?page=4#speakerCardModal01M1XVSXF3BWSQ5MSA9231KXHB","2026-10-04"
"01KYF8GY328FC0A5KWXMNZRSHC","Hesham Abaza","CEO and Co-founder of Burkan Sports Agency","Burkan Sports Agency","","Hesham Abaza is the Co-Founder & CEO of Burkan Sports Agency and a Lecturer in the Sports Management MBA Progra. He holds a Bachelor's degree from Université Toulouse II,france, an MBA in Sports Marketing from Sports Management School Paris, and a Level 7 Project Management certification. He specializes in sports marketing, project management, and delivering impactful sports experiences.","https://technesummit.com/storage/events/2/speakers/01KYF8GXNSYSNZ93ZENDC61CP2_1785071171_thumbnail.webp","https://technesummit.com/storage/events/2/speakers/01KYF8GY30VNEAWRQSG8B45BPF_1785071171_company_logo.png","","https://technesummit.com/2026/speakers?page=4","https://technesummit.com/2026/speakers?page=4#speakerCardModal01KYF8GY328FC0A5KWXMNZRSHC","2026-10-04"
"01M2086Q0HM3X7RJ7YWTRXRZVQ","Mostafa Taha","Head of Ecommerce","Hayat","","I’m Head of E-Commerce at Hayat Egypt, with previous experience at Samsung, L’Oréal, Noon, and Black+Decker. I bring over 10 years of experience across e-commerce, digital commerce, D2C, and marketplaces in Egypt, Saudi Arabia, and the UAE.","https://technesummit.com/storage/events/2/speakers/01M2086PP2R20745Y78T2K73W4_1788862487_thumbnail.webp","https://technesummit.com/storage/events/2/speakers/01M2086Q0FPCZF9QEDMZZPXXZE_1788862487_company_logo.jpeg","","https://technesummit.com/2026/speakers?page=4","https://technesummit.com/2026/speakers?page=4#speakerCardModal01M2086Q0HM3X7RJ7YWTRXRZVQ","2026-10-04"
"01M208M0MDVJPMFRPKMW28T8KT","Aya Khalil","Director of Marketing, PR & Events","Emirates NBD Egypt","","Strategic marketing leader with 16+ years of experience driving brand growth, creative excellence, and integrated campaigns across education, entertainment, FMCG and banking sectors. Proven track record in building successful brands and leading cross-functional teams to deliver impact-driven campaigns that elevate visibility and engagement across diverse markets. EDUCATION: Masters of Mass Communications (specialization Marketing): London Metropolitan University, London, United Kingdom, October 2012 Result: Distinction (highest honors) Bachelor of Arts: The American University in Cairo (AUC) Major: Mass Communication specialized in Integrated Marketing Communication (IMC) Minor: Psychology Graduation: June 2009 GPA: 3.7/4 (high honors) American Diploma: BBC International School, June 2005, SAT examination score: 1230, GPA: 4 International Baccalaureate (IB diploma): Stockholm International School, Sweden, 2002-2004 WORK EXPERIENCE: Head of Marketing, Events and PR, Emirates NBD, Jan 2026 – Present • Leading a fully integrated marketing and communications function spanning digital, business marketing, social media, PR, media buying, sponsorships, branding, web, and events. • Define and execute marketing and corporate communications strategies aligned with business growth, acquisition, and brand leadership. • Create and execute targeted events and experiential marketing initiatives for our different customer segments to enhance engagement and reinforce brand positioning. • Partner with GCC teams to ensure cross-market alignment, consistency, and regional synergy. • Develop segmented communication frameworks across retail, SME, and corporate audiences. • Drive performance and digital marketing initiatives to strengthen acquisition and conversion. • Oversee reputation management, corporate messaging, and agency ecosystems to deliver high-impact campaigns in a highly competitive regional banking landscape. Director of Marketing, The American University in Cairo, Jan 2018 – August 2025 • Led AUC’s first two-year flagship integrated campaign AUC100: Be the Future, celebrating the university’s centennial. Directed strategy, creative development, and global rollout involving 80+ distinguished alumni and international production teams. • Strengthened AUC’s positioning as Egypt’s leading global university across local and international markets. • Oversaw social media, media buying, video production, and market research, significantly elevating digital presence among leading global universities • Drove recruitment marketing initiatives across MENA and the U.S. to support international student enrollment growth. • Managed multiple agencies and internal teams for efficient campaign delivery. • Directed multi-channel strategies across ATL, digital, activations, events, print, and web to engage diverse stakeholders (students, alumni, donors, government, faculty) Head of Marketing, El Gouna Film Festival (GFF), April 23 – December 23 (Seasonal Position) • Led the comeback marketing strategy for the 6th edition after a two-year hiatus. • Directed integrated campaigns across digital, outdoor, video, rebranding, and BTL. • Managed a competitive multi-agency pitching process with leading regional agencies. • Curated and marketed 40+ events across an 8-day festival program, driving visibility and audience engagement. • Built strategic partnerships with tourism, cultural, and arts entities to amplify reach. • Oversaw social media, sponsor integration, on-ground activations, venue branding, and external agencies. Group Brand Manager, L'Oreal Egypt, Oct 2012 – Dec 2017 Progressed from Brand Manager to Senior Brand Manager to Group Brand Manager • Drove the success of multiple brands such as L’Oréal Paris, Garnier, Maybelline and Lancôme through innovative campaigns and product launches in a highly competitive FMCG market. • Developed integrated plans balancing brand equity, awareness, creativity, and commercial growth. • Led cross-functional collaboration across sales, supply chain, distribution, finance, and training teams to ensure alignment and profitability. • Managed internal teams and external agencies such as digital, PR and media buying to ensure campaign excellence with a different group of agencies for each brand. • Worked closely with GCC and global headquarters on launches and strategy alignment. Communications Manager, Leo Burnett Cairo, July 2011- October 2011 (left to pursue Masters) • Managed strategic campaigns and client relationships, ensuring alignment with business objectives and creative excellence for clients such as Orange and Juhayna, • Liaising internally and externally with all relevant teams to ensure prompt execution and delivery of creative campaigns that consumers can engage with. • Oversaw timelines, budgets, market research and execution Senior Account Executive, JWT Cairo, January 2010 – July 2011 (Vodafone and Nokia) • Managed Vodafone and Nokia’s North African accounts, ensuring consistent brand communications across markets and country teams • Collaborated with creative teams and negotiated with clients to develop campaigns spanning TV, digital, print, and activations ensuring that the brand objectives are met Intern at Mindshare Tokyo, Japan (Marketing and Media Network), June 2009- January 2010 • Supported media planning and creative campaigns for clients including Lufthansa, Unilever, and Fujitsu, gaining international exposure to traditional and digital media strategies. Marketing Trainee, Mobinil (Orange now), June - August 2007. • Coordinated between the advertising agency and the marketing department. • Supervised several T.V ads shoots to ensure that the agreed upon storyboard was implemented. UNIVERSITY ACHIEVMENTS: • Valedictorian, Spring 2009: selected out of forty candidates to represent the graduating students by giving the self-written graduation speech in front of 4000 commencement attendees. • Group Leader in Graduation Project: Awarded ""Best Campaign"" by JWT on creating a fully integrated campaign about ""Female Harassment on Egyptian Streets"". • Member, Human Rights Council, Cairo International Model United Nations (CIMUN) • Peer Leader, First Year Experience Program DIPLOMAS: • Talk Show and News Presenting Diplomas- Cairo Media School, May 2017 • Television Presenting and Voice Coaching Diploma- ONA Academy, April 2017 LANGUAGES AND SKILLS: • Fluent spoken and written English and Arabic, basic French • Proficient in CRM tools such as Salesforce and HubsSpot, digital analytics, and AI-driven tools TRAVEL EXPERIENCE: • Lived in Tokyo, Japan for eight years and attended elementary/junior school there. Lived in Sweden for two years and attended high-school there. Lived in London during my Masters. • Worldwide travel and exposure to many different cultures and countries.","https://technesummit.com/storage/events/2/speakers/01M208M08Z8HMEXQHEWE95AW3C_1788862923_thumbnail.webp","https://technesummit.com/storage/events/2/speakers/01M208M0MBMH0662D8DZHCMC9M_1788862923_company_logo.png","","https://technesummit.com/2026/speakers?page=4","https://technesummit.com/2026/speakers?page=4#speakerCardModal01M208M0MDVJPMFRPKMW28T8KT","2026-10-04"
"01M209KGSVRDTCRPMWJQN61NMB","Haitham Aboulfotouh","Head of Digital Banking & alternative channels","Emirates NBD Egypt","Egypt","Over 19 years of Banking experience focusing on retail digital and banking products transformation","https://technesummit.com/storage/events/2/speakers/01M209KF7B55RCX844Z70RP6NH_1788863954_thumbnail.webp","https://technesummit.com/storage/events/2/speakers/01M209KGSRZ73GCYM0E404TNHV_1788863955_company_logo.png","","https://technesummit.com/2026/speakers?page=4","https://technesummit.com/2026/speakers?page=4#speakerCardModal01M209KGSVRDTCRPMWJQN61NMB","2026-10-04"
"01M20A33S3Y6SEFF3T1RHF17SM","Haytham Sayed","Consultant surgeon - Chief Business Officer OneHealth Egypt, AXA Africa Health","OneHealth, AXA Africa-Egypt","Egypt","Dr. Haytham Sayed Mohamed, a consultant surgeon, healthcare leader & executive with more than 23 years of experience in the industry. Currently serving as the Chief Business Officer at OneHealth by AXA in Egypt. In this role, he oversees strategic commercial management for a diverse network of medical centers & healthcare facilities. With a dual academic & professional background in medicine & business, Dr. Haytham has consistently bridged the gap between clinical practice & executive commercial strategy. His work focuses on integrated healthcare model management solutions to enhance cost optimization, efficiency & sustainability. He has played a key role in partnerships with different entities ensuring alignment with national & international healthcare standards.","https://technesummit.com/storage/events/2/speakers/01M20A33FQ5J3PKNR4B23HKQBX_1788864466_thumbnail.webp","https://technesummit.com/storage/events/2/speakers/01M20A33S0FRSGR6CY8QDZXHWB_1788864466_company_logo.PNG","","https://technesummit.com/2026/speakers?page=4","https://technesummit.com/2026/speakers?page=4#speakerCardModal01M20A33S3Y6SEFF3T1RHF17SM","2026-10-04"
"01M20ARBRSQ241RA99VXMT2VE6","Mostafa Elnahhas","CEO - Technology","Fawry","","Mostafa Elnahhas is the CEO of Technology at Fawry and the CEO and Chairman of FIS (Fawry Integrated Systems) a subsidiary company and the Technology arm of Fawry, and a member of Fawry’s founding team. He holds more than 27 years of international experience in the Software industry across the field of EBPP, eCommerce, ePayment, eBanking, FinTech, Mobile Money and Travel technologies, El Nahhas drives Fawry’s broad technology operations by optimizing the management of development, analysis and design, solutions architecture, and information security; according to the latest industry trends, and compliant with international standards. Mostafa holds a B.Sc. in Computer Systems Engineering from Alexandria University, and Executive MBA from the American University in Cairo. He also holds a certification in Business and Marketing strategy from Kellogg School of Management at Northwestern University; and certification of Leadership and Management from The Center for Creative Leadership (CCL) in USA. Prior to joining Fawry, Mostafa served as Software Architect and Subject Matter Expert for major international software companies including HP, Atos Origin and EDS. Elnahhas served in key roles across various successful projects for major clients such as: the Saudi Ministry of Finance, SADAD Payment System, and the Saudi Public Pension Agency in KSA; as well as Reichhold, General Motors, and AirFare, in the USA; and ComponentSource in the United Kingdom. Elnahhas is also active Angel Investor, Technology Advisor and Mentor for many of the Startups and FinTech companies in the Egyptian and Middle Eastern ecosystems.","https://technesummit.com/storage/events/2/speakers/01M20ARBCVQ3865XR33JP9VJDY_1788865162_thumbnail.webp","https://technesummit.com/storage/events/2/speakers/01M20ARBRQKA3R8PY3W5QXEDRV_1788865163_company_logo.png","","https://technesummit.com/2026/speakers?page=4","https://technesummit.com/2026/speakers?page=4#speakerCardModal01M20ARBRSQ241RA99VXMT2VE6","2026-10-04"
"01M20D1V06SZDDYAFZ3WZ4X1K5","Fady Kamel","Co-Founder & Group CEO","GRAMZ","","Fady Kamel is a serial entrepreneur and fintech innovator in the precious metals industry. As active member of the Gold and Jewelry Division in Cairo, he brings over 15 years of expertise in the financial and investment sectors. Holding a Doctorate in Business Administration (DBA) with a specialization in Economic Sciences, Kamel has consistently driven industry transformation through a forward-thinking approach. Commitment to Compliance & Regtech Kamel is a staunch advocate for regulatory compliance and financial integrity. He has championed the integration of Central Bank of Egypt (CBE) directives, including Know Your Customer (KYC) protocols, Anti-Money Laundering (AML) measures, and Counter-Terrorism Financing (CFT) standards. These efforts not only reinforce national strategies to combat informal economies but also contribute to a more inclusive and transparent financial ecosystem. Strategic Investments & Acquisitions Through strategic investments and acquisitions in both Egypt and the UAE, Kamel has significantly expanded the technological infrastructure supporting precious metals investment. His portfolio includes ventures such as HAF and Gramz in Egypt, as well as DMH in the UAE. These initiatives are accelerating the digitization and modernization of the gold industry, positioning Kamel as a pioneering force in transforming how gold is bought, sold, and accessed across Egypt and the region. Recognition & Awards In recognition of his pioneering leadership and impact on the industry, Kamel was named: ● Digital Transformation Leader for a Precious Metals Company by Global Excellence Chronicle Magazine (GEC Awards) ● Most Visionary Leader in Precious Metals Investment in Egypt by The Global Economics Awards (The Global Economics) Pioneering Financial Inclusion Driven by a strong belief in transparency and equal access to investment opportunities, Kamel has led Dahab Masr in developing advanced tools and platforms that redefine gold as a safe-haven investment. Under his leadership, the company has made real-time market data, pricing, and educational resources freely accessible—empowering both first-time and seasoned investors. His vision has played a pivotal role in democratizing precious metals investment across all socioeconomic segments in Egypt","https://technesummit.com/storage/events/2/speakers/01M20D1TP622WMARE9ET162P5G_1788867570_thumbnail.webp","https://technesummit.com/storage/events/2/speakers/01M20D1V04BKJV6NH7N8A1CWMR_1788867570_company_logo.jpeg","","https://technesummit.com/2026/speakers?page=4","https://technesummit.com/2026/speakers?page=4#speakerCardModal01M20D1V06SZDDYAFZ3WZ4X1K5","2026-10-04"
"01M25YAKKHTGJM9TWRWQY131XR","Mustafa Ramzi","Head of Retail Banking & Wealth Management","Emirates NBD Egypt","","Mustafa Ramzi brings a wealth of expertise to his role as the Head of Retail Banking and Wealth Management International at Emirates NBD-Egypt, a role he has excelled in since 2023. With a proven track record of success in leading and growing businesses across diverse markets, Ramzi is visionary leader poised to drive Emirates NBD-Egypt Bank's expansion. Prior to that, Ramzi served as EMEA Head of International - Wealth Management and Personal Banking at HSBC based in Dubai, UAE from the period of 2021 to 2023. In this role, he spearheaded the development and execution of regional growth strategies in managing retail banking and wealth management activities across multiple countries Some of which are Bahrain, Oman, Turkey, Armenia and Greece. Mustafa Ramzi nurtures an impressive career trajectory in which he held the position of Head of Retail Banking and Wealth Management in HSBC Egypt from 2016 to 2021, where he forged strong client relationships, driving growth to new heights. Ramzi's significant tenure at HSBC incorporated his assignment of prestigious roles based in Dubai, UAE, where he held Head of Network Distribution position (2010-2014), Head of UAE Cards (2009 – 2010) and Regional Head of Direct banking during (2007 – 2009). His significant experience is built upon a foundation of prior experience at National Bank of Dubai, Dubai Islamic Bank, and Mashreq Bank. Ramzi holds a bachelor’s degree in marketing from Baker College, Michigan USA (1997-2000) and a Diploma in Communication Engineering from Ajman University (1993-1997). Complementing his rich professional experience, he has actively pursued continuous learning through prestigious programs such as Strategic Leadership in the Era of Disruption at the University of Oxford's Said Business School and the Next Generation Development Program at HSBC in London, India, and China. Ramzi’s commitment to professional development is further evident in his participation in various specialized training programs, including those at HSBC, Harvard Business School, Shanghai, and Zurich Insurance among others. These strong achievements demonstrate his foresight into the future of banking and showcase his dedication to staying ahead of industry trends and fostering strategic leadership skills.","https://technesummit.com/storage/events/2/speakers/01M25YAJRHC6C5339NC2DC8Q32_1789053455_thumbnail.webp","https://technesummit.com/storage/events/2/speakers/01M25YAKKEFYRS62V09E9Z01PC_1789053455_company_logo.png","","https://technesummit.com/2026/speakers?page=4","https://technesummit.com/2026/speakers?page=4#speakerCardModal01M25YAKKHTGJM9TWRWQY131XR","2026-10-04"
"01M25Z19X9HSWVNYB8F7XFDP84","Samy Aouf","General Manager for Direct Investment","SCZONE","","19 years of experience spanning banking, infrastructure, and project finance, with recent focus on investment-grade financial modelling for industrial developments in Egypt's SCZone, including multi-phase EGP/USD models built to institutional standards.","https://technesummit.com/storage/events/2/speakers/01M25Z19M0KSSEZ7YX2288VQ83_1789054199_thumbnail.webp","https://technesummit.com/storage/events/2/speakers/01M25Z19X7JZFVAE8DN1Q79FHY_1789054199_company_logo.jpg","","https://technesummit.com/2026/speakers?page=5","https://technesummit.com/2026/speakers?page=5#speakerCardModal01M25Z19X9HSWVNYB8F7XFDP84","2026-10-04"
"01K94T3HAVWB9W166SK8BXBATS","Ahmed Taher","VP Of Engineering","Vezeeta","","Ahmed Taher is a technology and engineering leader with 13+ years of experience building and scaling digital products in HealthTech. As VP of Technology at Vezeeta, he leads engineering teams and drives technology strategy, architecture, and product innovation across a healthcare platform serving millions of users across multiple markets. Ahmed has extensive experience in building scalable SaaS and marketplace platforms, leading high-performing engineering organizations, and delivering complex integrations and AI-powered solutions. He has been driving the adoption of AI across healthcare, including solutions for laboratory itemization, pharmacy onboarding, and AI-powered voice agents for patient engagement.","https://technesummit.com/storage/events/2/speakers/01M25ZA94FQ76GS2Q11PVQ4BV9_1789054493_thumbnail.webp","https://technesummit.com/storage/events/2/speakers/01M25ZA9D8KK5C91NHB6CJ9ZYQ_1789054494_company_logo.png","","https://technesummit.com/2026/speakers?page=5","https://technesummit.com/2026/speakers?page=5#speakerCardModal01K94T3HAVWB9W166SK8BXBATS","2026-10-04"
"01M25ZX75C0CD09DHNBN8ZV32Y","Ahmed Sharabash","Senior Legal Counsel","Vezeeta","Egypt","Ahmed has extensive experience advising high-growth companies, investors, and corporates on complex transactions and strategic matters, including cross-border M&A, venture capital, corporate governance, commercial contracts, and regulatory compliance. He has worked on several high-value transactions, including USD 466 million+ in major railway contracts, EGP 9 billion in infrastructure contracting, and syndicated loan transactions exceeding EGP 2 billion. He is also a co-author of a legislative reform proposal for Egypt’s Telehealth and E-Pharmacy Law, reflecting his commitment to shaping the regulatory landscape for digital health and innovation in the region. Ahmed regularly advises on the legal and regulatory implications of emerging technologies, helping founders, investors, and enterprises navigate complex legal environments and scale sustainably. Ahmed holds an LL.M. from the University of East London and an LL.M. from the Arab Academy for Science, Technology & Maritime Transport, in addition to an LL.B. from Alexandria University. He is a licensed Egyptian lawyer. Recognized by the Lex Falcon Global Awards 2024 as Emerging Corporate Counsel of the Year, Ahmed is passionate about leveraging law and regulation as enablers of innovation and supporting the next generation of technology founders and businesses across the MENA region.","https://technesummit.com/storage/events/2/speakers/01M25ZX6TDF4XTWM225S9RMREJ_1789055114_thumbnail.webp","https://technesummit.com/storage/events/2/speakers/01M25ZX759FH6K284EDP6C9M5Q_1789055114_company_logo.png","","https://technesummit.com/2026/speakers?page=5","https://technesummit.com/2026/speakers?page=5#speakerCardModal01M25ZX75C0CD09DHNBN8ZV32Y","2026-10-04"
"01M26254CXMKWPMX9PMGG0YR1C","Akmal ElHak","CFO","Pearl Semiconductor","","Akmal ElHak is the Chief Financial Officer at Pearl Semiconductor and an experienced financial advisor and board member with over 27 years of professional experience across multinational, regional, and local organizations, as well as USAID-funded projects. Throughout his career, Akmal has built extensive expertise across financial management, treasury, budgeting and planning, costing, internal auditing, mergers and acquisitions, restructuring, supply chain, IT, human resources, and legal affairs. He has worked across a diverse range of sectors, including ICT, trade, FMCG, healthcare, agriculture, poultry, and automotive. Prior to joining Pearl Semiconductor, Akmal held senior financial and advisory roles, including managing the financial side of a USAID-funded grants program with General Dynamics, where he was responsible for financial oversight, audits, monitoring, and ensuring compliance with contractual obligations. Beyond his corporate career, Akmal is also active in the investment ecosystem as an angel investor, bringing a strong financial and strategic perspective to early-stage businesses and investment decisions. His combination of corporate finance, governance, investment, and cross-sector experience gives him a broad perspective on building sustainable businesses and creating long-term value.","https://technesummit.com/storage/events/2/speakers/01M262542JSVSM3BA5GR78PZX7_1789057470_thumbnail.webp","https://technesummit.com/storage/events/2/speakers/01M26254CWERPDW4D9Z9AAVTV9_1789057470_company_logo.png","","https://technesummit.com/2026/speakers?page=5","https://technesummit.com/2026/speakers?page=5#speakerCardModal01M26254CXMKWPMX9PMGG0YR1C","2026-10-04"
"01K94T3KHQAS9C7SFYV5673KS8","Amr Al-Awamry","CEO","SANAbil","","Amr Al-Awamry is the CEO of Sanabil R&D, an R&D-as-a-Service company focused on transforming emerging technologies into real-world products and solutions. He has over 20 years of experience across R&D, embedded systems, IoT, wireless technologies, and microwave engineering, with extensive experience bridging academia, industry, and entrepreneurship. Amr is also an Associate Professor of Electrical Engineering at Benha University and a deep-tech entrepreneur and venture builder. Through Sanabil, he works with companies and innovators to develop and commercialize technology-driven solutions across multiple sectors.","https://technesummit.com/storage/events/2/speakers/01M262GFYC10X19QYD01VVDA8J_1789057843_thumbnail.webp","https://technesummit.com/storage/events/2/speakers/01M262GG8TX9X4DA8JHCXPKF3H_1789057843_company_logo.jpeg","","https://technesummit.com/2026/speakers?page=5","https://technesummit.com/2026/speakers?page=5#speakerCardModal01K94T3KHQAS9C7SFYV5673KS8","2026-10-04"
"01M262NZJKNYYV9WHYHBW4D0E3","Nadia El-Tawil","North Africa Coverage Manager","British International Investment British International Investment","","Nadia El-Tawil is North Africa Coverage Manager at British International Investment (BII), based in Cairo, where she covers Egypt, Morocco, and Tunisia. She has over 16 years of private equity and investment experience across Africa, having previously worked at pan-African fund manager AfricInvest and leading Egyptian private equity firm Compass Capital. Based in Egypt throughout her career, Nadia has extensive knowledge of the Egyptian business landscape and a strong track record of investing across multiple sectors and company sizes.","https://technesummit.com/storage/events/2/speakers/01M262NZ8ZKFYNQFCE0FGJF70F_1789058022_thumbnail.webp","https://technesummit.com/storage/events/2/speakers/01M262NZJH6KYNQQ3MRR96EK8Y_1789058022_company_logo.jpeg","","https://technesummit.com/2026/speakers?page=5","https://technesummit.com/2026/speakers?page=5#speakerCardModal01M262NZJKNYYV9WHYHBW4D0E3","2026-10-04"
"01K94T3KK9CVNQMVJ5DYVNHCSS","Heba Labib","Chief Innovation Officer","Zewail City of Science and Technology","Egypt","Dr. Heba Labib is the Chief Innovation Officer at Zewail City of Science, Technology and Innovation, where she is leading the development and operationalization of the City’s innovation and entrepreneurship pillar. Her work focuses on transforming Zewail City’s scientific capabilities, research, technologies, talent, and advanced infrastructure into economic and societal impact. She oversees Zewail City’s activities in technology transfer and industry collaboration, entrepreneurship and venture development, innovation ecosystem building, and the development of innovation spaces. She is currently leading the establishment of the systems, policies, programs, partnerships, and organizational capabilities required to commercialize research, create deep-tech ventures, strengthen university–industry collaboration, and position Zewail City as a leading deep-tech innovation hub in Egypt and the region. Before joining Zewail City, Dr. Labib served as AVP for Innovation and Entrepreneurship at Nile University, where she led NilePreneurs, one of Egypt’s largest innovation and entrepreneurship initiatives. Through NilePreneurs, she contributed to supporting more than 450 startups and 850 SMEs, training over 25,000 individuals, and facilitating the development of more than 200 innovative products and research-based solutions. Dr. Labib previously served as Director of the Innovation, Entrepreneurship and Competitiveness Center and managed Nile University’s Technology Commercialization and Industry Relations Office. She also founded NU100, an entrepreneurship initiative supporting university entrepreneurs. As an entrepreneur, she co-founded Palm Paper, a wastepaper recycling company, and Nile’s Gift, an exporter of medicinal and aromatic plants. Her contributions have received several recognitions, including being named among Egypt’s Top 50 Influential Women and being recognized as a leading entrepreneurial figure in Africa at the 2023 Triple E Awards in Barcelona. She has also received the Arab Business Challenge Award, the Business in Development Challenge Award, and the Shell Intelaqah Award for Best Business Idea. Dr. Labib holds a BSc in Mechanical Engineering from Oakland University in Michigan, USA, and an MSc and PhD in Management of Technology from Nile University, Egypt. She also teaches in the fields of technology entrepreneurship, innovation management, blue economy entrepreneurship, and innovation in wastewater reuse. She is a member of the European Innovation Expert Support Board for the Future4PRIMA initiative and contributes to regional and international discussions on research commercialization, innovation ecosystems, and entrepreneurship. Outside her professional work, she is an avid traveller and a PADI-certified Advanced Open Water Diver.","https://technesummit.com/storage/events/2/speakers/01M2633P7ZWQK1HQWCD4H84457_1789058472_thumbnail.webp","https://technesummit.com/storage/events/2/speakers/01M2633PJCHPM072529EWNW3N3_1789058472_company_logo.jpg","","https://technesummit.com/2026/speakers?page=5","https://technesummit.com/2026/speakers?page=5#speakerCardModal01K94T3KK9CVNQMVJ5DYVNHCSS","2026-10-04"
"01M263D8CSKYAFC9TTBGR2NB1W","Mohamed Hamza","Senior QA Automation Engineer & Trainer","JAWDA","","Mohamed is a QA Automation Engineer and ISTQB Certified Trainer with nearly a decade of experience bridging the gap between field testing and technical architecture. He has led QA strategies for major players like Decathlon and QIMA, specializing in IoT, E-commerce, and Supply Chain systems. Today, he focuses on making AI a reliable partner in the testing lifecycle by building tools that capture tribal knowledge and turn it into executable code.","https://technesummit.com/storage/events/2/speakers/01M263D7R122CAX5QMNMQV0PH6_1789058785_thumbnail.webp","https://technesummit.com/storage/events/2/speakers/01M263D8CQMST7344WNVDB4CB5_1789058785_company_logo.png","","https://technesummit.com/2026/speakers?page=5","https://technesummit.com/2026/speakers?page=5#speakerCardModal01M263D8CSKYAFC9TTBGR2NB1W","2026-10-04"
"01M263JN851HDYJXKG5A7222DW","Basel Roshdy","General Secretary of EPEA & CEO of Nile Capital Holding","EPEA","","Dr. Basel Hussein Roshdy: Currently the CEO & Managing Director of Nile Capital Holding and Chairman & CEO of IT Investments Fund. Basel has 31 years of professional experience in areas of private equity, venture capital, deals making, and ventures business development. He has actively participated in many good deals in technology, education, infrastructure, and Green Energy sectors over 25 years in Egypt and MENA region. Basel has evaluated and executed investments in more than 80 companies and a number of PE and VC funds locally and abroad, and has realized many Exits and M&As in Egypt and abroad. In addition, Basel started his financial experiences career in the banking sector whereby he worked in corporate lending, project finance and syndication. Still, during his PE and VC career afterwards, he has participated in arranging debt financing for a number of deals in energy, telecom and infrastructure sectors with local and foreign banks as well as DFIs. Basel studied construction engineering, MBA at AUC, and doctoral degree in finance and investment management from UK and Netherlands. In addition, Basel is a Founding Board Member and general secretary of the Egyptian Private Equity & VC Association (EPEA), as well as other companies, and actively participated in establishing and growing many business organizations and spoke in tens of professional conferences and events. Basel has also participated in creating and empowering many partnerships and alliances locally and regionally, as well as several mentorship programs and consulting assignments.","https://technesummit.com/storage/events/2/speakers/01M263JMZ316ZYYE3QECYGBNFV_1789058962_thumbnail.webp","https://technesummit.com/storage/events/2/speakers/01M263JN83W48W8GGH0YKRY32Y_1789058962_company_logo.jpeg","","https://technesummit.com/2026/speakers?page=5","https://technesummit.com/2026/speakers?page=5#speakerCardModal01M263JN851HDYJXKG5A7222DW","2026-10-04"
"01K94T3N1Q13R3T9R5NRJDM0CJ","Hamdy Khalil","Board Member","Digital Economy and Technology General Division (DETGD)","Egypt","Hamdy A. Khalil is the co-founder and CTO of eSpace, an Egyptian software house (est. 2000) that builds large-scale platforms for governments, enterprises, and startups. He led the technical team behind Egypt’s national election portals (2011–2022), scaling to 100+ servers and handling hundreds of millions of lookups. His work also includes launching Salesbuzz for clients such as Unilever, P&G, Nestlé, and Cadbury Adams, and supporting startups including Akhbarak.net. From 2022 to 2025, he served as VP of Engineering at Cartona, helping the B2B FMCG marketplace process over 4B EGP annually for 50,000+ retailers across Egypt. now helping enterprise on their AI transformation.","https://technesummit.com/storage/events/2/speakers/01M263SANEVWNM4CB6DZT606WW_1789059181_thumbnail.webp","https://technesummit.com/storage/events/2/speakers/01M263SB18TVPPPGDRJJJE6Y9B_1789059181_company_logo.png","","https://technesummit.com/2026/speakers?page=5","https://technesummit.com/2026/speakers?page=5#speakerCardModal01K94T3N1Q13R3T9R5NRJDM0CJ","2026-10-04"
"01M264SWTMJ8K0JFM752V8EP5P","Ramy Refaat","It Digital Transformation Manager","National Bank of Egypt (NBE)","Egypt","Ramy Refaat is a Digital Transformation Manager at the National Bank of Egypt. years of experience across digital banking, technology transformation, and cybersecurity. With a strong technical background and hands-on experience in large-scale banking transformation programs, he focuses on building secure, scalable, and customer-centric digital experiences Ramy has contributed to major digital banking and modernization initiatives and regularly speaks at regional fintech, technology, and cybersecurity events, sharing practical insights on digital transformation, innovation, customer experience, and cyber resilience","https://technesummit.com/storage/events/2/speakers/01M264SWG48D7WJE8VS2JM1PXV_1789060248_thumbnail.webp","https://technesummit.com/storage/events/2/speakers/01M264SWTJYHMXX98N4ZCACXTJ_1789060248_company_logo.png","","https://technesummit.com/2026/speakers?page=5","https://technesummit.com/2026/speakers?page=5#speakerCardModal01M264SWTMJ8K0JFM752V8EP5P","2026-10-04"
"01M264Y57V350WBPQKRMNEZRDQ","Amr Elharony","Founder","Fintech Bilinguals","","Amr Elharony is a seasoned Agile leader, Management Consultant, and Founder of Fintech Bilinguals, with a deep focus on digital transformation, data analytics, and artificial intelligence. He currently serves as a Scrum Master within the Data Analytics & AI sector at a Tier 1 bank. Holding a Doctor of Business Administration (DBA) in Digital Transformation and an MBA in Entrepreneurship, Amr bridges the gap between strategic business objectives and cutting-edge technical execution. He is extensively credentialed across project management, agile methodologies, and data disciplines, holding PMP, PMI-ACP, PSM II, PSPO II, PSK, SAFe SM, Jira ACP-620, and CDMP certifications. A frequent speaker on the intersection of agile frameworks and Agentic AI, Amr is passionate about deploying localized AI models, building multi-model orchestration frameworks, and driving process sustainability within complex enterprise environments.","https://technesummit.com/storage/events/2/speakers/01M264Y4WX6ZZ98EVX5TMCVT98_1789060387_thumbnail.webp","https://technesummit.com/storage/events/2/speakers/01M2R0PZC3HK0J2Q61YV1H2FDT_1789659938_company_logo.jpeg","","https://technesummit.com/2026/speakers?page=5","https://technesummit.com/2026/speakers?page=5#speakerCardModal01M264Y57V350WBPQKRMNEZRDQ","2026-10-04"
"01M265CPZ65VHRNQBTB9V2CGC1","Mohamed El Rewainy","Digital Solution Director","E&","","Enterprise Digital Transformation and ICT Solutions Leader with 20+ years of experience across tier-1 telecom operators in Egypt and the GCC, driving revenue growth, portfolio scale, and enterprise transformation. Currently leading Enterprise Digital & ICT Solutions at e& Egypt (e& Group), with full ownership of end-to-end enterprise portfolios spanning connectivity, cloud (IaaS/SaaS), security, and digital services. Known for tripling ICT revenues within 18 months, positioning the OpCo as one of the fastest-growing ICT players in the region. My career spans Vodafone, Orange, and Etisalat, combining deep technical foundations with commercial and strategic leadership. I have built and led multi-disciplinary teams across product, sales, presales, and delivery, and managed regional, multi-country commercial agreements across the Middle East.","https://technesummit.com/storage/events/2/speakers/01M265CPP83MSPMAKH55J5BCH1_1789060864_thumbnail.webp","https://technesummit.com/storage/events/2/speakers/01M265CPZ4AMPYK9GQ1R7T16G4_1789060864_company_logo.png","","https://technesummit.com/2026/speakers?page=5","https://technesummit.com/2026/speakers?page=5#speakerCardModal01M265CPZ65VHRNQBTB9V2CGC1","2026-10-04"
"01M265HCB9Z75716B6GYD8HPQV","Tamer Taha","Development Finance, Innovation and Entrepreneurship Expert","","","Economic transformation and international development leader with 16+ years of experience across Europe, Africa, and the Middle East, spanning development finance, private sector development, strategic advisory, institutional reform, entrepreneurship, and innovation-led growth. Most recently served for five years as Advisor to Egypt’s Minister of Planning, Economic Development and International Cooperation, overseeing more than US$1 billion in development finance. Also served as Co-Chair of the Technical Secretariat of the Ministerial Group for Entrepreneurship, helping lead national policy reforms including Egypt’s Startup Charter. Earlier experience includes roles with the World Bank and the United Nations Technology Innovation Lab, alongside advisory work with the IsDB, EU, EIB, EBRD, UNDP, ILO, USAID, GIZ, Nesta, and Innovate UK. Brings direct entrepreneurial experience as founder of Yomken.com, an internationally recognized regional crowdsolving platform, and co-founder of two other technology ventures in smart mobility and assistive technology. Served on the boards of national and regional institutions covering economic policy, development planning, artificial intelligence, intellectual property, venture capital, and regional trade. Ashoka Fellow and LEAD Fellow, Africa CEO Forum, with experience working in and leading teams across 10+ countries, published contributions to the Global Innovation Index, World Economic Forum, and World Bank publications, and fluency in Arabic, English, and French.","https://technesummit.com/storage/events/2/speakers/01M265HC05XHMK7TWQQRHRPFJ4_1789061017_thumbnail.webp","","","https://technesummit.com/2026/speakers?page=5","https://technesummit.com/2026/speakers?page=5#speakerCardModal01M265HCB9Z75716B6GYD8HPQV","2026-10-04"
"01M265P46JH56BJ41NQ1BDD3TN","Mohammed Alwasli","Co-Founder & Ecosystem Builder","WASL Ecosystems","","Mohammed Alwasli is a Yemeni entrepreneurship, innovation, and ecosystem development professional with 6+ years of experience designing and delivering programs that help startups grow and ecosystems scale. He founded WASL Ecosystems, an entrepreneurship platform focused on strengthening startup ecosystems and expanding opportunities for founders in emerging, fragile, and underserved markets, with a particular focus on Yemen. Throughout his career, Mohammed has worked across 20+ entrepreneurship and innovation initiatives, including 10+ accelerators, supporting founders through investment readiness, partnerships, pilots, and market expansion across sectors including FinTech, GreenTech, PropTech, AgriTech, FemTech, and Social Impact. His work focuses on program strategy, partnership development, founder journey design, and ecosystem building, with a mission to connect entrepreneurs in Yemen and other emerging markets with stronger regional and global opportunities.","https://technesummit.com/storage/events/2/speakers/01M265P3VQQ3M5B19CTNBETBRQ_1789061173_thumbnail.webp","https://technesummit.com/storage/events/2/speakers/01M265P46HZVT6NNPJMWB1KS2Q_1789061173_company_logo.png","","https://technesummit.com/2026/speakers?page=5","https://technesummit.com/2026/speakers?page=5#speakerCardModal01M265P46JH56BJ41NQ1BDD3TN","2026-10-04"
"01M26661PM1VAKFT5Z2B01BQWQ","Hussam Khamis","Hafez Consultants","Design Manager","","Design manager at Hafez conslt Pocast host (a3det mohandesein )","https://technesummit.com/storage/events/2/speakers/01M26661BV276CHD6C5DFFMYRD_1789061694_thumbnail.webp","https://technesummit.com/storage/events/2/speakers/01M26661PJK89WZ1FN7MHQX0EH_1789061695_company_logo.jpg","","https://technesummit.com/2026/speakers?page=5","https://technesummit.com/2026/speakers?page=5#speakerCardModal01M26661PM1VAKFT5Z2B01BQWQ","2026-10-04"
"01M266B1DC1AD41EQ82YCSVKEY","Karim Morsy","Managing Director","Climate Consultancy","","Dr. Karim Morsy, a licensed Professional Engineer (P.E.) registered in both Colorado and Kentucky, boasts an extensive career dedicated to climate change, sustainability and water resources. His multifaceted experience spans national and international landscapes across the public sector, United Nation agencies, academia, and the private sector, solidifying his status as a distinguished climate change and sustainability expert. With over four years serving as an Advisor to H.E. the Minister of Environment in Egypt, Dr. Morsy played a prominent role during Egypt’s COP27 Presidency. As COP27 Head of the Technical Team, he contributed to coordinating high-level efforts and preparing thematic days, Presidential Initiatives, technical studies, and strategic climate finance policy content that supported Egypt’s global climate leadership. Dr. Morsy’s professional journey includes key positions with major UN organizations, including UNDP, UN-Habitat and UNOPS, where he contributed to climate resilience, sustainable infrastructure, water management, and environmental planning initiatives across the region. His involvement in shaping the Nexus of Water, Food, and Energy (NWFE) national platform, derived from Egypt’s National Climate Change Strategy 2050, showcases his strategic thinking and leadership in climate finance and sustainable development. He actively contributed to multilateral coordination and building partnerships with MDBs, development institutions and private sector to mobilize climate investments. Dr. Morsy also serves as the Managing Director of Climate Consultancy, a leading sustainability and climate change consultancy that has delivered recognizable sustainability, ESG, and climate-related reports and advisory services for major regional and global leaders across multiple sectors. He also led impactful national projects, including the National Adaptation Plan (NAP) of Kuwait and the Kuwait Water Masterplan and Strategy 2040.","https://technesummit.com/storage/events/2/speakers/01M266B1205QH4GDJGZKB11QTK_1789061858_thumbnail.webp","https://technesummit.com/storage/events/2/speakers/01M266B1CRX33XYTDRC3RJ4E5V_1789061858_company_logo.jpg","","https://technesummit.com/2026/speakers?page=5","https://technesummit.com/2026/speakers?page=5#speakerCardModal01M266B1DC1AD41EQ82YCSVKEY","2026-10-04"
"01M266VE5VK256CEFX0K574RDZ","Karim Wassim","Chief Operations Officer","PodMedia Network","Egypt","Karim Wassim is a Chief Operations Officer and delivery leader who turns organizational chaos into working systems. Across 16 years in the EU, APAC, US, and MENA regions, he has worked inside Vodafone's global services organization, led enterprise delivery across 10 countries at Orange Business Services, and built and led a PMO spanning four business units at Majid Al Futtaim. He now serves as COO of PodMedia Network, running operations across Egypt, Saudi Arabia, the UAE, and Bahrain; where a growing share of his work involves using AI and automation to let small teams carry loads that once needed whole departments. Alongside his corporate roles, Karim has spent the past nine years inside Egypt's entrepreneurship ecosystem, running workshops, consultations, and capacity building programs for founders and early-stage teams. His work sits where corporate operational rigor meets the resource-constrained reality of startups, translating each into terms the other can actually use. He holds an MBA in International Business and is a certified PMI Agile Certified Practitioner (PMI-ACP) and Scrum Master. He is known for designing systems that respect how teams actually work rather than imposing process for its own sake; turning ""we need structure"" into frameworks teams genuinely adopt.","https://technesummit.com/storage/events/2/speakers/01M266VDV5M418QE3FD5Q81FEZ_1789062395_thumbnail.webp","https://technesummit.com/storage/events/2/speakers/01M31NX9T25EXZDMPF5Y3BGYXB_1789984155_company_logo.png","","https://technesummit.com/2026/speakers?page=5","https://technesummit.com/2026/speakers?page=5#speakerCardModal01M266VE5VK256CEFX0K574RDZ","2026-10-04"
"01M266Z3RWQG53NBCRV43QSR7P","Ahmed Mansour","architect and conservation specialist","Mansour for Architecture and Conservation","Egypt","Ahmed Mansour is an architect and conservation specialist with over 15 years of dedicated experience in safeguarding and revitalizing Egypt's cultural heritage. He received his Bachelor dregree from the faculty of Fine Arts in Cairo (2002) and his MSc in Conservation of Monuments and Sites from the Raymond Lemaire International Centre for Conservation, KU Leuven (2009). He is the founder of Mansour for Architecture and Conservation. His expertise spans the rehabilitation and adaptive reuse of historical buildings and the regeneration of traditional areas. Ahmed previously served as a key consultant for the UNESCO ""Urban Regeneration for Historic Cairo"" project, aiming at developing a conservation and management plans for the World Heritage Property. His expertise extends to major sites in Histroic Cairo, Heliopolis, downtown Cairo and Alexandria, where he has led extensive documentation, condition surveys, and adaptive reuse master planning to enhance visitor experience and economic sustainability. Complementing his practice, he is a part-time lecturer and is actively involved in several conservation and rehabilitation projects.","https://technesummit.com/storage/events/2/speakers/01M266Z3CTRYWQX0DXTE07QE2Q_1789062516_thumbnail.webp","https://technesummit.com/storage/events/2/speakers/01M266Z3RTFA05WGZS7STG0EJA_1789062516_company_logo.jpeg","","https://technesummit.com/2026/speakers?page=5","https://technesummit.com/2026/speakers?page=5#speakerCardModal01M266Z3RWQG53NBCRV43QSR7P","2026-10-04"
"01M2672S0S9YMWQQY4QPX7JQSQ","Mark Mouris","Senior Investment Analyst","Exits MENA","","Mark Mouris is a Senior Investment Banking Analyst with over three years of experience in M&A and corporate finance across Egypt and the MENA region. He has worked on 30+ transactions across various sectors, including manufacturing, renewable energy, logistics, media, and healthcare, and has successfully closed five transactions across these sectors. Mark was also the winner of the 2023 CFA Research Challenge in the MENA region.","https://technesummit.com/storage/events/2/speakers/01M2672R57P7QD7N496SMKJ4S8_1789062635_thumbnail.webp","https://technesummit.com/storage/events/2/speakers/01M2672S0QZGZE3YFB185VCRSC_1789062636_company_logo.png","","https://technesummit.com/2026/speakers?page=5","https://technesummit.com/2026/speakers?page=5#speakerCardModal01M2672S0S9YMWQQY4QPX7JQSQ","2026-10-04"
"01M25GBM0FXG387TAP9KNHZ2SH","Waleed Rashed","Founder and CEO","SIDEUP","Egypt","Waleed is the CEO and Founder of SIDEUP, an e-commerce logistics platform that connects online merchants to 15+ couriers in Egypt and Saudi Arabia through a single dashboard. Founded in 2019, SIDEUP gives sellers of any size the shipping capabilities of a large retailer with no contracts and no subscription fees. The company is headquartered in Cairo and Riyadh and is backed by 500 Global, Launch Africa, UPS Express KSA, Riyadh Angels, Alex Angels, and Core Vision Investments. Having worked with thousands of merchants across both markets, Waleed has a first-hand view of why deliveries succeed or fail and what separates sellers who scale from those held back by returns and operational gaps. He is an alumnus of Meet Silicon Valley, a U.S. Government-funded exchange program in San Francisco, and a regular speaker at entrepreneurship events across the region.","https://technesummit.com/storage/events/2/speakers/01M25GBK7179MB66V3SD0S5X3G_1789038808_thumbnail.webp","https://technesummit.com/storage/events/2/speakers/01M25GBM0C8XWRMZKQ7B4PRJ2D_1789038809_company_logo.jpeg","","https://technesummit.com/2026/speakers?page=5","https://technesummit.com/2026/speakers?page=5#speakerCardModal01M25GBM0FXG387TAP9KNHZ2SH","2026-10-04"
"01M25D3RN7Z4ZFT1DKHF18H24F","Emad Kattara","Founder and CEO","Bankers Lounge Academy","","Dr. Emad Kattara is a seasoned banking leader and economic expert with over 28 years of experience in the banking sector, complemented by more than 16 years of leadership in professional training and development through Banker’s Lounge Academy, which he founded as a leading platform for developing banking professionals and future leaders across Egypt and the region. He has held senior leadership positions at major financial institutions, including Barclays Bank, Arab African International Bank, and Bank Audi, where he played a key role in shaping strategic initiatives, enhancing institutional performance, and supporting transformation within the banking sector. Dr. Kattara holds a PhD in Digital Transformation and Financial Technology (FinTech), along with an MBA in Customer Service from the Arab Academy for Science, Technology, and Maritime Transport. His profile reflects a strong blend of strategic vision, digital innovation, and customer-centric excellence. Throughout his career, he has designed and delivered specialized training programs for most Egyptian banks, in addition to collaborating with the Egyptian Banking Institute, contributing significantly to the development of banking talent and institutional capabilities. Beyond his executive role, Dr. Kattara is a recognized media figure and thought leader, actively engaging in economic discussions and delivering insightful content through articles and interviews with top industry experts and decision-makers, playing a vital role in advancing financial awareness and professional impact.","https://technesummit.com/storage/events/2/speakers/01M25D3R00AEP3KPSKJX3SR4QE_1789035405_thumbnail.webp","https://technesummit.com/storage/events/2/speakers/01M25D3RN4N5DB9N6HGPAB5Z58_1789035405_company_logo.png","","https://technesummit.com/2026/speakers?page=5","https://technesummit.com/2026/speakers?page=5#speakerCardModal01M25D3RN7Z4ZFT1DKHF18H24F","2026-10-04"
"01M25CKCD5EYJ5DHBNP080CDYY","Abdelhamid Dessouky","Senior Marketing Manager","Nawah scientific","","a senior marketing executive with extensive experience leading marketing strategy, brand transformation, customer experience, and growth across healthcare, life sciences, and consumer-focused organizations. I currently lead Marketing at Nawah Scientific, where I am responsible for shaping the marketing direction, strengthening brand and customer experience, accelerating digital transformation, and supporting business growth across Egypt and regional markets. Throughout my career, I have led multidisciplinary teams and strategic initiatives that connect customer insights with business objectives. My experience spans brand strategy, integrated marketing, digital transformation, customer experience, market development, and building marketing functions that deliver measurable impact. I believe the strongest marketing starts with understanding people, what motivates them, what influences their decisions, and what creates genuine value for them. My approach goes beyond promoting products and services to building meaningful experiences that turn attention into action, engagement, and long-term relationships.","https://technesummit.com/storage/events/2/speakers/01M26MMFP3VHWG24ZV31462YA7_1789076848_thumbnail.webp","https://technesummit.com/storage/events/2/speakers/01M25CKCC7103EPBAJ2YVAT7JK_1789034869_company_logo.jpeg","","https://technesummit.com/2026/speakers?page=5","https://technesummit.com/2026/speakers?page=5#speakerCardModal01M25CKCD5EYJ5DHBNP080CDYY","2026-10-04"
"01M25AF5HC58X5JJDH13ASS0A0","Marwan Messiry","CEO","Concepts Consulting LLC","","Marwan El Messiry is a marketing and management consultant, corporate trainer, and MBA lecturer with extensive experience helping organizations translate strategy into practical business results. His work covers leadership development, strategic management, marketing, sales effectiveness, and organizational performance across healthcare, industrial, education, and consumer-sector organizations. He is the creator of The Effective Manager, a practical leadership-development program designed to help managers lead people, improve decisions, strengthen engagement, and deliver measurable results. Marwan combines academic insight with real-world consulting experience, making complex management concepts simple, relevant, and immediately applicable.","https://technesummit.com/storage/events/2/speakers/01M25AF3WNMNZ9PF222HDRM364_1789032632_thumbnail.webp","https://technesummit.com/storage/events/2/speakers/01M25AF5H31TQFCHVBRZWA42JC_1789032633_company_logo.gif","","https://technesummit.com/2026/speakers?page=5","https://technesummit.com/2026/speakers?page=5#speakerCardModal01M25AF5HC58X5JJDH13ASS0A0","2026-10-04"
"01K94T3HA32GRKDE0339XCMPKP","Ahmed Rashad","Founder of Business Belarabi platform and angel investor","Business belarabi","","Ahmed Rashad is the founder of Business Belarabi one of the leading Arabic media, education platforms specialized business and career education, entrepreneurship, and leadership, alongside his work as an angel investor supporting early-stage ventures. He is also a transformation management and Strategy Consultant, and a certified executive coach, with additional roles as a leadership and management trainer and a contributing writer for Entrepreneur and Think Marketing Magazine","https://technesummit.com/storage/events/2/speakers/01M2AZGKA1PHM5AR2NNXAV2CA8_1789222473_thumbnail.webp","https://technesummit.com/storage/events/2/speakers/01M2AZGKV2ES6ZPXKPGEJPS22Q_1789222473_company_logo.png","","https://technesummit.com/2026/speakers?page=5","https://technesummit.com/2026/speakers?page=5#speakerCardModal01K94T3HA32GRKDE0339XCMPKP","2026-10-04"
"01KWCD58VA4MPHN9ZC2X4G08SS","Khaled Alaa","Head of Experience & Operations","Talabat","","Khaled Alaa is the Head of Operations and User Experience at Talabat Egypt, bringing more than 18 years of experience across e-commerce, marketplaces, logistics, and technology-driven businesses. In his current role, he leads operations, customer and vendor experience, compliance, and business transformation initiatives focused on driving operational excellence and sustainable growth.Prior to Talabat, Khaled held leadership positions at Jumia and MaxAB, where he played key roles in scaling operations, improving customer journeys, and building high-performing teams. He is also a founding board member of the Customer Experience Egyptian Association (CXEGA), contributing to the advancement of customer experience practices across Egypt.","https://technesummit.com/storage/events/2/speakers/01KWCD587E4FATD28E8PJKPBYM_1782827884_thumbnail.webp","https://technesummit.com/storage/events/2/speakers/01KWCD58TV9GE5V8CARY7J4001_1782827885_company_logo.png","","https://technesummit.com/2026/speakers?page=5","https://technesummit.com/2026/speakers?page=5#speakerCardModal01KWCD58VA4MPHN9ZC2X4G08SS","2026-10-04"
"01M28550Z9492CJ82CCMKEPMC6","Mona Arslan","Head of Digital & Assistant Professor of Marketing","AASTMT","Egypt","Dr. Mona Arslan is an Assistant Professor of Marketing & Media at the Arab Academy for Science, Technology and Maritime Transport (AASTMT), where she also serves as Head of Digital Content, leading the institution's digital content strategy and production. She holds a PhD from the University of Hull, UK (2020) and has served as a Development Specialist on a USAID and IU Indianapolis program in Cairo. Her research centers on marketing, digital communications and consumer behavior in Egyptian and Arab market contexts. Through her Arslan Trust Triad framework, she has guided brands, corporations, and NGOs in building credibility and authentic positioning. Her international teaching spans AASTMT, Marywood University, Roehampton, and Coventry. Dr Arslan is a Global Shapers alumna with the World Economic Forum and has spent over 12 years with Rotary International.Looking ahead, she aims to bridge research with actionable industry practice, empowering organizations to foster deep stakeholder trust through strategic, impact-driven communication.","https://technesummit.com/storage/events/2/speakers/01M2854ZY9CBDF86J8XR6ETE4W_1789127720_thumbnail.webp","https://technesummit.com/storage/events/2/speakers/01M28550Z5QK1WHWXGKQXWQ8SY_1789127721_company_logo.png","","https://technesummit.com/2026/speakers?page=5","https://technesummit.com/2026/speakers?page=5#speakerCardModal01M28550Z9492CJ82CCMKEPMC6","2026-10-04"
"01M2CVT7QNFRW1BQECW8W50B74","Ziad Ashraf","RTG","","Egypt","Ziad Ashraf is a Product Manager and Solution Architect at Robusta Technology Group, leading product across e-commerce, fintech, and PropTech engagements. His background bridges finance and product: he owned P&Ls and led FinOps at Talabeyah (Acquired by MNT-Halan) before moving into product, where he now builds both products and AI agents using AI-native tooling. Outside of work, Ziad is an avid sportsman who plays almost every sport he can get his hands on. His current focus is kitesurfing, after years of rowing and padel.","https://technesummit.com/storage/events/2/speakers/01M2CVT77DQACX1YK2VFE48GH8_1789285702_thumbnail.webp","https://technesummit.com/storage/events/2/speakers/01M2CVT7P3HBBNYRE2Z298EW4C_1789285703_company_logo.png","","https://technesummit.com/2026/speakers?page=5","https://technesummit.com/2026/speakers?page=5#speakerCardModal01M2CVT7QNFRW1BQECW8W50B74","2026-10-04"
"01M2G6E6SGWR86HY9JW5VE5MBC","Ahmed S. ELSHEIKH","R&D Manager","ITIDA-SECC","Egypt","Dr. Ahmed, R&D Manager at ITIDA-SECC, helps executives and decision-makers shape their strategies in the disruptive digital economy using broad exposure to a wide range of strategies, business models, methodologies, frameworks, and technologies such as ""AI, Data Analytics, FinTech, Metaverse, Business & Enterprise Architecture, Blockchain, Lean Six Sigma, TOGAF, CMMI, and Agile."" He also helped them implement these strategies using strategy governance frameworks such as ""Balanced Scorecards,"" ""COBIT,"" and ""Objectives & Key Results (OKRs)."" He earned his ""Executive Doctorate of Business Administration"" dual degrees from SKEMA Business School & iaeLyon School of Management—France. Previously, he obtained an MBA from Warwick Business School—UK, and an MSc from AAST—Egypt. He has diverse experience as an R&D Manager, Advisor to C-suite executives, business and enterprise architect, and Executive Coach.","https://technesummit.com/storage/events/2/speakers/01M2G6E5MDJHH58S0QA574K8VH_1789397505_thumbnail.webp","https://technesummit.com/storage/events/2/speakers/01M2G6E6R0HKE10YS1ENQFDTF9_1789397506_company_logo.png","","https://technesummit.com/2026/speakers?page=5","https://technesummit.com/2026/speakers?page=5#speakerCardModal01M2G6E6SGWR86HY9JW5VE5MBC","2026-10-04"
"01M2JQHME7YVEX1H07Z89JH42P","Tamer El Raghy","Managing Director","ARAF","","Tamer has over 25 years of investment, entrepreneurial and innovation experience in Africa, Middle East, USA and Europe. As the founding MP of Acumen Resilient Agriculture Fund (ARAF); an impact fund that invests in fast-growing Agri companies with business models that help farmers in East, West and North Africa adapt to climate change, he led the team that invested in 14 companies that impacted more than three million farmers. Prior to joining ARAF, he led responsAbility AG (rA) Agriculture PE in Africa and Cargill’s growth strategy and investment activities in Africa. He received an MBA from NYU Stern School of Business, a PhD in Materials Engineering from Drexel University and a B.Sc. in Metallurgical Engineering from Cairo University.","https://technesummit.com/storage/events/2/speakers/01M2JQHJFCAXESMY59J9SGHEMJ_1789482551_thumbnail.webp","https://technesummit.com/storage/events/2/speakers/01M2JQHM8WAM88KHBBA80R01H7_1789482553_company_logo.png","","https://technesummit.com/2026/speakers?page=5","https://technesummit.com/2026/speakers?page=5#speakerCardModal01M2JQHME7YVEX1H07Z89JH42P","2026-10-04"
"01K94T3J35JTNE53T7CP4S8VYT","Ann Adham","Professor of Marketing","ESLSCA University","","Dr. Ann Adham's career sits at the intersection of academia, consulting, and professional development. As a university professor, international trainer, consultant, and speaker, she bridges theory and practice across Public Relations, Marketing, Personal Branding, Luxury Brand Strategy, Communication, and Professional Presence. What drives her work is a simple belief: expertise alone is rarely enough. Success often depends on how effectively ideas are communicated, relationships are built, and value is perceived.","https://technesummit.com/storage/events/2/speakers/1762171930_01K94T3J36CW5870KQ6ZAJ6V4X_thumbnail.webp","https://technesummit.com/storage/events/1/speakers/01K47NM0J9AXQ9XRQ97VDZJ2XN_1756899181_company_logo.png","","https://technesummit.com/2026/speakers?page=5","https://technesummit.com/2026/speakers?page=5#speakerCardModal01K94T3J35JTNE53T7CP4S8VYT","2026-10-04"
"01M2JR2HWJTNPJ9AJRV7KSH36P","Hany Emad","Director","Medium, Small & Micro enterprises development Authority","","Hany Emad is a senior finance and investment executive with extensive experience in development finance, SME financing, venture capital and Fund of Funds investments. He currently leads MSMEDA’s Venture Capital and Fund of Funds Program, having played a key role in building the program’s investment strategy and institutional framework. The program’s portfolio comprises 18 private investment funds with aggregate capital of approximately USD 1.3 billion and MSMEDA commitments of around USD 60 million, with an expected USD 600 million to be invested in Egyptian companies. Previously, Hany established and led MSMEDA’s direct lending activity, building a portfolio of approximately EGP 2.5 billion. His leadership combines investment expertise, institutional development, strategic thinking and a strong focus on building high-performing teams and delivering measurable impact.","https://technesummit.com/storage/events/2/speakers/01M2JR2H862QF1N8XPPSJZ4JVH_1789483107_thumbnail.webp","https://technesummit.com/storage/events/2/speakers/01M2JR2HWG6BTJPZT2KJYS43K8_1789483108_company_logo.png","","https://technesummit.com/2026/speakers?page=5","https://technesummit.com/2026/speakers?page=5#speakerCardModal01M2JR2HWJTNPJ9AJRV7KSH36P","2026-10-04"
"01M2JRJ4F5VMBA7QQFT1CP9SYE","Oliver Roberts","Co-Director of the WashU Law AI Collaborative & Adjunct Professor","Washington University School of Law (WashU)","","Oliver Roberts is Co-Director of the WashU Law AI Collaborative, an Adjunct Professor of Law at Washington University in St. Louis School of Law, CEO & Founder of Wickard, an Adjunct Professor of Law at Case Western Reserve University School of Law, Managing Attorney at The Roberts Legal Firm, and the Editor-in-Chief of the AI & the Law publication at The National Law Review. Roberts regularly lectures on artificial intelligence and law at law schools in the United States and abroad. His commentary on AI policy, legal technology, and emerging technology issues has appeared in Bloomberg Law, The National Law Review, The Hill, and Law.com. He also regularly appears as an on-air television commentator on AI issues for media outlets including Fox News, ABC News 2 Nashville, Newsmax, and others. Roberts designed and taught the nation’s first required AI law school course at Case Western Reserve University School of Law, the nation’s second required AI law school course at Mississippi College School of Law, inaugural AI & the Practice of Law course at Washington University in St. Louis School of Law, and the first legal AI education program in East Africa at Addis Ababa University School of Law. Roberts also taught the nation’s first AI education and certification course in a paralegal program at Kapi‘olani Community College in Hawaii. As Managing Attorney of The Roberts Legal Firm, Roberts represents high-profile clients in litigation and advises clients on AI, technology, and emerging technology issues. His appellate experience includes two oral arguments and two victories before the U.S. Court of Appeals for the Third Circuit, as well as securing a denial of certiorari from the U.S. Supreme Court that preserved one of those victories. His most recent Third Circuit victory, Culp v. Commissioner of Internal Revenue (3d Cir. 2023), resulted in a precedential opinion departing from nearly a century of Tax Court and appellate precedent concerning taxpayer compliance with the 90-day deficiency petition filing deadline. His first Third Circuit victory overturned a Tax Court decision that had imposed a six-figure tax liability on his clients. Roberts is a graduate of Harvard Law School and Villanova University. Roberts previously practiced at Skadden Arps and Jones Day.","https://technesummit.com/storage/events/2/speakers/01M2JRJ3MGKMQH7KJG2NZZR4K1_1789483617_thumbnail.webp","https://technesummit.com/storage/events/2/speakers/01M2JRJ4E4M3B66NEPGMSXK20R_1789483618_company_logo.png","","https://technesummit.com/2026/speakers?page=5","https://technesummit.com/2026/speakers?page=5#speakerCardModal01M2JRJ4F5VMBA7QQFT1CP9SYE","2026-10-04"
"01M2JRQK3N5MTXRQDPE1NB3G63","Magdi Moussa","Co-Founder","People of Data","","Magdi Moussa is the Co-Founder of People of AI and People of Data, Egypt's AI community and ecosystem, and the founder of Skew Creative Group, an AI-native creative studio. He leads Egypt's AI Film Festival (AIFF), a national AI filmmaking training program and competition, and is a co-founder of Dnaneer, a SAMA-licensed Saudi fintech. A Forbes 30 Under 30 honoree, Magdi works at the intersection of generative AI, product design and venture building, guided by one principle: creation over noise, systems over hype.","https://technesummit.com/storage/events/2/speakers/01M2JRQJPAKNQCZ8857WSY64W3_1789483797_thumbnail.webp","https://technesummit.com/storage/events/2/speakers/01M2JRQK3K2S9FXAE9KEATCR4V_1789483797_company_logo.png","","https://technesummit.com/2026/speakers?page=5","https://technesummit.com/2026/speakers?page=5#speakerCardModal01M2JRQK3N5MTXRQDPE1NB3G63","2026-10-04"
"01K94T3JVMP8KYWD80343YAKFT","Ayman Elsawy","Founder & CEO","Bokra","","A highly experienced financial expert with over 28 years of experience working in the financial industry, with a proven track record of providing strategic financial guidance to clients across Egypt and the Middle East, helping them unlock their growth potential and achieve their financial goals","https://technesummit.com/storage/events/2/speakers/01M2JRX47DE53HBPZ20Y207D5H_1789483978_thumbnail.webp","https://technesummit.com/storage/events/2/speakers/01M2JRX4NZMM892AY7Y0X8FPZP_1789483979_company_logo.png","","https://technesummit.com/2026/speakers?page=5","https://technesummit.com/2026/speakers?page=5#speakerCardModal01K94T3JVMP8KYWD80343YAKFT","2026-10-04"
"01M2JS5ENJM284GZ04BCT4W0AK","Tawfik Mahmoud","CEO & Managing Director","Taly for Digital Payments","","A firm believer that great companies are built by great teams, Tawfik brings over 2 decades of leadership experience across the fintech and digital payments ecosystem in the Middle East and Africa to his role as CEO & Managing Director of Taly. His experience spans launching and scaling operations, navigating complex regulatory environments, and driving large scale transformation initiatives across diverse markets in MEA. At the core of his leadership philosophy is a strong focus on empowering people, building high-performing teams, and delivering sustainable, long-term impact through disciplined execution and purposeful growth.","https://technesummit.com/storage/events/2/speakers/01M2JS5E82E1YWJQFNA0MEA1R0_1789484251_thumbnail.webp","https://technesummit.com/storage/events/2/speakers/01M2JS5ENGFVDD8J85YNB7PENB_1789484251_company_logo.png","","https://technesummit.com/2026/speakers?page=5","https://technesummit.com/2026/speakers?page=5#speakerCardModal01M2JS5ENJM284GZ04BCT4W0AK","2026-10-04"
"01M2JSCEQCKHWTJSYHB1MS8R3N","Sherief Kesseba","Managing Partner","Climate Resilient Africa Fund","","Managing Partner @ CLIMATE RESILIENT AFRICA FUND (CRAF). 25 years of experience investing across the agriculture & food chain in Africa.","https://technesummit.com/storage/events/2/speakers/01M2JSCEATJC4E8B7FN5934SAF_1789484480_thumbnail.webp","https://technesummit.com/storage/events/2/speakers/01M2JSCEQAECTDNR76MDB122WH_1789484481_company_logo.jpeg","","https://technesummit.com/2026/speakers?page=5","https://technesummit.com/2026/speakers?page=5#speakerCardModal01M2JSCEQCKHWTJSYHB1MS8R3N","2026-10-04"
"01M2MKJVKN7J0QK7MTBNSWGA7C","Anna Pochikovskaya","Founder","WOMANIFEST WORLD","","Anna Pochikovskaya opened her first business at 14 - an online healthy bakery in Belarus that still operates today as a family business. She has been building ever since: Germany, Malta, and now the Middle East. At 22 she founded WOMANIFEST, a conference and online platform for women's holistic wellbeing and leadership. It grew out of 30 events she hosted across 22 countries, each one built one personal invitation at a time. Today it runs two sold-out European editions, an international online community & educational platform, and — on 31 October — Cairo will welcome its Middle East & Africa edition: 600+ women at the National Museum of Egyptian Civilization, convening founders, investors, operators and cultural leaders. She is also a transformational coach and hypnotherapist. Her clients are founders and executives, and the work is the part of scaling that rarely makes it into a deck: identity, nervous system, and the capacity to hold what you have built while living a life of fulfilment. Born in Belarus, educated in Germany, with 25 trips to Egypt, — she chose Cairo, not Dubai and not Riyadh, as the place to build from.","https://technesummit.com/storage/events/2/speakers/01M2MKJTYPTJ1QMDG8B0FK6TAX_1789545507_thumbnail.webp","https://technesummit.com/storage/events/2/speakers/01M2MKJVJS5ANYZ66RDZ6T2EN0_1789545508_company_logo.png","","https://technesummit.com/2026/speakers?page=5","https://technesummit.com/2026/speakers?page=5#speakerCardModal01M2MKJVKN7J0QK7MTBNSWGA7C","2026-10-04"
"01M2MKSYTHSAKHCFBCMTV5JGNX","Wakid Marrei","Chief People Officer & Board Member | People, AI & Organizational Transformation","Nawah Scientific","Egypt","Wakid Marrei is Chief People Officer and Board Member at Nawah Scientific Group, where he leads the organization’s people strategy, leadership development, organizational transformation, and talent agenda across a growing regional and international footprint. With extensive executive HR and management experience across Egypt, the GCC, Europe, and Africa, Wakid has held leadership roles with multinational and regional organizations including the British Council, Al-Futtaim, Pepsico, Al Safi Danone, and Lafarge. His work sits at the intersection of people, business, leadership, and technology. He is particularly interested in how organizations can use talent intelligence, competency-based decision making, data, and AI to identify potential, develop leaders, improve organizational decisions, and build future-ready workplaces. Wakid is also the architect of Nawah’s People for Growth (P4G) strategy and has led the development of integrated talent, performance, competency, succession, and organizational development frameworks designed to translate business growth into sustainable people capability.","https://technesummit.com/storage/events/2/speakers/01M2MKSYC2E2PCJPC54YBXWYD1_1789545740_thumbnail.webp","https://technesummit.com/storage/events/2/speakers/01M39VA1HPNMSFTR7PSZDXF7AA_1790258251_company_logo.png","","https://technesummit.com/2026/speakers?page=5","https://technesummit.com/2026/speakers?page=5#speakerCardModal01M2MKSYTHSAKHCFBCMTV5JGNX","2026-10-04"
"01M2MKYE9GB3CPGPTTH1Z1Z39C","Seif Bahgat","Investment Manager & Director of Strategic Partnerships","Sanad Partners","","I bring over a decade of experience spanning venture capital, startup acceleration, media, and strategic partnerships with a focus on building founder-first platforms and driving meaningful innovation across the MENA region. Starting in digital media and marketing, I co-founded a creative agency that served clients like Giza Systems and Maker Faire Cairo, before transitioning into the entrepreneurship ecosystem. I spent five years at Flat6Labs, leading startup scouting, program design, and ecosystem partnerships. During that time, I reviewed 1,000 startups and helped design national initiatives in sectors like GovTech, AgriTech, and ConTech. As General Manager of Lantern Ventures, I oversaw operations, investments, and strategic growth helping the studio evolve from a startup builder into an impact-driven venture platform. Following a merger, I now serve as Chief Strategic Partnerships Officer, where I lead external collaborations and drive regional expansion. Today, I’m focused on deepening my impact in strategic partnerships and venture support with a long-term vision of helping shape founder-first platforms, expand regional collaboration, and contribute to sustainable growth across the MENA ecosystem. Let’s connect if you're working on something ambitious in the venture or innovation space.","https://technesummit.com/storage/events/2/speakers/01M2MKYDTNBGGYZKRD5W6KDKP9_1789545887_thumbnail.webp","https://technesummit.com/storage/events/2/speakers/01M2MKYE8WKMR4KYJCMMPTHBR7_1789545888_company_logo.png","","https://technesummit.com/2026/speakers?page=5","https://technesummit.com/2026/speakers?page=5#speakerCardModal01M2MKYE9GB3CPGPTTH1Z1Z39C","2026-10-04"
"01M2MM37JHT1E2YVFFVK7JP90J","Ahmed Sheta","CEO","Qarar","","Ahmed Samy Sheta graduated from the Faculty of Medicine at Tanta University in Egypt in 2018, with honors and distinction. He moved to the UK, training as a clinical fellow at King's College Hospital and Southampton University Hospital and earning MRCS from the Royal College of Surgeons of England. He returned to Egypt to co-found Farapi, a software company. At Farapi, he built Qarar, an HR platform covering the full hiring and workforce lifecycle. He speaks Arabic, English, French, and German.","https://technesummit.com/storage/events/2/speakers/01M2MM375T26QE1C5Z3VY9AJ8R_1789546044_thumbnail.webp","https://technesummit.com/storage/events/2/speakers/01M2MM37J1YSPX3VT76Z3MJVSV_1789546044_company_logo.png","","https://technesummit.com/2026/speakers?page=5","https://technesummit.com/2026/speakers?page=5#speakerCardModal01M2MM37JHT1E2YVFFVK7JP90J","2026-10-04"
"01K94T3H7B1PCT9R6PWSKVTBEY","Mostafa Gabr","Founder","Be Productive Training & Consulting","","I am an Egyptian productivity consultant and Founder of Be Productive Training & Consulting, with a methodology officially documented by the Egyptian Ministry of Culture under the field of psychology. I specialize in transforming chaotic workplaces into high-performance systems that double output and maximize efficiency. My work is centered on helping clients reclaim their time and focus through practical Time Management and Productivity Systems, building sustainable habits, not just theory. Over the past 5 years, I've helped more than 1,000 professionals and business owners reclaim their time and achieve peak performance across coaching, group programs, and corporate training. My clients consistently report 50 to 70% improvement in productivity within the first 2 months of implementing my proven systems. What I Do: Productivity consulting for company owners and executives at leading organizations including SUTRA, CURVA, GIB GAS, 99 AGENCY, and GLORIA. One-on-one consulting for over 200 professionals, transforming their mindset and work approaches. Corporate training programs that have impacted 100+ participants. Speaking & Training: As a 2x TEDx speaker, I've delivered impactful presentations at prestigious events including the Egyptian Ministry of Communications, Google Developers Groups, Alex Techne Summit, Cairo Techne Summit, ASU IHUB, and IEEE BUB SB. My mission is simple: help ambitious professionals and business leaders eliminate overwhelm, build sustainable systems, and achieve extraordinary results without burning out. Ready to transform your productivity? Let's connect and explore how we can unlock your peak performance together.","https://technesummit.com/storage/events/2/speakers/01M2MME8NKSAJJFJF7XDH5PVF2_1789546406_thumbnail.webp","https://technesummit.com/storage/events/2/speakers/01M2MME924KBNDYTMJZW49PC5E_1789546406_company_logo.png","","https://technesummit.com/2026/speakers?page=5","https://technesummit.com/2026/speakers?page=5#speakerCardModal01K94T3H7B1PCT9R6PWSKVTBEY","2026-10-04"
"01M2MMJ584GNZ6PSKB2A1RWF80","Ahmed S. ELSHEIKH","R&D Manager","ITIDA-SECC","","Dr. Ahmed, R&D Manager at ITIDA-SECC, helps executives and decision-makers shape their strategies in the disruptive digital economy using broad exposure to a wide range of strategies, business models, methodologies, frameworks, and technologies such as ""AI, Data Analytics, FinTech, Metaverse, Business & Enterprise Architecture, Blockchain, Lean Six Sigma, TOGAF, CMMI, and Agile."" He also helped them implement these strategies using strategy governance frameworks such as ""Balanced Scorecards,"" ""COBIT,"" and ""Objectives & Key Results (OKRs)."" He earned his ""Executive Doctorate of Business Administration"" dual degrees from SKEMA Business School & iaeLyon School of Management—France. Previously, he obtained an MBA from Warwick Business School—UK, and an MSc from AAST—Egypt. He has diverse experience as an R&D Manager, Advisor to C-suite executives, business and enterprise architect, and Executive Coach.","https://technesummit.com/storage/events/2/speakers/01M2MMJ4PV3AVYGTTT9E8X0F41_1789546533_thumbnail.webp","https://technesummit.com/storage/events/2/speakers/01M2MMJ57J3ENRRZ94JWKVFX2W_1789546534_company_logo.png","","https://technesummit.com/2026/speakers?page=5","https://technesummit.com/2026/speakers?page=5#speakerCardModal01M2MMJ584GNZ6PSKB2A1RWF80","2026-10-04"
"01M2MMSNCFAG8DJ9VV7QGWTYVM","Ahmed El Alfi","Founder and Chairman","Sawari Ventures","","AHMED EL ALFI Founder and Chairman of Sawari Ventures, named as one of the most creative people in the world by Fast Company, Ahmed El Alfi has been an early stage/growth investor for over 30 years, translating to an extensive experience in funding and nurturing early-stage companies. In 1990, he founded Hybrid Capital Partners, a private investment partnership. Hybrid Capital has funded, helped grow and exited several successful companies. From 2010 to 2013 he founded Sawari Ventures, Flat6Labs, Nafham, and TATP. Flat6Labs is the MENA region’s leading startup accelerator. Nafham is the top Arabic online video educational platform covering the Egyptian, Saudi and Syrian public school curriculums, Nafham has given over 100 million free video lessons to students. TATP took over management of half of the American University in Cairo’s Tahrir Square campus to form The GrEEK Campus; a 25,000 square meter office park where over 130 companies work and collaborate. In addition to Sawari Ventures’ portfolio of investments, his current portfolio includes NeuroTrainer, Pacific Toxicology, as well as Zignal Labs. Prior to becoming an early-stage investor in 1990, he was Senior Vice President of Jefferies & Company, where he worked for 10 years. He has served on the Boards of Directors or Advisors of several corporate boards as well as multiple academic institutions.","https://technesummit.com/storage/events/2/speakers/01M2MMSMZ3D91PT8GWTFSB2DSX_1789546779_thumbnail.webp","https://technesummit.com/storage/events/2/speakers/01M2MMSNCDN5TTKAX46QSTJWBX_1789546780_company_logo.jpg","","https://technesummit.com/2026/speakers?page=5","https://technesummit.com/2026/speakers?page=5#speakerCardModal01M2MMSNCFAG8DJ9VV7QGWTYVM","2026-10-04"
"01M2MMWNWYFR7WH1NESHJ1AW6Y","Sherif Kozman","CEO","NAYA","","Sherif Kozman has spent 25 years in enterprise technology. He is the CEO of Extreme Solution, guiding organizations through governed enterprise AI adoption on Google Cloud, and founder of NAYA, the proof and control layer for money movement. Practitioner-builder. Building human and AI teams. A Human still in beta.","https://technesummit.com/storage/events/2/speakers/01M2MMWNA7JJVARP4TTKTZMNFA_1789546878_thumbnail.webp","https://technesummit.com/storage/events/2/speakers/01M2MMWNWWWV4NJSZN82N3DKK6_1789546878_company_logo.png","","https://technesummit.com/2026/speakers?page=5","https://technesummit.com/2026/speakers?page=5#speakerCardModal01M2MMWNWYFR7WH1NESHJ1AW6Y","2026-10-04"
"01M2MN09S3657KSDKAQDQBWD7N","Hatem Sallam","Cofounder and CEO","EduSofx","","Hatem is currently the founder and CEO of EduSofx. “EduSofx Learning Buddy” provides AI Agents for Curriculum-Grounded Teaching and Learning. An AI-powered learning platform that lives inside your school's existing ecosystem—connecting to LMS, SIS, and content repositories to empower them with intelligent agents. With 30 years of experience, and a master’s degree in Organization Consultancy from Hult (Ashridge) in UK, Hatem is an impact driven leader who developed a proven track record of Leading transformational projects that changes peoples’ life. As a member of Global Alliance team for MBRGI Digital School in UAE serving 150K students in 12 countries and aiming to reach 1M in 3 years’ time. Hatem Led the Education Transformation efforts in EMEA large customers for Microsoft as a Principal Transformation Architect/Consultant. This involved solutions north of $500M. Before Microsoft, Hatem served as a Partner and Chief Growth Officer in Almentor.net (2018 to 2021, During this assignment, Hatem drove the growth strategy for this online platform that has more than 2.2 million visitors and 3 million visits during 2018 which was its first year of operation. In 2021, it almost tripled in terms of visits. 1M learning experiences were achieved on the platform and the company is a well-established video-based learning platform serving the Arabs needs around the globe with more than 15,000 high quality video-based learning experiences now. Before Almentor.net Hatem held many executive positions like the Chief Technology and Transformation Officer for the largest K-12 school chain globally GEMS Education. With many transformation projects in the K-12 learning business model. As well as the CEO for ITWORX Education where the company reached to 6 million learners on its platform. Hatem held management and technical position for Microsoft, IBM for almost 9 years in Egypt and Gulf Area. Hatem’s work in the Education and learning spaces impacted some deprived groups like Syrian refugees in Lebanon and Turkey as well as low-income families in east Africa. Hatem helped many nation-wide education transformation projects (e.g., BSF in UK in Durham and Kent, National projects for Education in Qatar, UAE, KSA, and Egypt). Hatem is sharply focusing on the opportunities to nurture people’s capabilities. Driving Impact in all fields is the main motivation. Hatem’s most important role is inspiring his three boys (28, 24, and13 years old) to be the best versions of themselves and find true meaning for life.","https://technesummit.com/storage/events/2/speakers/01M2MN09PC26YEBCN50TM8EZJC_1789546997_thumbnail.webp","https://technesummit.com/storage/events/2/speakers/01M2MN09S1EGR6XA53SBJJEJP3_1789546997_company_logo.png","","https://technesummit.com/2026/speakers?page=5","https://technesummit.com/2026/speakers?page=5#speakerCardModal01M2MN09S3657KSDKAQDQBWD7N","2026-10-04"
"01M2MN5CKR8KJN7B0P6G2CHXY8","Omar Eleish","Managing Director","ITI Integrating Economies GmbH","","Omar Eleish is a foreign direct investment (FDI) expert, economist, and entrepreneur with extensive experience supporting investment-led economic growth across Europe, Africa, and the Middle East. As Founder and Managing Director of ITI Integrating Economies GmbH, he advises governments, international organizations, and private-sector stakeholders on investment attraction, business expansion, and economic development strategies. His experience includes work with the World Bank Group, COMESA, and numerous national investment promotion agencies and economic zones. Omar brings practical insights into how startups, scale-ups, investors, and policymakers can leverage international expansion and investment to accelerate growth and create lasting economic impact.","https://technesummit.com/storage/events/2/speakers/01M2MN5C8NX8ZFZ1G3FX1ZXH0R_1789547163_thumbnail.webp","https://technesummit.com/storage/events/2/speakers/01M2MN5CKP921AC7JA5GQBJV3C_1789547164_company_logo.jpg","","https://technesummit.com/2026/speakers?page=5","https://technesummit.com/2026/speakers?page=5#speakerCardModal01M2MN5CKR8KJN7B0P6G2CHXY8","2026-10-04"
"01M2MNAFGJ8XS7576E6QRTVPCV","Amr El Abd","Entrepreneurship Advisor to the Prime Minister of Egypt Regional Managing Director, MENA","Endeavor","Egypt","Amr El Abd works at the intersection of entrepreneurship, capital, and public policy, with over 25 years building the institutions that empower founders across emerging markets. In 2024, he was appointed Advisor to the Prime Minister of Egypt for Entrepreneurship, where he plays a central role in shaping national strategy to empower founders and drive innovation-led growth. He is currently co-designing and leading government initiatives to support the transformation of the entrepreneurship ecosystem. In 2025, he was appointed to the Board of Directors of MSMEDA, Egyptʼs apex authority for micro, small, and medium enterprise development. Mr. El Abd serves as Regional Managing Director for MENA at Endeavor, the worldʼs leading network supporting high-impact entrepreneurs across 50+ markets. He assumed the regional role in 2023 after serving as CEO of Endeavor Egypt, where he led the organization through a strategic repositioning that expanded its founder base and deepened its institutional partnerships. His policy and capital markets work spans more than a decade. As Senior Advisor to the World Bank, he supported the design and structuring of Egyptʼs first fund-of-funds program — a foundation he continues to build on in his current government role. He was previously the founding CEO and Vice Chairman of Egypt Ventures, the countryʼs first government-backed VC firm, and founding Chairman of Falak Startups, one of the regionʼs largest accelerators. He has also advised the Ministry of Investment on national startup and innovation policy. In 2002, well before entrepreneurship became a policy priority in the region, Mr. El Abd launched the Entrepreneurs Business Forum – Egypt (EBF), the countryʼs first nonprofit dedicated to empowering founders. He has co-founded ventures across technology, logistics, consulting, and education. He holds a degree in Economics from Georgetown University.","https://technesummit.com/storage/events/2/speakers/01M2MNAEYCVS40T0RP2MJ66PJX_1789547330_thumbnail.webp","https://technesummit.com/storage/events/2/speakers/01M2Z7ZA1CTMDBJ81VJD0HKH0N_1789902432_company_logo.png","","https://technesummit.com/2026/speakers?page=5","https://technesummit.com/2026/speakers?page=5#speakerCardModal01M2MNAFGJ8XS7576E6QRTVPCV","2026-10-04"
"01M2Y0W05YE51TZGB761ZEDJZ8","Islam Saadany","Managing Director","Forefront Consulting","Egypt","I'm the Founder and Managing Director of Forefront Consulting and a strategy advisor to CEOs, founders, and boards. Over the past fifteen years I've worked with groups, enterprises, and mid- sized businesses in Egypt, the UAE, and Saudi Arabia; helping them turn complex challenges into structured, executable growth strategies. My focus is the hard part of strategy: execution. I help leaders cut through complexity , align their teams around a clear direction, and build the discipline that turns ambition into measurable outcomes. Beyond client work, I'm invested in the strategy conversation in the region — convening C-level leaders and strategy practitioners to share knowledge, challenge thinking, and raise the bar for how strategy gets done.","https://technesummit.com/storage/events/2/speakers/01M2Y0VYGGC8G5CBQF8J8QTE0Y_1789861427_thumbnail.webp","https://technesummit.com/storage/events/2/speakers/01M2Y0W04NPSQSWH4FYBPA4K6Z_1789861429_company_logo.png","","https://technesummit.com/2026/speakers?page=5","https://technesummit.com/2026/speakers?page=5#speakerCardModal01M2Y0W05YE51TZGB761ZEDJZ8","2026-10-04"
"01M2Y11Z9THMBVXEBA1JE882TV","Sherin Wafaai","Project Manager & UX Lead","TPP Group","Egypt","Sherin's mixed background of Psychology, User Experience and Therapy allows her to see users beyond the interface. 10 years ago UX was about ""How does it work?"", now it's about ""How does it feel?"". Empathy is what allowed her to lead the UX research project on Egypt's Masr el Rakameya digital platform. She believes Ai can be the best assistant to free up time to do real research and design incredible intuitive experiences. She's also the co-owner of two restaurants, bäxters european kitchen and PaoPao | Edgy Asian. Still creating experiences, just more delicious ones!","https://technesummit.com/storage/events/2/speakers/01M2Y11V226176Q836TDKTTEV8_1789861620_thumbnail.webp","https://technesummit.com/storage/events/2/speakers/01M2Y11Z7VA5JCN0Z3R7JGHT1S_1789861625_company_logo.png","","https://technesummit.com/2026/speakers?page=5","https://technesummit.com/2026/speakers?page=5#speakerCardModal01M2Y11Z9THMBVXEBA1JE882TV","2026-10-04"
"01M2Y1THDXNX84KB6VMM3HXK16","Sally Mansour","Technical Advisor - Green Private Sector Development","GIZ","Egypt","Sally possesses a diverse professional background, encompassing both the private sector and the development sector. In her current role as technical advisor for green private sector development in PSI II project she focuses on accelerating climate tech entrepreneurship in Egypt by strengthening entrepreneurial ecosystems and developing support measures that aim to de-risk early-stage investments. She is currently programme lead of the Egypt Climate Invest programme and ESO Climate Innovate Egypt programme. She has also led programs to build the capacity of manufacturing SMEs, facilitated public-private partnerships, and collaborated with startup support organizations on sustainable enterprise growth initiatives. Within the private sector, she has extensive experience in product management across multiple industries. She is also a certified expert in climate finance from Frankfurt School and an ESG (GRI) professional.","https://technesummit.com/storage/events/2/speakers/01M2Y1TFAA33GV9FP8D8MKEYFD_1789862427_thumbnail.webp","https://technesummit.com/storage/events/2/speakers/01M2Y1THBDACR9YFCBXZ8Q73HZ_1789862430_company_logo.png","","https://technesummit.com/2026/speakers?page=5","https://technesummit.com/2026/speakers?page=5#speakerCardModal01M2Y1THDXNX84KB6VMM3HXK16","2026-10-04"
"01M2Y1ZQDX0DMRM5DZS5FQXYB0","Mohamed Hussein","Head of Business Banking","Arab African International Bank","Egypt","Mohamed Hussein is a senior banking executive with more than 20 years of experience across Business Banking, SME Banking, corporate banking, credit, and digital transformation. He currently serves as Head of Business Banking at Arab African International Bank (AAIB), leading the development and growth of the bank’s Business Banking franchise. Previously, he established and led AAIB’s SME Banking business and its digital transformation agenda, with a focus on building innovative banking propositions and positioning the bank as a long-term Growth Partner for businesses. Prior to AAIB, Mohamed held a senior leadership role at Banque Misr, where he established the SME Business Hubs model to expand financing for medium enterprises beyond Cairo and sponsored the development of the bank’s digital SME lending proposition, Express Loan. Earlier, he spent more than a decade with Barclays Bank Egypt, building extensive experience across commercial banking, credit, and relationship management. He also served as a Non-Executive Board Member of Sandah Microfinance, contributing to governance, risk, and audit oversight. Mohamed holds an MBA From AAST","https://technesummit.com/storage/events/2/speakers/01M2Y1ZMSF1QZGEXBNP9Y2JJ84_1789862597_thumbnail.webp","https://technesummit.com/storage/events/2/speakers/01M2Y1ZQ5PQV1DTDTQVT08QR2E_1789862599_company_logo.jpeg","","https://technesummit.com/2026/speakers?page=5","https://technesummit.com/2026/speakers?page=5#speakerCardModal01M2Y1ZQDX0DMRM5DZS5FQXYB0","2026-10-04"
"01M2Y22G6ET83Z8YGH6W35JG7G","Rafy Kourouian","Founder and Managing Director","Goldady","Egypt","After a stint at his father’s gold business in Alexandria, Egypt, Rafy spent the first 15 years of his career in information provision for Middle East capital markets. Over the years, his career has ventured into journalism before assuming overall regional responsibility for ISI Emerging Markets, a multinational economic and financial database firm. Later, he provided development consultancy to both USAID, Canadian International Development Agency and UNIDO. This led to a pivot from traditional investment advisory onto innovative technologies, including renewable energy and fintech ventures. Rafy holds an LL.M. in International Business Law, University of Leiden, The Netherlands. He is also the holder of a B.A. with a Major in Economics and Political Science from McGill University, Montreal, Canada.","https://technesummit.com/storage/events/2/speakers/01M2Y22FHQ5NEM91CKN42D3V6V_1789862690_thumbnail.webp","https://technesummit.com/storage/events/2/speakers/01M2Y22G5BSC64J7T99XYW8EFH_1789862690_company_logo.png","","https://technesummit.com/2026/speakers?page=5","https://technesummit.com/2026/speakers?page=5#speakerCardModal01M2Y22G6ET83Z8YGH6W35JG7G","2026-10-04"
"01M2Y2YZS2P2W55MDWCZ66ABJM","Hoda Kassem","Head of Operations Division","Emirates NBD Egypt","Egypt","Born and raised in Alexandria Egypt, started my career 33 years ago with HSBC Group, working in UAE, Egypt and with Global Shared Services. Moved to Emirates NBD in January 2025 to Head the Operations Division and drive the Operations Evolution agenda. Thru out my career I managed Operations, Branch Network, Contact Centres and Shared Services, with extensive expertise in Performance and Stakeholder. I worked on embedding strategies, delivering change, leading transformation, capacity management and adopting new ways of work. I have gained competency in people management, internal controls and fostering compliance culture, while driving end-to-end Customers’ Journeys and Customer Experience agendas. Appointed as a board member within HSBC Global Service Centre, in addition to ongoing facilitation of Leadership Programs and providing mentorship and coaching to Execs at different levels and Regions.","https://technesummit.com/storage/events/2/speakers/01M2Y2YXX3JYSRQ8PTAPTWAJJ9_1789863622_thumbnail.webp","https://technesummit.com/storage/events/2/speakers/01M2Y2YZQ8NQD3X57C9VJ8Q3GW_1789863624_company_logo.png","","https://technesummit.com/2026/speakers?page=5","https://technesummit.com/2026/speakers?page=5#speakerCardModal01M2Y2YZS2P2W55MDWCZ66ABJM","2026-10-04"
"01K94T3M8KS4VBEC42R6TYK4AY","Basma Ammari","Director of Public Policy, Middle East and North Africa","Meta","United Arab Emirates","Basma Ammari is the Director of Public Policy for the MENA region at Meta. She leads a team that focuses on tech regulations and policies, promotes platform integrity, and supports innovation ecosystems. By practice, Basma is an international development and public policy professional with over 20 years of experience, having worked at the World Bank in Washington DC, Africa and MENA, as well as with social impact organizations and governments in those regions. Basma worked across several sectors and contexts, from education, to health to community development and across several countries, including in conflict and post conflict zones in West and East Africa and the Middle East. Prior to Meta, Basma served at the Prime Minister’s Office of the UAE as advisor in Strategy and Innovation. She has a Bachelors in Economics and Finance and holds an MBA degree.","https://technesummit.com/storage/events/2/speakers/1762171932_01K94T3M8MY6V26ARA2938PF0G_thumbnail.webp","https://technesummit.com/storage/events/1/speakers/01K540DD5ZBQ1A7Z4GRHFDP4KW_1757850023_company_logo.png","","https://technesummit.com/2026/speakers?page=5","https://technesummit.com/2026/speakers?page=5#speakerCardModal01K94T3M8KS4VBEC42R6TYK4AY","2026-10-04"
"01M2Y3D517XX4PYRYN9YYNPX0Y","Khaled Ismail","Chairman","HIMangel","Egypt","","https://technesummit.com/storage/events/2/speakers/01M2Y3D1HPKSZYWT7CN63ZV38B_1789864085_thumbnail.webp","https://technesummit.com/storage/events/2/speakers/01M2Y3D4W9QXSSCVDHREYA57NV_1789864088_company_logo.jpeg","","https://technesummit.com/2026/speakers?page=5","https://technesummit.com/2026/speakers?page=5#speakerCardModal01M2Y3D517XX4PYRYN9YYNPX0Y","2026-10-04"
"01M2Y3K9825J8RH04X80MN6KQB","Gehad Abdullah","Program Manager","Plug and Play","Egypt","Gehad Abdullah is an entrepreneur and program leader with a decade of experience building businesses and supporting high-growth startups across Egypt and the region. She is the Founder of MerMaid, one of Egypt’s pioneering tech-enabled home services platforms, which she grew from the ground up into a multi-city business supporting thousands of service providers. Today, she is a Program Manager at Plug and Play, leading innovation and startup programs while connecting founders with investors, corporates, and growth opportunities. Her experience spans entrepreneurship, venture building, accelerator management, and ecosystem development, with a particular passion for helping ambitious founders turn strong ideas into scalable businesses.","https://technesummit.com/storage/events/2/speakers/01M2Y3K7W72NB5JH2SSVPTFTCD_1789864288_thumbnail.webp","https://technesummit.com/storage/events/2/speakers/01M2Y3K92WPN65P85Z0A96KF48_1789864289_company_logo.png","","https://technesummit.com/2026/speakers?page=5","https://technesummit.com/2026/speakers?page=5#speakerCardModal01M2Y3K9825J8RH04X80MN6KQB","2026-10-04"
"01M2Y445CY1EAAZGJGKYH2D6R6","Chris Abboud","General Manager","Beyti - An Almarai Subsidiary","Egypt","Chris Abboud General Manager, Beyti - An Almarai Subsidiary Christian Abboud is an accomplished leader in the FMCG industry with over two decades of experience spanning four continents in both emerging and developed markets with a proven track record of driving growth, innovation, and operational excellence. Recently appointed as General Manager of Beyti, an Almarai subsidiary, Christian is poised to bring his visionary leadership to further strengthen the company’s market position. Before joining Beyti, Christian held senior roles at global powerhouses such as Nestlé, PepsiCo, and P&G. He is widely recognized for leading transformative business initiatives, expanding market presence, and implementing sustainable practices that deliver long-term value. His leadership style fosters high-performing teams that thrive on collaboration, passion, drive for results, and making a positive impact. His expertise extends beyond management to include board and chair roles, showcasing his commitment to shaping agile and future-ready organizations. Christian is a graduate of the American University of Beirut with a BA in Business Administration and has completed the Program for Executive Development at IMD, Switzerland, further sharpening his strategic and leadership capabilities.","https://technesummit.com/storage/events/2/speakers/01M2Y441RWS3GACXKBKFMPMTYB_1789864838_thumbnail.webp","https://technesummit.com/storage/events/2/speakers/01M2Y4452HCJRVG173XCSJEKDE_1789864842_company_logo.png","","https://technesummit.com/2026/speakers?page=5","https://technesummit.com/2026/speakers?page=5#speakerCardModal01M2Y445CY1EAAZGJGKYH2D6R6","2026-10-04"
"01K94T3M8NXT65YRWT34QWGE0W","Mehdi Taher","Head of Public Policy","META","United Arab Emirates","Mehdi Taher is the Head of Public Policy for North Africa at Meta, where he leads the company’s engagement on a broad range of policy issues across the region. His work spans regulation, technology policy, platform integrity, and innovation, with a particular focus on artificial intelligence. He engages with governments, industry leaders, and civil society to shape responsible and forward-looking approaches to technology governance. With a background as an economist and a former diplomat, Mehdi has worked across the Middle East, Africa, and Europe on political, economic, and strategic issues. He has held senior roles in the UK government, covering foreign policy, trade, security, and economic development. His experience includes engaging with international institutions, shaping policy initiatives, and navigating complex geopolitical and regulatory environments - expertise he now applies to the evolving landscape of tech policy.","https://technesummit.com/storage/events/2/speakers/01M2Y49KS0H8DA7632DB1BEPT7_1789865021_thumbnail.webp","https://technesummit.com/storage/events/1/speakers/01K541HQ2FGD8K9HZV7B6K20QE_1757851212_company_logo.png","","https://technesummit.com/2026/speakers?page=5","https://technesummit.com/2026/speakers?page=5#speakerCardModal01K94T3M8NXT65YRWT34QWGE0W","2026-10-04"
"01M2Y4H8VWSM0BYSB4E58BJAZH","Walid Al.Engbawy","DEMI & DECI Executive Director","MCIT","Egypt","Al.Engbawy has 25+ years of experience in many fields such as Projects Management, Leading Training Programs (Communications, Information Technology and Management), Learning and Development. On the practical side, he participated and was involved in many National Projects in Egypt such as (but not limited to): • Professional Training Project for young Egyptian Graduates over 5 years that led to more than 35,000 ICT Professionals in the market during his work in Ministry of communications. • The ICDL ""International Computer Driving License"" Scholarship for the Government Employees over 3 years that led to more than 30,000 ICDL Certified Employees during his work in Ministry of State for Administrative Development . • Designing and supervision for countless of “Middle and Senior Managers Programs” in the field of Management for both public and privet sector for more than 40,000 trainees during his work in National Management Institute. He conducted and managed 500+ training courses in different ICT & Business areas including, but not limited to, IT, Project Management, Operations Management, etc. Received reputable certifications in training, facilitation and other technical aspects including, TTT Certified Trainer, Business, Telecom Certified Trainer, and others. He graduated from Communications & Electronics Engineering Dept., Faculty of Engineering and Technology, from the Arab Academy for Science & Technology & Maritime Transport (AASTMT) in Alex. 1997, later he completed Master studies in the field of Quality Management in 2012.Currently he is the Executive director for both DEMI and DECI affricated from MCIT that successfully conducted training programs for more than 250k students all over Egypt.","https://technesummit.com/storage/events/2/speakers/01M2Y4H7NSQKJ64E8RB73WR10E_1789865270_thumbnail.webp","https://technesummit.com/storage/events/2/speakers/01M2Y4H8TGNTQWJP4QXW84RQ89_1789865272_company_logo.jpeg","","https://technesummit.com/2026/speakers?page=5","https://technesummit.com/2026/speakers?page=5#speakerCardModal01M2Y4H8VWSM0BYSB4E58BJAZH","2026-10-04"
"01M2Y4QFGBC13AC6KDBXSGCG86","Ahmed Morsy","Founding Director, AI Research Lab","Cairo University","Egypt","Professor Ahmed Morsy is the Founding Director of the AI Research Lab at the Faculty of Engineering – Cairo University and former Chair of the Biomedical Engineering department at the same University. He is the Founder of Nebras Technology, an Egyptian venture which grew to be a leading regional provider of healthcare information management solutions. He received his Ph.D. in Health Technology from Duke University, USA. Dr. Morsy has held many lead and advisory roles in the healthcare technology management space. He was Lead R&D Engineer at Philips Medical Systems in Seattle, USA; and the General Manger of IBE Technologies. He later served as Senior Advisor on IT strategy planning to the Chairman of Egypt National Post Organization, Senior Director at SysDSoft (acquired by Intel), and Senior Program Manager at the Microsoft Innovation Center in Cairo leading the healthcare innovation team. He was also the Editor in Chief of the IEEE Pulse magazine, the flagship health technology magazine for the IEEE. Dr. Morsy is currently the Vice Chair of the Healthcare Governance and Transparency Association and also a member of the Investment Committee of Egypt Ventures (national VC with an investment portfolio of over EGP 1 Bn). Dr. Morsy has several international publications and 4 United States patents.","https://technesummit.com/storage/events/2/speakers/01M2Y4QD1BASJB8YSKB3ZD9HCQ_1789865473_thumbnail.webp","https://technesummit.com/storage/events/2/speakers/01M2Y4QFC6X1KDNB28D4W9BVHW_1789865475_company_logo.jpeg","","https://technesummit.com/2026/speakers?page=5","https://technesummit.com/2026/speakers?page=5#speakerCardModal01M2Y4QFGBC13AC6KDBXSGCG86","2026-10-04"
"01M2Y4XBE54T28NSEMTBRYDQP2","Nagy Iskandar","Founder / General Manager / Consultant","ISKAGAS","Egypt","Nagy Iskander is a seasoned investor, business leader, and entrepreneur with a distinguished 35-year career spanning finance, oil and gas, FMCG, and venture capital. As an active investor and mentor, he plays a pivotal role in shaping the future of high-growth startups and investment ventures across diverse industries, including Green Energy, Fintech, AI, E-commerce, Deeptech, and Agritech. Nagy’s investment acumen is rooted in a deep understanding of capital markets, deal structuring, and strategic growth. His expertise was honed during his tenure at BP, where he spent 22 years negotiating multi-million-dollar agreements with governments across Egypt, Trinidad, and the US. He also held key leadership roles as CEO of United Gas Derivatives Company (UGDC) and board member for BP Egypt, Natural Gas Vehicle Company (NGVC), and BP’s LNG, oil trading, and Castrol Lubricants divisions. His background in banking, including experience at the Export Development Bank of Egypt, further solidified his ability to navigate financial landscapes and assess high-value investments. As an angel investor, Nagy actively supports and funds startups through MINT Incubator, AUC Venture Lab, DarE Incubator, Raya, and Cultiv Ventures. His hands-on approach goes beyond capital injection—he provides strategic mentorship, leveraging his vast industry network and operational expertise to help entrepreneurs scale and secure follow-on investments. Beyond his investment portfolio, Nagy contributes to the financial and energy sectors as a lecturer at the Arab Academy for Science, Technology & Maritime and as a mediator at the Cairo Regional Centre for International Commercial Arbitration, specializing in complex dispute resolutions. He holds a B.Sc. in Engineering from Ain Shams University and M.Sc. in International Banking and Finance from Southampton University, UK. His career is a testament to his ability to identify high-potential opportunities, structure successful deals, and drive innovation through strategic investments.","https://technesummit.com/storage/events/2/speakers/01M2Y4X99TA01RNW0AQ8NAS0YW_1789865665_thumbnail.webp","https://technesummit.com/storage/events/2/speakers/01M2Y4XB9CT57KNCGEQ6R8TQFW_1789865667_company_logo.jpg","","https://technesummit.com/2026/speakers?page=5","https://technesummit.com/2026/speakers?page=5#speakerCardModal01M2Y4XBE54T28NSEMTBRYDQP2","2026-10-04"
"01M3CBHNRYAEB2TJ59JCY5HTNY","Aanchal Mehta","Regional Lead, Policy Programs","Africa, Middle East and Turkiye Meta","United Kingdom","","https://technesummit.com/storage/events/2/speakers/01M3CBHMPRCBM9NXESCYGX2PNC_1790342386_thumbnail.webp","https://technesummit.com/storage/events/2/speakers/01M3CBHNPZ3Z571EJMKS1RYTHB_1790342387_company_logo.jpg","","https://technesummit.com/2026/speakers?page=5","https://technesummit.com/2026/speakers?page=5#speakerCardModal01M3CBHNRYAEB2TJ59JCY5HTNY","2026-10-04"
"01M2Y650W646Z0ZZT116EXWQ0G","Kyriakos Fialoyiannos","Investment Portfolio Manager","Gravity Ventures","Cyprus","Kyriakos Fialoyiannos has more than 10 years of experience in investment management, mergers and acquisitions, and financial advisory. He is the Investment Portfolio Manager at Gravity Ventures and Investment Advisor at Gravity VC Fund, where he evaluates deep-tech opportunities and supports startups across biotechnology, healthcare, cleantech, defense & space, and transport & mobility.","https://technesummit.com/storage/events/2/speakers/01M2Y64Z18S34B7M21ZKGAW2FS_1789866966_thumbnail.webp","https://technesummit.com/storage/events/2/speakers/01M2Y650QZRDX4Z49RH27YSRYN_1789866967_company_logo.jpg","","https://technesummit.com/2026/speakers?page=5","https://technesummit.com/2026/speakers?page=5#speakerCardModal01M2Y650W646Z0ZZT116EXWQ0G","2026-10-04"
"01M2Y6BWCME0FMVYEM5K3GYCQ8","Reham Salama El Shinnawy","Director of international patient department","Egypt Healthcare Authority","Egypt","Medical doctor and Public health expert with 15+ years of experience advancing public and reproductive health, Healthcare system strengthening, contributed efficiently in health system reform in Egypt. Proven track record in designing and implementing large-scale health initiatives within the Universal Health Insurance System, including service delivery models, performance frameworks, and revenue cycle systems. Skilled in leading multi-stakeholder collaboration with government entities, UN agencies, and international partners to develop policy, strengthen health systems, and deliver measurable impact. Brings strong expertise in technical advisory, multi-stakeholder coordination, and translating data into policy and operational solutions. Committed to improving equitable access to quality reproductive health services and driving sustainable health outcomes for women and vulnerable populations.","https://technesummit.com/storage/events/2/speakers/01M2Y6BVQSK6EVZ4T7Y9T0H836_1789867192_thumbnail.webp","https://technesummit.com/storage/events/2/speakers/01M2Y6BW9YCAFZTM5S17B53N90_1789867192_company_logo.png","","https://technesummit.com/2026/speakers?page=5","https://technesummit.com/2026/speakers?page=5#speakerCardModal01M2Y6BWCME0FMVYEM5K3GYCQ8","2026-10-04"
"01M2Y6KZDNSE4DCJNC07RW97BB","Alison Cossette","CEO & Founder","ClariTrace","United States","Alison Cossette is founder and CEO of ClariTrace, where she's building graph-based intelligence for AI systems. Her work spans AI governance, physical AI, and retrieval research—she recently won ""Most Impressive Project"" at Physical AI Hack 2026 for a VLA-powered robot that reads books to children. Alison serves on the US NIST Generative AI Public Working Group and has studied AI and Data Science at Northwestern University at the Master's level. She speaks globally on building AI systems that are capable, controllable, and worth trusting.","https://technesummit.com/storage/events/2/speakers/01M2Y6KYVK5DKNP6JQ3148RP0W_1789867457_thumbnail.webp","https://technesummit.com/storage/events/2/speakers/01M2Y6KZDJ0E4H1WQR2WAJ58QQ_1789867457_company_logo.png","","https://technesummit.com/2026/speakers?page=5","https://technesummit.com/2026/speakers?page=5#speakerCardModal01M2Y6KZDNSE4DCJNC07RW97BB","2026-10-04"
"01M2Y7STXZKYXZWXKP6JKDT0TE","Ahmed Abd El Aal","CEO","Founder of 3BL Esports","Egypt","Ahmed Mohamed Abd El-Aal , CEO and Co-founder of 3BL Esports. The first professional E-sports team baseg from Upper Egypt, were we managed to make first feminine E-sports team in Egypt, and also managed promote 6 professional teams in 6 differentgames. Ahmed studied business administration and management, also studied Finance and accounting , which helped to increase the investment in the organization so much. Studied E commerce, also managed to give alot of talks about E-sports fields , and how to develop your brand.","https://technesummit.com/storage/events/2/speakers/01M2Y7SSM6AMHK04FCW219MFRH_1789868697_thumbnail.webp","https://technesummit.com/storage/events/2/speakers/01M2Y7STVRVV71011N6VJQRWSN_1789868698_company_logo.jpeg","","https://technesummit.com/2026/speakers?page=6","https://technesummit.com/2026/speakers?page=6#speakerCardModal01M2Y7STXZKYXZWXKP6JKDT0TE","2026-10-04"
"01M2Y8F664HCRC1EAPAXQV96HH","Adham Elkholy","CEO","ArmyVerse","Egypt","I’m Adham ElKholy, 26 years old , Founder & CEO of ArmyVerse Athletes Nutrition, an Egyptian sports nutrition company focused on helping athletes improve their performance, recovery, health, and body composition through personalized nutrition systems. I graduated from Cairo University, Faculty of Engineering, in 2023, and founded ArmyVerse in 2024. Since then, we’ve worked with 4,000+ athletes across different sports, building ArmyVerse as a system-driven company that combines nutrition, data, technology, and continuous follow-up. I’m passionate about entrepreneurship, business growth, leadership, and building high-performance teams and systems.","https://technesummit.com/storage/events/2/speakers/01M2Y8EYBM6GPV9KZ91ZEK4CH6_1789869390_thumbnail.webp","https://technesummit.com/storage/events/2/speakers/01M2Y8F5RXJ6VR40D8NPB7QHS2_1789869397_company_logo.jpg","","https://technesummit.com/2026/speakers?page=6","https://technesummit.com/2026/speakers?page=6#speakerCardModal01M2Y8F664HCRC1EAPAXQV96HH","2026-10-04"
"01M2Y8MZFJ1X3HYQK64E52T6S8","Yasmine Shihata","Founder & CEO","Venus Media & PR","Egypt","Yasmine Shihata, is an Egyptian and UK national, born in Kuwait who went to international schools in Vienna, Austria and Washington D.C. She attended university in London, where she graduated from the London School of Economics (LSE) with a degree in International Relations. Having had a passion for fashion, art and magazines from a young age, Yasmine interned at Vogue and Marie Claire magazine in London during her studies. Yasmine’s professional career began in New York City, where she joined Vogue magazine as senior assistant to the Editor in Chief, Anna Wintour. This demanding position exposed her to the corporate magazine world and the intricacies of magazine production and public relations at a young age, Yasmine then moved to Cairo and founded Egypt’s first English language lifestyle publication: Cleo magazine. Cleo magazine was a hit from its inception, as it tapped into a virgin market and the aspirations of Egypt’s emerging sophisticated and modern culture. Yasmine’s success in her first venture cemented her status as a pioneer in Egypt’s English language lifestyle magazine market. Yasmine then sold her shares in Cleo and went on to launch Enigma magazine: the Arab region’s glossy lifestyle magazine for sophisticated Arab men and women with an international outlook. Enigma quickly became the region’s leading English lifestyle magazine and expanded its distribution throughout the Middle East. eniGma was also the first magazine in the Middle East to be available in print and online, with a dynamic online platform that includes video clips of Enigma cover shoots, interviews, and photos from social events, as well as a comprehensive archive of past magazine features. With a market presence spanning 22 years, eniGma has become a leading pan-Arab lifestyle English language magazine, featuring the region’s most dynamic celebrities, entrepreneurs, fashion and interior designers, and trendy destinations. The magazine is distributed in Egypt, Kuwait, Abu Dhabi, Dubai, Bahrain, Qatar, Jordan, Oman, and London. Yasmine also launched Enigma’s PR and events division to bring the glamorous world of eniGma magazine to life in cities across the globe - and to date it is the only Arab media company to do so. The eniGma PR division has hosted exclusive events in Cairo, London, Dubai, New York and Los Angeles. The events included a 2000 person celebration at the foot of the Pyramids of Giza on the occasion of the 5th anniversary of Enigma magazine with a performance by Bryan Adams, followed by an even larger celebration of the magazine’s 10th anniversary, also at the Pyramids, with a performance by Kylie Minogue. Along with many other smaller events - with high profile guests such as Sir Richard Branson and former US president Jimmy Carter - in the international cities mentioned above. Enigma also organized the Cairo International Film Festival’s closing party sponsored by Bulgari and many other events in Cairo and beyond. Yasmine also set up another division, eniGma TV, which films exclusive celebrity and entrepreneur interviews, cover shoots, PR events, and the latest fashion trends, for eniGma readers online. Enigma TV videos can be viewed on Enigma’s website, social media platforms and its dedicated YouTube channel. Today Enigma Star is a digital platform with strong social media presence. In 2013, she launched an Arabic language sister magazine, eniGma Star, a pan-Arab magazine, dedicated to celebrity and fashion news and features. The magazine was created to target the pan Arab audience around the Middle East, with exclusive and stylish content. Today Enigma Star is a digital platform with strong social media presence. Enigma also hosts an annual Celebration of Arab Glamour & Success in both Beverly Hills, California, London and Dubai to highlight the best of the Middle East and to bring an exclusive selection of VIPs from the Middle East and around the world together. The events are always star studded and also feature the presentation of Enigma Achievement Awards, to honour leading Arab personalities and entrepreneurs who have had an international impact throughout their careers. Past awardees have included Naguib Sawiris, Mohamed Alabbar, Mohamed Hadid and many more. These successful events have helped promote a greater appreciation of Arab success and culture around the world and help bring the East and West closer together. After 25 years in the industry, despite the political challenges in the region, the Enigma brand has continued to grow and succeed due to Yasmine’s dedicated efforts and genuine love for her work. Her extensive experience has provided her with an invaluable understanding of exclusive content and media production, public relations, business development and an amazing database. Yasmine is one of the few Arab women in the Middle East who has created her own international business, a strong brand name and has become a pioneer in the Middle East’s lifestyle and entertainment media and PR industry.","https://technesummit.com/storage/events/2/speakers/01M2Y8MY53M4JTGRFEQ3F811C7_1789869586_thumbnail.webp","https://technesummit.com/storage/events/2/speakers/01M2Y8MZDE0QG79JV1Y576CK1P_1789869587_company_logo.png","","https://technesummit.com/2026/speakers?page=6","https://technesummit.com/2026/speakers?page=6#speakerCardModal01M2Y8MZFJ1X3HYQK64E52T6S8","2026-10-04"
"01M2Y8RX8YA4SW4Q79D14RAZ3A","Amr Bassiony","Creative Director","EZEXPO","Egypt","Amr Bassiony is a Creative Director with over 20 years of experience turning challenges into ideas, concepts, and experiences. His career spans advertising, branding, events, and experiential design across Egypt and the Middle East, where he has led creative teams and developed work across a wide range of industries. Throughout his career, Amr has been particularly interested in the thinking behind the idea — how we move beyond the obvious, look at problems from different angles, and make unexpected connections that lead to stronger ideas. He believes creativity is not about waiting for inspiration or having a special talent. It is a way of thinking that can be practiced, developed, and deliberately applied. At the heart of his approach is a simple belief: good ideas don't just happen — they are made.","https://technesummit.com/storage/events/2/speakers/01M2Y8RVZ43WEP1CRNEB8ZD9JJ_1789869715_thumbnail.webp","https://technesummit.com/storage/events/2/speakers/01M2Y8RX8W7V7EB9DTRCV0R107_1789869716_company_logo.png","","https://technesummit.com/2026/speakers?page=6","https://technesummit.com/2026/speakers?page=6#speakerCardModal01M2Y8RX8YA4SW4Q79D14RAZ3A","2026-10-04"
"01M2Y91C3Y88ZN0QZTF56VRGRP","Ahmad Aboelyazeed","Head of Investment Products","CIB Egypt","Egypt","Ahmed is a banking professional with 11+ years of experience across investment products, fintech, innovation and portfolio management. He currently serves as Head of Investment Products at CIB Egypt, where he leads the development and growth of investment solutions and oversees 6 investment funds with a total portfolio exceeding EGP 20 billion. Throughout his career, Ahmed has worked across traditional banking and emerging financial technologies, with a strong focus on developing customer-centric investment solutions, digitalizing investment journeys, and building strategic partnerships with fintechs and technology providers.","https://technesummit.com/storage/events/2/speakers/01M2Y91BQRA742YK50WHZSCGQ3_1789869993_thumbnail.webp","https://technesummit.com/storage/events/2/speakers/01M2Y91C3VGBAJEWP55PY6CH1T_1789869994_company_logo.png","","https://technesummit.com/2026/speakers?page=6","https://technesummit.com/2026/speakers?page=6#speakerCardModal01M2Y91C3Y88ZN0QZTF56VRGRP","2026-10-04"
"01M2Y9GTDZR2YV1CX0JVQGF5GY","Mohamed Elnagar","Content creator","Riot games","Egypt","Egyptian content creator and streamer specializing in gaming, entertainment, and lifestyle content. I create engaging digital experiences and connect brands with gaming communities.","https://technesummit.com/storage/events/2/speakers/01M2Y9GQHQQ45R8R13AXE0NBSW_1789870497_thumbnail.webp","https://technesummit.com/storage/events/2/speakers/01M2Y9GT99RB8Q9NNZN7HNZ5AP_1789870500_company_logo.png","","https://technesummit.com/2026/speakers?page=6","https://technesummit.com/2026/speakers?page=6#speakerCardModal01M2Y9GTDZR2YV1CX0JVQGF5GY","2026-10-04"
"01K94T3H82HAD0NEH3ZQB7HE2C","Nada Helmy","Value Creation Manager","HALA Capital","Egypt","Nada Helmy is a Value Creation Manager at HALA Capital, where she works closely with portfolio companies to unlock growth through strategic partnerships, business development, and access to new opportunities across the MENA ecosystem. She has spent the past decade working across the venture capital and startup ecosystem. Before moving into VC, Nada was a startup founder herself, giving her firsthand experience of building and scaling a business. Nada is also a business content creator and host of The Real Preneur. With 50+ podcast episodes and 120K+ followers across social media, she shares insights on entrepreneurship, startups, and business.","https://technesummit.com/storage/events/2/speakers/01M2YXQ8K8EW1YQYQJ9W9B5YJT_1789891682_thumbnail.webp","https://technesummit.com/storage/events/2/speakers/01M2YXQ923K88JAPW0KH6PPM9H_1789891683_company_logo.png","","https://technesummit.com/2026/speakers?page=6","https://technesummit.com/2026/speakers?page=6#speakerCardModal01K94T3H82HAD0NEH3ZQB7HE2C","2026-10-04"
"01M2YZJN3D8F26BTX1M3ZG482K","Nour Youssef","Engineer","Dai training platform","Egypt","Interior Designer | Board Member at Ministry of Youth & Sports' ""Be Shababha"" Federation | Founder of Dai Online Training Platform | Member of Business Women of Egypt (BWE21) | Host of Oswa Podcast / country Advisory Council at youth engagment Wing at g100","https://technesummit.com/storage/events/2/speakers/01M2YZJMMGKMJ5SH2DYNXQV4Z5_1789893628_thumbnail.webp","https://technesummit.com/storage/events/2/speakers/01M2YZJN3AG16PFX2NBCZBQF3K_1789893629_company_logo.jpg","","https://technesummit.com/2026/speakers?page=6","https://technesummit.com/2026/speakers?page=6#speakerCardModal01M2YZJN3D8F26BTX1M3ZG482K","2026-10-04"
"01M2YZQRCGQJW648WD5T8G6YRE","Mohamed Seif","Development Director","Instinct Games","Egypt","Mohamed Seif is a Partner and Development Director at Instinct Games, with over 20 years of experience in game development. He has led and contributed to large-scale game projects across production, technical leadership, studio management, and team development. He is also passionate about supporting game development talent and helping grow the industry in Egypt and the MENA region.","https://technesummit.com/storage/events/2/speakers/01M2YZQQWCNRQ1KXJ3B03YK86Y_1789893795_thumbnail.webp","https://technesummit.com/storage/events/2/speakers/01M2YZQRCDVN02CN3ZEDV9FEXS_1789893796_company_logo.png","","https://technesummit.com/2026/speakers?page=6","https://technesummit.com/2026/speakers?page=6#speakerCardModal01M2YZQRCGQJW648WD5T8G6YRE","2026-10-04"
"01M34772T6N54YJHX87REZ3K23","Heba ElAzayzy","Regional Sales Manager, SMEs","Fawry","Egypt","Regional Sales Manager at Fawry, where I lead the acceptance product for my business unit in addition to overseeing sales, partnerships, and operational teams. I manage a diverse portfolio including payroll, payouts, SaaS solutions, acceptance, and cash management, with a strong focus on enabling seamless B2B fintech solutions and building strategic collaborations that drive growth, with a proven track record of contributing to high-performing teams and achieving business objectives in complex, fast-paced environments. Committed to delivering innovative solutions that align with organizational goals and enhance customer experiences.","https://technesummit.com/storage/events/2/speakers/01M347728YAT3VDE09PYZR29Z8_1790069410_thumbnail.webp","https://technesummit.com/storage/events/2/speakers/01M34772SBJDVDGZ0VTPGXK80B_1790069410_company_logo.png","","https://technesummit.com/2026/speakers?page=6","https://technesummit.com/2026/speakers?page=6#speakerCardModal01M34772T6N54YJHX87REZ3K23","2026-10-04"
"01M2Z018CYYEKHKVNJRTMFPKQF","Aleksandra Hesselroth","Shareholder","Venionaire Capital AG","United Arab Emirates","Investing globally through venture funds while still selectively backing founders directly in markets where I have strong market exposure (DACH, CEE, MENA). Former entrepreneur, startup founder and venture operator with hands-on experience across investor relations, M&A, fund management, growth- and late-stage fundraising, and strategic business development. Focused on industrial deep tech, semiconductors, photonics, robotics, energy transformation, advanced manufacturing, climate technologies and, occasionally, enterprise software.","https://technesummit.com/storage/events/2/speakers/01M2Z017WZ4J8GJ1YDHEV9TQT0_1789894107_thumbnail.webp","https://technesummit.com/storage/events/2/speakers/01M2Z018CN9J2PAGPV7V3HPFRA_1789894107_company_logo.png","","https://technesummit.com/2026/speakers?page=6","https://technesummit.com/2026/speakers?page=6#speakerCardModal01M2Z018CYYEKHKVNJRTMFPKQF","2026-10-04"
"01M2Z04NX4TXZEHA6NZD3RRH0M","Ayman Essawy","Co-Founder & CEO","Lucky App","Egypt","The Co-founder & CEO of Lucky, Egypt’s leading consumer fintech platform. In 2022, Lucky was recognized by forbes as one of the top 10 most funded fintechs in the middle east. Ayman also founded Connect Money, the rising banking one-stop-shop providing embedded finance as a service. As a serial entrepreneur in MEA region for over a decade & before embarking on the journey to build Connect & Lucky, co-founded Dsquares, currently the leading loyalty solutions provider in the region operating in 7 markets. In addition, Ayman's corporate career includes leadership roles at Vodafone & Temasek, angel invests & sits on the board of a few tech startups in Egypt. Endeavor Egypt entrepreneur & board member. Columbia business school alumni & studied electronics engineering.","https://technesummit.com/storage/events/2/speakers/01M2Z04N8Y1ZWV6F201XH7ZB18_1789894219_thumbnail.webp","https://technesummit.com/storage/events/2/speakers/01M2Z04NX089A841MPWYDJX4WQ_1789894219_company_logo.png","","https://technesummit.com/2026/speakers?page=6","https://technesummit.com/2026/speakers?page=6#speakerCardModal01M2Z04NX4TXZEHA6NZD3RRH0M","2026-10-04"
"01M2Z0N6A960HCFJ36K08JW34T","Mohamed Kamel","Chief Executive Officer","Lumin Soft","Egypt","Most software leaders talk about digital transformation. I've spent 20 years actually building it at a national scale, in sectors where failure is not an option. I'm the CEO of Lumin Soft, where we architect and deliver mission-critical digital platforms for government institutions and financial organizations across the region. My path here wasn't a straight line; it was 20 years of engineering, leading, failing fast, and building things that had to work. I started as a Software Engineer straight out of Ain Shams University with a degree in Computer & Systems Engineering. I wrote code, managed teams, and eventually led as CTO before stepping into the CEO role. That full-stack career, technical to executive, is exactly why I lead differently. Most CEOs in tech either grew up in business and learned to talk about engineering, or grew up in engineering and never really learned to lead. I did both, and that's what makes Lumin Soft different. We don't just deliver software. We architect platforms that become the digital backbone of the organizations we serve. At Lumin Soft, we operate in high-stakes environments where the margin for error is razor-thin. Our clients don't just need software; they need a partner who understands the weight of what they're building and delivers without excuses. That's the standard I set for myself and for every engineer on my team.","https://technesummit.com/storage/events/2/speakers/01M2Z0N48J1DSVJ9DPFGC8Y83A_1789894758_thumbnail.webp","https://technesummit.com/storage/events/2/speakers/01M2Z0N6A4S1DD35VB0A86WKQT_1789894760_company_logo.png","","https://technesummit.com/2026/speakers?page=6","https://technesummit.com/2026/speakers?page=6#speakerCardModal01M2Z0N6A960HCFJ36K08JW34T","2026-10-04"
"01M2Z0SDPTF4N8P70KH9XMAC6H","Farida Ashraf","General Manager","Investors of the Mediterranean","Egypt","","https://technesummit.com/storage/events/2/speakers/01M2Z0SD83QW7JJWD9G4XTXJRY_1789894898_thumbnail.webp","https://technesummit.com/storage/events/2/speakers/01M2Z0SDP1V6TDBS7X1K9WCMH4_1789894899_company_logo.png","","https://technesummit.com/2026/speakers?page=6","https://technesummit.com/2026/speakers?page=6#speakerCardModal01M2Z0SDPTF4N8P70KH9XMAC6H","2026-10-04"
"01M2Z0X9C3T54AMXBWNB340QMK","Mayada Maged","Managing Partner | Global HR Outsourcing & Workforce Transformation Leader","Staff Arabia","Egypt","Mayada Maged is a globally recognized HR outsourcing and workforce transformation leader with over 20 years of experience in strategic growth, operational excellence, and cross-border workforce solutions. As Managing Partner of Staff Arabia, she leads integrated HR outsourcing services, including EOR, payroll, compliance, and talent management across 18+ countries. She holds an MBA in Global Management and advanced HR and management qualifications from ESLSCA Paris and AUC, and is currently pursuing a DBA in Management. Mayada has received international recognition from platforms including the Forttuna Global Excellence Awards, Stevie Awards, Global Payroll Association, CIPD PMA UK, UKCXA, and Saudi Event Awards. She also serves as Chair of Judges for the Stevie Awards in MENA and as an international jury member across leading global award platforms.","https://technesummit.com/storage/events/2/speakers/01M2Z0X8Z2PHK8QKJ6A64YQD5A_1789895025_thumbnail.webp","https://technesummit.com/storage/events/2/speakers/01M2Z0X9C00KDX34ME26MBTSW9_1789895026_company_logo.png","","https://technesummit.com/2026/speakers?page=6","https://technesummit.com/2026/speakers?page=6#speakerCardModal01M2Z0X9C3T54AMXBWNB340QMK","2026-10-04"
"01M2Z17PA9SNBS7JP23RG24WKJ","El-Moataz Bellah Osama","Strategic Cybersecurity Advisor","Confidential","","El-Moataz Bellah Osama is a global multi-disciplinary leader and IFC-certified board director with over a decade of cybersecurity experience spanning consulting, corporate environments, and advisory boards. He brings a proven track record of driving high-stakes engagements for BFSI institutions, directing the full spectrum of cybersecurity in the FinTech sector, governing group cybersecurity architecture for Valeo, and advising PE/VC portfolio companies on leveraging cybersecurity as a competitive advantage and value creator. Strategically positioned at the intersection of cybersecurity, business strategy, and investment operations, his expertise lies in translating complex technical risks into business-driven decisions that serve as a growth enabler, EBITDA protector, and risk management anchor. This authoritative industry voice is backed by an elite portfolio of advanced credentials, including ISSAP, CSSLP, CISSP, CISM, and CMU CERT-certified.","https://technesummit.com/storage/events/2/speakers/01M2Z17NYGQVZS5WG45RKMR3HH_1789895366_thumbnail.webp","","","https://technesummit.com/2026/speakers?page=6","https://technesummit.com/2026/speakers?page=6#speakerCardModal01M2Z17PA9SNBS7JP23RG24WKJ","2026-10-04"
"01K94T3KHY0E03AQ9FWF06ZSV6","Omar Elaraby","Corporate Strategy and Business Development","ELARABY Group","Egypt","Omar holds a Bachelor of Commerce (Business Management, Class of 2017) from the Ted Rogers School of Management at Toronto Metropolitan University formerly known as Ryerson University. Throughout his studies at TMU he majored in Entrepreneurship and Innovative Strategy and minored in Marketing Management. He also obtained his MMIE (Master in Management, Innovation, and Entrepreneurship, Class of 2021) from the Smith School of Business and Faculty of Science at Queen’s University. Omar is passionate about using the power of entrepreneurship and business to impact and change people's lives. During his undergraduate career, he was able to start his own social entrepreneurship business. This water filtration and sanitation business implemented in Upper Egypt was able to filter more than 150,000 litres of water to 50 different families in its first four months. After graduation, he worked with the DMZ at Ryerson University for 6 years. After the DMZ, Omar joined Highline Beta which is a consultancy group aimed to provide corporate innovation consultancy to Fortune 500 companies. In early 2023, Omar decided to move back to Egypt and join the family business ELARABY GROUP. He currently leads their Corporate Strategy and Business Development departments. In addition to supporting their International Business department by managing the South/Latin American region. Omar was able to develop a corporate innovation program at ELARABY GROUP with the establishment of ELARABY Ventures (elarabyvc.com).","https://technesummit.com/storage/events/2/speakers/1762171932_01K94T3KHZCN3CYW2SRSKJMD2A_thumbnail.webp","https://technesummit.com/storage/events/1/speakers/01K33ADR8DVJND5SFSMMJC4908_1755679482_company_logo.png","","https://technesummit.com/2026/speakers?page=6","https://technesummit.com/2026/speakers?page=6#speakerCardModal01K94T3KHY0E03AQ9FWF06ZSV6","2026-10-04"
"01M2Z1M890MP4R8AKTQ3KAJ9Z4","Mohamed Tobar","Co-Founder & COO","Makkook AI","Egypt","Mohamed Tobar is Co-founder and COO of Makkook AI, where he leads product and delivery for enterprise AI and Decision Intelligence solutions. He is also the creator of BD-OS, a framework for structuring Business Development as an operating system, and writes about growth systems, decision architecture, and enterprise execution.","https://technesummit.com/storage/events/2/speakers/01M2Z1M7V45V2CTB6FK2Y9WTRP_1789895778_thumbnail.webp","https://technesummit.com/storage/events/2/speakers/01M2Z1M88XBBQ7GBGBDC03QPEJ_1789895778_company_logo.png","","https://technesummit.com/2026/speakers?page=6","https://technesummit.com/2026/speakers?page=6#speakerCardModal01M2Z1M890MP4R8AKTQ3KAJ9Z4","2026-10-04"
"01M2Z1Y28K9VB9F0AMA4MKK3P2","Abdullah Elshabrawy","Founder","FitNot games","Egypt","Abdallah Elshabrawy is the Founder of FitNot Games, a mobile game studio crafting culturally resonant games for the 400M+ Arabic-speaking market. He has 15+ years of experience in game development across PC, web, mobile, and VR. FitNot Games has shipped 10+ games, reached 2.1M+ downloads with no paid user acquisition spend, secured a partnership with MBC Group, and have been featured by the Apple App Store twice. He is also a board member with AGE (Assembly Game Egypt), a non profit industry association for game development built to organize, connect, and grow the Egyptian game dev ecosystem.","https://technesummit.com/storage/events/2/speakers/01M2Z1Y1C1AQJDAYSZX8YT3784_1789896099_thumbnail.webp","https://technesummit.com/storage/events/2/speakers/01M2Z1Y28HB0V4J56JFDG8YRMT_1789896100_company_logo.png","","https://technesummit.com/2026/speakers?page=6","https://technesummit.com/2026/speakers?page=6#speakerCardModal01M2Z1Y28K9VB9F0AMA4MKK3P2","2026-10-04"
"01M2Z26D9Z4BY59SKKQJYJ8JTA","Makram Abdelaziz","GEO HR People Operations Manager","Microsoft","Egypt","Makram Abdel Aziz is a seasoned HR and Operations leader with deep expertise spanning the full people agenda, including organizational development, talent acquisition and management, change management, succession planning, performance management, reward systems, employee relations, and policy design. He holds an MBA in Human Resources from ESLSCA Business School, Paris. At Microsoft, Makram leads People Operations for France, Germany, the Middle East & Africa, and Southeast Europe, where his impact extends well beyond HR processes to act as a catalyst for business transformation and growth. His track record includes building an HR team from the ground up across all Centers of Excellence to support Microsoft's Technical Sales organization for the Cloud business in MEA, a foundation that contributed to a fourfold increase in revenue over three years. He has also formulated and launched a Learning & Development strategy for the MEA SMB organization, led a change-management program that steered the transition of the business model and HR strategy, and coordinated global and regional learning events, HR summits, and business offsites aligned to company strategy. Alongside his corporate role, Makram is an instructor and HR/Business Management consultant known for transformative, high-impact training. Over the past decade he has delivered around 8,000 hours of programs in Organizational Development, Performance Management, Policy Design, Leadership, Coaching, and Business Process Outsourcing, helping shape industry-ready talent and fostering people-centric cultures across the region. Makram is passionate about building positive corporate cultures, leading organizations through change, and turning people strategy into measurable business results.","https://technesummit.com/storage/events/2/speakers/01M2Z26CY06CWEVC8Z6Z95DFGR_1789896373_thumbnail.webp","https://technesummit.com/storage/events/2/speakers/01M2Z26D9W7N4EY3FM0QVS3FF4_1789896373_company_logo.avif","","https://technesummit.com/2026/speakers?page=6","https://technesummit.com/2026/speakers?page=6#speakerCardModal01M2Z26D9Z4BY59SKKQJYJ8JTA","2026-10-04"
"01M2Z2E21MHJCFF6R9XWH5XJ3M","Alejandro Soumah","Founder","Itô Markets","United States","Alejandro Soumah is the founder of Itô Markets, an Alliance-backed company building market infrastructure for GPU compute. He previously worked in quantitative research and credit trading at Goldman Sachs and founded RISO Data, which he grew to approximately $500K in annual recurring revenue. Alejandro studied Mathematics and Computer Science at the University of California, San Diego, and delivered a TEDxSanDiego talk on the use of AI in cocoa supply chains. His work spans artificial intelligence infrastructure, financial technology, quantitative markets, enterprise software, and technology entrepreneurship. He has also served as a judge for the Agora Agents Hackathon, evaluating AI-agent projects across technical execution, innovation, traction, and commercial potential.","https://technesummit.com/storage/events/2/speakers/01M2Z2E1KP43N0S4C89P3HR0DG_1789896623_thumbnail.webp","https://technesummit.com/storage/events/2/speakers/01M2Z2E21HZA9BMNZP98291X7F_1789896624_company_logo.png","","https://technesummit.com/2026/speakers?page=6","https://technesummit.com/2026/speakers?page=6#speakerCardModal01M2Z2E21MHJCFF6R9XWH5XJ3M","2026-10-04"
"01K94T3N1WMEPSQ04B5S1K4TK5","Ahmed Shaboury","CEO","Torasna","Egypt","Ahmed Shaboury is the Founder and CEO of Torasna, a heritage development company turning Egypt’s cultural assets into sustainable economic and cultural engines through public-private partnerships. He developed the business model for the Grand Egyptian Museum, the world’s largest museum dedicated to a single civilization, and co-authored the Strategic Management Plan for the Pyramids of Giza, aligning with UNESCO benchmarks and advancing sustainable tourism. As Co-Founder of Shaboury Associates, he has led 70+ visitor center and museum projects across the ancient world, including the Neom Experience Centre in Saudi Arabia and the Mleiha Archaeological Centre in the UAE. As Managing Partner at Citadel for Asset Management, he transformed Cairo’s Salah al-Din Citadel into a vibrant cultural destination through heritage-led regeneration, destination marketing, and cultural programming. Ahmed is a board member of Egypt’s General Authority for Tourism Promotion and serves on the Ministry of Tourism & Antiquities’ Experts Committee. He is a frequent speaker at international forums on heritage development, cultural tourism, and site management. Ahmed holds an M.Sc. in International Tourism Development from the University of Surrey, UK (2016), a B.Sc. in Communication Engineering (1997), and an Executive Education Diploma in Finance from London Business School. His research focuses on the sustainable development of cultural heritage destinations.","https://technesummit.com/storage/events/2/speakers/1762171933_01K94T3N1XJH3HXMFD47S4MFJS_thumbnail.webp","https://technesummit.com/storage/events/2/speakers/01M2ZDZTKKF6MBA3DDTGHD4DZ6_1789908740_company_logo.png","","https://technesummit.com/2026/speakers?page=6","https://technesummit.com/2026/speakers?page=6#speakerCardModal01K94T3N1WMEPSQ04B5S1K4TK5","2026-10-04"
"01M2Z2HT84ZWQG9NDKF06Z6NH9","Mohamed Hafez","Managing Director","Limbic Entertainment Games","Egypt","Mohamed Hafez, Managing Director at Limbic Entertainment Games. Originally a programmer, with currently 15 years of experience in the video games industry. Technical roles gave me deep understanding of game development, some highlights are, Technical Director at Limbic Entertainment, Lead Programmer on Tropico 6 and Park Beyond, Engine Programmer on Memories of Mars, Game Programmer on ARK Survival Evolved, and Graphics Programmer on Final Fantasy XV. In 2022, Limbic established its branch in Cairo as extension to mother company in Germany, since then, I am proud to grow our team here in Egypt and support the game development community.","https://technesummit.com/storage/events/2/speakers/01M2Z2HSSTJX48FCPK8NC3E80J_1789896746_thumbnail.webp","https://technesummit.com/storage/events/2/speakers/01M2Z2HT82JYGERH2WYNFWPTCB_1789896747_company_logo.png","","https://technesummit.com/2026/speakers?page=6","https://technesummit.com/2026/speakers?page=6#speakerCardModal01M2Z2HT84ZWQG9NDKF06Z6NH9","2026-10-04"
"01M324HK2X08JCAJWTCGQJEWKB","Hadeer Abdel Hameed","Senior growth manager","Carry1st","Egypt","","https://technesummit.com/storage/events/2/speakers/01M324HJNPXGM40MZAH6724PRR_1789999499_thumbnail.webp","https://technesummit.com/storage/events/2/speakers/01M324HK2TB16G92R6H71224A5_1789999500_company_logo.webp","","https://technesummit.com/2026/speakers?page=6","https://technesummit.com/2026/speakers?page=6#speakerCardModal01M324HK2X08JCAJWTCGQJEWKB","2026-10-04"
"01M2Z2MPACDM6Q57WNEGKZ67BP","Osama M. Hijji","Group Chief Information Security Officer","EFG Holding","Egypt","Osama M. Hijji is a Group CISO with 25 years of experience in Information/Cyber Security Management in various disciplines including brokerage, banking, insurance, trading, private equity, microfinance, payment, telecom, government, health, IT & military with oversight & insight in security technology, cyber defense, offensive security, governance, risk, compliance, IT security, OT/IoT security (ATMs, Phone Banking, Mobile Wallet, Mobile & Internet Banking, SCADA, Industrial Control Systems, etc..), cyber security (SOC, IRST, CERT, red teams, war-gaming, pen-testing, etc...), physical security & security intelligence (digital risk protection, brand protection, threat intelligence, attack surface management, etc..) in local, multi-national, private & public sectors firms/institutions. More and above Osama has a significant experience in IT Enterprise & Service Management. Osama holds a bachelor degree in computer engineering from Arab Academy of Sciences & Technology (AAST). He is CISM, PMP, ITIL & CSI certified in addition to having over 40 Technical, business training, and hands-on implementation and auditing experience in ISO9000, ISO20000, ISO27001, ISO22301, SAS-70, PCI-DSS, Process Management (Documentation & Auditing). Osama speaks fluently Arabic, English, French and can understand & manage with Italian. Osama has as well broad experience with multiple security technologies & products within it including next generation & legacy firewalls, IPS, Email Security Gateways, Web Security Gateways, Data Classification Enforcement, Data Leakage Prevention, Database Activity Monitoring, Encryption, Privileged Account Management, Identity & Access Management, EPP, UEBA, SIEM, SOAR, ITDR, EDR, NDR, VMDR, WAF, RASP, SAST, DAST, etc..","https://technesummit.com/storage/events/2/speakers/01M2Z2MNG5YQWPSRDSGY41BRZY_1789896840_thumbnail.webp","https://technesummit.com/storage/events/2/speakers/01M2Z2MPAAS9R6VHWWXP41XAHQ_1789896841_company_logo.jpeg","","https://technesummit.com/2026/speakers?page=6","https://technesummit.com/2026/speakers?page=6#speakerCardModal01M2Z2MPACDM6Q57WNEGKZ67BP","2026-10-04"
"01M2Z2TS410PPWMTH9EAMD7ZQQ","Khaled Mahfouz","International Presenter & Media Entrepreneur","BOUJ Network","Egypt","With 80+ major live stages and 100+ episodes and interviews featuring regional and international celebrities, public figures, and leading personalities, Khaled has presented across prestigious platforms including the Grand Egyptian Museum, Cairo Opera House, the Pyramids of Egypt, and major international film festivals. He is the Co-Founder & Chief Commercial Officer of BOUJ Network, a marketing and brand experience company, while also being the Creator & Host of Tesmahly Show — a distinctive conversation format that has been brought to the Red Sea International Film Festival, El Gouna Film Festival, and Cairo International Film Festival. Khaled’s presenting portfolio extends across a wide range of sectors, including technology, business, entrepreneurship, sports, entertainment, lifestyle, culture, and corporate communications. Through his work, he has presented and moderated conversations with ministers, ambassadors, CEOs, investors, entrepreneurs, industry leaders, celebrities, and leading public figures, bringing together different worlds through the power of presenting, storytelling, and meaningful conversation.","https://technesummit.com/storage/events/2/speakers/01M2Z2TRQJH4JJ4T1PZ3WS09RZ_1789897040_thumbnail.webp","https://technesummit.com/storage/events/2/speakers/01M2Z2TS3YETM1G6TADFZH5JHW_1789897041_company_logo.png","","https://technesummit.com/2026/speakers?page=6","https://technesummit.com/2026/speakers?page=6#speakerCardModal01M2Z2TS410PPWMTH9EAMD7ZQQ","2026-10-04"
"01M39BDC3VBPYRKWKW3VHSBBK7","Sherif Gamal","Plastic Surgeon & Social media Influencer","","Egypt","Dr. Sherif Gamal is a Plastic Surgeon and Social Media Influencer who has built a strong presence across digital platforms by combining his medical expertise with engaging and accessible content. Through his social media channels, he shares medical tips, health-related information, and lifestyle content, reaching millions of followers across TikTok, YouTube, Facebook, and Instagram. With his ability to communicate medical topics in a simple and relatable way, Dr. Sherif has established himself as a prominent voice in the digital healthcare space, bridging the gap between medical knowledge and social media audiences.","https://technesummit.com/storage/events/2/speakers/01M39BDAZPZT4BJG5WFP49GS7V_1790241582_thumbnail.webp","","","https://technesummit.com/2026/speakers?page=6","https://technesummit.com/2026/speakers?page=6#speakerCardModal01M39BDC3VBPYRKWKW3VHSBBK7","2026-10-04"
"01M39BJ5J4933TWXF7TV5HNTX9","Zeyad Elhadary","Founder","naydin and the better concept","Egypt","Ziad Elhadary is an Egyptian entrepreneur, dentist, and digital content creator. Founder of naydin and the better concept","https://technesummit.com/storage/events/2/speakers/01M39BJ43SCT7V2QQ7B4CNR1GE_1790241738_thumbnail.webp","https://technesummit.com/storage/events/2/speakers/01M39BJ5DFXHSTPNA63TZ2Y4VB_1790241740_company_logo.jpeg","","https://technesummit.com/2026/speakers?page=6","https://technesummit.com/2026/speakers?page=6#speakerCardModal01M39BJ5J4933TWXF7TV5HNTX9","2026-10-04"
"01M39WNRCMNHVT8BNGPAYHJR8G","Salah Katamish",".SVP - Strategy and Investment","Madint Masr","Egypt","Graduated from AUC. Did my MBA in London Business School. Worked in Private Equity for 15 years before joining Madinet Masr","https://technesummit.com/storage/events/2/speakers/01M39WNQXDJ8QABFX4Y07828HN_1790259683_thumbnail.webp","https://technesummit.com/storage/events/2/speakers/01M39WNRCJMZ18725PEXPKQY6V_1790259683_company_logo.jpeg","","https://technesummit.com/2026/speakers?page=6","https://technesummit.com/2026/speakers?page=6#speakerCardModal01M39WNRCMNHVT8BNGPAYHJR8G","2026-10-04"
"01M3A9TC48R7VKM3Q7KMX50R7Q","Hoda Dahroug","Advisor to the Minister","Ministry of Communications and Information Technology","Egypt","Eng. Hoda Dahroug • Advisor to the Minister for Digital Community Development at the Ministry of Communications and Information Technology (MCIT). • National Project Director of The Digital Transformation for Sustainable Development in Egypt at MCIT in cooperation with UNDP As a pioneer in Egypt's digital transformation, Hoda Dahroug has devoted her career to connecting technology with development, empowering communities, and driving social impact. With over 35 years of experience, she has been instrumental in shaping national policies that align with Egypt's Sustainable Development Goals (SDGs), leveraging technology as a catalyst for progress. In her role as Advisor to the Minister for Digital Community Development and National Project Director of the Digital Transformation for Sustainable Development program, a collaboration between MCIT and the UNDP, she has led initiatives that have transformed the lives of thousands of women, youth, and individuals with disabilities. Projects such as Qodwa.tech and the Presidential Telemedicine Initiative, both under her leadership, have demonstrated the transformative power of digital tools in underserved communities, providing critical ICT and business skills that have opened doors to new economic and social opportunities. Her efforts extend beyond national borders, where her ability to foster cooperation between Egypt and global organizations, including the UNDP, WHO, and ILO, showcases her expertise in global partnerships. These collaborations have not only addressed global challenges but have also inspired many within the international tech community to pursue technology-driven solutions for social good. Eng. Dahroug's contributions to the fields of technology and sustainable development have earned her numerous prestigious personal and institutional recognitions. In 2026, she was honored with Personal Photo* Click or drag to uploadAccepted: image/*, application/pdfMax size: 20.0 MB Company Logo* Click or drag to uploadAccepted: image/*, application/pdfMax size: 20.0 MB Company Website* Availability From* Availability To* Select both start and end availability dates to calculate duration. Are you interested in allocating some time for mentoring?* YesNo Would you be interested in delivering a workshop at Techne Summit 2026?* YesNo Social Media Links Please provide us with your social media links LinkedIn Profile* Facebook Profile Instagram Profile Twitter Profile Notes Submitمصر للأفضل)قمة مصر للأفضلقمة مصر للأف( the Top 50 Most Influential Women Award at Egypt's Top Award Ceremony organized by the Top 50 Women Forum and Amwal Al Ghad for her key role in public policy and economic transformation. Internationally, she was selected among the top 4 leaders across the Middle East and North Africa for the Women in Tech MENA Award (2024) under the Tech Diplomacy category, and received the African ICT Community Development Award (AFICTA, 2024) in recognition of her track record of impactful community initiatives. Furthermore, her projects have received more than 32 global awards, including the Arab Council for Youth Award, the World Summit on the Information Society (WSIS) Prize, and the Prince Talal Award for Human Development, highlighting her innovative leadership and executive management in sustainable development. As a member of the Specialized Advisory Presidential Council for Community Development, Eng. Dahroug provides strategic guidance on policies promoting inclusive digital transformation and technological innovation. Her deep involvement in initiatives like the Saving Street Children Initiative and Taheel, a program advocating for the inclusion of people with disabilities in the workforce, showcases her passion for creating inclusive solutions that leave no one behind. Beyond her professional accomplishments, Dahroug is a passionate advocate for women's empowerment and personal development. She has inspired countless individuals, particularly 1 young people and women from marginalized communities, to embrace technology and pursue careers that make a difference. As a wellness coach, she has further extended her influence, helping women lead balanced and fulfilling lives, while her commitment to inclusivity and diversity has left a lasting mark on Egypt's development landscape. Her academic qualifications Paris Sorbonne University, and a Bachelor's in Electronics and Communication from Cairo University. These credentials, along with her strong communication skills developed through public speaking and international conferences, have allowed her to effectively engage with diverse stakeholders from government, private sector, and international organizations. Eng. Dahroug's ability to unite stakeholders and her dedication to using technology for social good position her as a key figure in digital diplomacy. Her innovative work continues to inspire others, encouraging future generations to harness technology to create a more inclusive and sustainable future.","https://technesummit.com/storage/events/2/speakers/01M3A9TBPWC7P2X58FKZJDJWA0_1790273466_thumbnail.webp","https://technesummit.com/storage/events/2/speakers/01M3A9TC45ZP3NW1PH68ABFQ53_1790273466_company_logo.jpeg","","https://technesummit.com/2026/speakers?page=6","https://technesummit.com/2026/speakers?page=6#speakerCardModal01M3A9TC48R7VKM3Q7KMX50R7Q","2026-10-04"
"01M39YZXBXDHMFD2PCDZXP8PD0","Shehab Elorabi","General Manager","Modon Egypt","Egypt","Shehab Elorabi, currently General Manager of Modon International Real Estate, Egypt, comes with a wealth of experience in the real estate development field, with vast exposure to both local and international real estate markets. Shehab has worked in Dubai for both Nakheel and Dubai Properties. He has also served as Managing Director at Hassan Allam Properties from 2022 to 2024, after having served as Sodic’s Chief Operating Officer from 2018 to 2022. His earlier career which started in the USA, focused on construction and project management of mega-scale projects including Power Plants, Hotels, Hospitality projects, as well as Commercial and Residential Real Estate Developments. He has a diverse and unique technical and business management experience that extends over 35 years.","https://technesummit.com/storage/events/2/speakers/01M39YZWXH08VH2G4H1ZNNRA2F_1790262113_thumbnail.webp","https://technesummit.com/storage/events/2/speakers/01M39YZXBV1R5WMF56T7PJ95MP_1790262113_company_logo.jpeg","","https://technesummit.com/2026/speakers?page=6","https://technesummit.com/2026/speakers?page=6#speakerCardModal01M39YZXBXDHMFD2PCDZXP8PD0","2026-10-04"
"01M39ZEPTKA5EV5EDBM7JW14J2","Tamer Sakr","Founder and COO","DiTa for Business Consultancy","Egypt","With more than 22 years of experience in digital transformation and business development, Tamer Sakr is the Founder & COO of DiTa BC, a consultancy and digital transformation firm operating across Egypt and the USA, helping SMEs and startups turn ambition into measurable results. For more than eight years, he worked at the EBRD (European Bank for Reconstruction and Development), where he led and managed non-financial advisory projects for hundreds of enterprises. His earlier career spans business development, international trade promotion, and IT management, including market-entry initiatives for Dubai Exports across Saudi Arabia and Egypt. He holds an MBA with distinction from the Arab Academy. Today, he works side by side with founders and leadership teams to unlock growth, resolve operational bottlenecks, and implement digital solutions that let organizations scale with confidence.","https://technesummit.com/storage/events/2/speakers/01M39ZEP4DM6QEG2A55GJGSWF1_1790262597_thumbnail.webp","https://technesummit.com/storage/events/2/speakers/01M39ZEPTH0ZB802VPT63EJZR2_1790262598_company_logo.png","","https://technesummit.com/2026/speakers?page=6","https://technesummit.com/2026/speakers?page=6#speakerCardModal01M39ZEPTKA5EV5EDBM7JW14J2","2026-10-04"
"01M39ZJRQF96CBVS6WN69NTRS9","Ziad AbdelTawab","Supreme Council of Culture member","","Egypt","Assistant Secretary-General for Information Systems and Digital Transformation at the Cabinet of Ministers, Arab Republic of Egypt (since September 2019). He has been a member of the Supreme Council of Culture since July 2025. He serves as Rapporteur of the Digital Culture and Cultural Information Infrastructure Committee at the Supreme Council of Culture (since March 2020) and has been a member of the same committee since November 2023. He is the First Deputy Chairman of the Egyptian Esports Federation (2022), a member of the Advisory Board for the ""Digital Egypt"" initiative (2022), and a member of the Advisory Body for the Youth Research Program at the National Center for Social and Criminological Research (since 2024). He also wrote a daily column for *Rose al-Yusuf* newspaper from 2018 to 2024. He held several positions at the Cabinet’s Information and Decision Support Center (IDSC), including: Head of the IDSC and Head of the National Committee for Crises and Disasters (2018–2019); Director of the Communications and Networks Department and Deputy Head of the Information Technology and Projects Sector (2011–2018); and Communications and Networks Engineer (1995–2001). Additionally, he was a member of the Supreme Council for Cybersecurity (2014–2020) and a member of the technical team that contributed to localizing the Internet within Egyptian government entities during the 1990s. He authors numerous specialized articles for various magazines—such as *Al-Siyassa Al-Dawliya* (International Politics), *Al-Democratiya* (Democracy), *Al-Hilal*, *Al-Musawwar*, *Al-Ahram Al-Iqtisadi*, and *Lughat Al-Asr*—as well as for websites including *Al-Siyassa Al-Dawliya*, *Al-Ahram Al-Masa'i*, *Kalimatuna*, *Arabian Utopia*, and *Nabta* magazine. He possesses over 30 years of experience in consulting, designing, and managing information systems, telecommunications networks, digital transformation solutions, information security, and artificial intelligence. His expertise extends to designing and managing systems for crisis and disaster management and government complaint handling, as well as developing information centers and conducting studies on decision support and development. He has served on examination committees for numerous Master’s and PhD theses in fields such as information technology, economics, political science, media studies, and specialized education. He has participated in various judging panels for information and communication technology (ICT) projects and cultural competitions. He has published eight books on digital transformation and the information age: 1. *Zero One: An Introduction to Digital Awareness* (2021) 2. *Artificial Intelligence and Data Analysis* (2022) 3. *A Guide to the Ethics of Using AI Applications in Scientific Research* (2022) 4. *The Gang... Putting ChatGPT on Trial* (2025) 5. *Bahia... The Future of Digital Culture in Egypt* (2025) 6. *Generation Alpha Innovates for Egypt* (2025) – Supreme Council of Culture / National Center for Child Culture / State Award for the Young Creator 7. *Reflections on the Information Age... Technology and AI: Where Are We and Where Are We Headed?* (2025) 2026 Supreme Council of Culture The eighth edition, titled ""Culture 2.0: Artificial Intelligence and Reshaping,"" 2026. He holds a Master’s degree in Information Technology and Business Administration (2000) from Middlesex University in the United Kingdom and a Bachelor’s degree in Telecommunications and Electronics Engineering (1994) from Cairo University. He has been honored by numerous institutions and bodies; notably, he was recognized by the Egyptian Ministry of Culture as one of the ""Makers of Egyptian Identity"" during the inaugural ""Culture Day"" in January 2025. Most recently, he received the Arab Media Excellence Award in Digital Media from the League of Arab States—in recognition of his role in raising awareness about digital media—on the sidelines of the 55th session of the Council of Arab Information Ministers, held at the League’s General Secretariat headquarters in Cairo in October 2025.","https://technesummit.com/storage/events/2/speakers/01M39ZJRBF1KNDMSS7MWD64Q2P_1790262731_thumbnail.webp","https://technesummit.com/storage/events/2/speakers/01M39ZJRQCMCDDPAGEYGJMH4H8_1790262731_company_logo.jpg","","https://technesummit.com/2026/speakers?page=6","https://technesummit.com/2026/speakers?page=6#speakerCardModal01M39ZJRQF96CBVS6WN69NTRS9","2026-10-04"
"01K94T3H1BSN6V8SS5V85PQ17C","Nada Akrab","Senior Business Development Manager","Vezeeta","Egypt","Senior Business Development Manager at Vezeeta, Egypt's largest digital health platform, driving growth in Health Tech through channel partnerships and business development. I lead Pharma Partnerships across Egypt and KSA, building and scaling strategic relationships with leading pharmaceutical companies. I also own Education as a standalone BD channel — covering universities, schools, nurseries, academies, and e-learning platforms — and I'm driving the expansion of Shamel, our healthcare subscription e-card product.","https://technesummit.com/storage/events/2/speakers/01M39ZYTNSP3NVHS88CWK6AGZX_1790263126_thumbnail.webp","https://technesummit.com/storage/events/2/speakers/01M39ZYV4MR6KZ9AQBW9H03165_1790263127_company_logo.jpeg","","https://technesummit.com/2026/speakers?page=6","https://technesummit.com/2026/speakers?page=6#speakerCardModal01K94T3H1BSN6V8SS5V85PQ17C","2026-10-04"
"01M3A234A9552HJBAP1R1YJD8M","Ahmed Eissa","CEO","Eg Insuretech","Egypt","EG-Insurtech harnesses advanced AI intelligence to accelerate insight, enhance decision-making, and unify all stakeholders through smarter, connected systems. As the creators of Egypt’s first full-fledged flagship insurance core system, we continue to redefine innovation and set new standards for the industry.","https://technesummit.com/storage/events/2/speakers/01M3A233Y8FBK343Q4BGADMMCJ_1790265364_thumbnail.webp","https://technesummit.com/storage/events/2/speakers/01M3A234A79SCZ8YZMVYEP0V79_1790265364_company_logo.png","","https://technesummit.com/2026/speakers?page=6","https://technesummit.com/2026/speakers?page=6#speakerCardModal01M3A234A9552HJBAP1R1YJD8M","2026-10-04"
"01M3A2TPHDCAGHMKJ07X9R9A76","Ali Hesham","Associate","Keheilan Asset Management","Egypt","","https://technesummit.com/storage/events/2/speakers/01M3A2TP41Z16HBB98XRW7TW69_1790266136_thumbnail.webp","https://technesummit.com/storage/events/2/speakers/01M3A2TPHAEDFGWD3NX5ZW65T7_1790266137_company_logo.png","","https://technesummit.com/2026/speakers?page=6","https://technesummit.com/2026/speakers?page=6#speakerCardModal01M3A2TPHDCAGHMKJ07X9R9A76","2026-10-04"
"01M3A593S5BNQBQ881E6QAG8JM","Amr Soliman","co-founder & chairman","Tarmiz","Egypt","A veteran in the financial technology space, leading a software solutions company since 1999. “eVision” designs & builds specialized technology solutions for the banking & finance industry in Egypt and the MEA Region. Eng Soliman is also a co-founder and chairman of Tarmiiz.com, a startup in the field of Real World Asset Tokenization based on blockchain technology. With a bachelor degree in construction engineering and a masters of science in Project Management for National Development Projects, Eng. Soliman kicked off his career spending 5 years working for the Egypt Social Fund for Development, with diverse experiences from managing public works and community development projects, to micro & sme loans programs, to donor management and financial control of funds. This has very much shaped Eng. Soliman’s deep belief in sustainable development. Eng. Soliman chairs the Economic & Environment committees at the National Council for Women (NCW) since 2016, and spearheads the National financial inclusion program for digital village group saving and lending for the rural women of Egypt. “Ta7wisha” is a technology platform designed to organize the women in groups, link financial institutions, avail digital saving, instant micro loans and micro investment opportunities; and accumulate individual/group credit history. Data is leveraged to attract green finance for rural women led, environment friendly, sustainable revenue generating projects. Eng. Soliman also sits on the boards of Nasser Social Bank, the Rural & Environmental Industries Support Fund, and the National Steering Committee for Women Financial Inclusion with the Central Bank of Egypt and the Federation of Micro Finance.","https://technesummit.com/storage/events/2/speakers/01M3A593C1N7WR6SZ7HH7HQGMB_1790268706_thumbnail.webp","https://technesummit.com/storage/events/2/speakers/01M3A593S2KJD56TXFPTK9H3PB_1790268706_company_logo.png","","https://technesummit.com/2026/speakers?page=6","https://technesummit.com/2026/speakers?page=6#speakerCardModal01M3A593S5BNQBQ881E6QAG8JM","2026-10-04"
"01M3A5D2BG0M8Y80MK5C8SJMK8","Seif El Kilany","Co-founder & CEO","Tarmiiz","Egypt","Seif El Kilany is Co-Founder and CEO of Tarmiiz, which builds tokenization infrastructure for issuers and asset managers, and for the regulators that supervise them. Before founding Tarmiiz, Seif spent over 18 years building and operating electronic trading and market infrastructure for US equities and ETFs. He holds a Master's in Finance from Boston University and a BSc in Computer Science from Concordia University, with a blockchain strategy specialization from INSEAD.","https://technesummit.com/storage/events/2/speakers/01M3A5D1XTJPA527S6524RM3Q5_1790268835_thumbnail.webp","https://technesummit.com/storage/events/2/speakers/01M3A5D2BEW4P7A4BEDAFJBY2M_1790268836_company_logo.png","","https://technesummit.com/2026/speakers?page=6","https://technesummit.com/2026/speakers?page=6#speakerCardModal01M3A5D2BG0M8Y80MK5C8SJMK8","2026-10-04"
"01K94T3NGYKSG1Z98HEQJ5CCXB","Mahmoud Gebril","Assistant Chairman","FRA","Egypt","Mahmoud Gebril joined Beltone Markets Division- one of the fastest growing financial institutions in the MENA region – in March 2024 as Managing Director & Head of Product Development in the markets division. With over 25 years of experience in treasury management, asset management, in the financial services industry in Egypt, he drives the company’s strategic growth and development. Gebril was previously the Head of corporate finance at Financial Regulatory Authority (2019-2023). Prior to that, he began his career in the banking sector with Misr Iran Development bank in field of capital market and dealing room (1997-2006), Gebril joined National Fund Management Company (2006-2007), responsible for fixed income and equity capital markets and asset management, he was appointed executive manager, he has equipped as Managing Director of AMWAL financial investments (2007-2019). He holds a Bachelor of Commerce from Cairo University, A Capital Markets analysis postgraduate diploma from Faculty of Economics & Political Science – Cairo University and A Fundamentals of Islamic Finance Diploma from “IFF” London.","https://technesummit.com/storage/events/2/speakers/01M3A5T6ZKS2VK7PAQJSDT8BMX_1790269266_thumbnail.webp","https://technesummit.com/storage/events/2/speakers/01M3A5T7V2F5RGPKNRGAS3F32Y_1790269267_company_logo.webp","","https://technesummit.com/2026/speakers?page=6","https://technesummit.com/2026/speakers?page=6#speakerCardModal01K94T3NGYKSG1Z98HEQJ5CCXB","2026-10-04"
"01M3A626FA3VXZP6HAGQNEB6QD","Reham ElMorally","Head of Public Policy and Research","Entlaq Holding","Egypt","Dr. Reham ElMorally is a policy strategist, academic, and author whose work connects innovation, entrepreneurship, and inclusive economic development. She is Head of Public Policy and Research at Entlaq Holdings, Assistant Professor in Global Affairs and Public Policy at the American University in Cairo, and Gender Studies Collection Editor at Lived Places Publishing. At Entlaq, she has directed more than 22 research and advisory projects, including national entrepreneurship diagnostics and initiatives with UNDP, UNIDO, and GIZ. Drawing on research across five countries, she translates complex evidence into practical policy recommendations and investment insights for governments, development partners, and businesses. Her expertise spans startup ecosystems, climate technology, digital agriculture, and women’s entrepreneurship, with a focus on removing barriers that prevent innovation from delivering economic and social impact. Across her work in policy, academia, and publishing, Dr. ElMorally follows a guiding philosophy: “looking for the silences”; asking whose experiences are missing from the evidence, whose perspectives are absent from the classroom, and whose stories remain unpublished. Inspired by Simone de Beauvoir, she approaches self-knowledge and the pursuit of understanding as acts of courage that demand questioning inherited assumptions. Whether advising institutions, teaching future leaders, or championing authors, she brings overlooked perspectives into the conversations that shape knowledge, opportunity, and change.","https://technesummit.com/storage/events/2/speakers/01M3A6262WZ9WSEQ1BDZC9QM40_1790269528_thumbnail.webp","https://technesummit.com/storage/events/2/speakers/01M3A626F7WPM60CJ9SH6JRSK6_1790269528_company_logo.webp","","https://technesummit.com/2026/speakers?page=6","https://technesummit.com/2026/speakers?page=6#speakerCardModal01M3A626FA3VXZP6HAGQNEB6QD","2026-10-04"
"01M3A7WA3VKDJK1T3FYWSHEZ0C","Mathias Dittrich","Senior Manager – Investment Management","Finance in Motion","Egypt","Leading investment efforts of SANAD Fund for MSME. Always on the lookout for new potential investees!","https://technesummit.com/storage/events/2/speakers/01M3A7W9P76JSK4YF4XKE44KWM_1790271432_thumbnail.webp","https://technesummit.com/storage/events/2/speakers/01M3A7WA2BCHVK8E7S0TR0BAB7_1790271432_company_logo.png","","https://technesummit.com/2026/speakers?page=6","https://technesummit.com/2026/speakers?page=6#speakerCardModal01M3A7WA3VKDJK1T3FYWSHEZ0C","2026-10-04"
"01K94T3NFJRT6BJKAKHMRYYJ0H","Germine Bouchnack","Executive Director","Middle East Venture Partners (MEVP)","Egypt","Germine Bouchnack is an Executive Director at Middle East Venture Partners (MEVP), with over nine years of experience across venture capital, banking, and the entrepreneurship ecosystem. Prior to joining MEVP, Germine was part of the investment team at Flat6Labs, where she helped manage a portfolio of more than 55 startups across diverse sectors. She previously worked at Commercial International Bank (CIB), where she collaborated with senior management on the strategic transformation of the bank’s SME Banking business, including its strategy, products, and processes. Germine holds a bachelor’s degree in Management Technology, with a double major in Economics and Finance, from the German University in Cairo. Her engagement with entrepreneurship began during her undergraduate years, when she led several entrepreneurial initiatives and conducted her bachelor’s thesis on Egypt’s SME financing landscape.","https://technesummit.com/storage/events/2/speakers/1762171934_01K94T3NGARF3WEBB03887S5HB_thumbnail.webp","https://technesummit.com/storage/events/1/speakers/01K6JSFBAF865J8VAADWG5SZV9_1759419805_company_logo.png","","https://technesummit.com/2026/speakers?page=6","https://technesummit.com/2026/speakers?page=6#speakerCardModal01K94T3NFJRT6BJKAKHMRYYJ0H","2026-10-04"
"01M1H4F1YEM32CCXR1VA5XG0MG","Omar Ellaithy","Managing Partner & Co Founder","BabyFit","","Omar Ellaithy is an entrepreneur and business leader with a background in banking and a passion for building businesses that create meaningful impact. Today, Omar is the Co-Founder & Managing Partner of Babyfit Academy, an infant swimming academy focused on introducing children to sports and building the foundation for a healthy, active lifestyle from as early as two months old. Omar began his professional journey in banking at CIB (Commercial International Bank) before transitioning into entrepreneurship and pursuing his passion for building and developing businesses. A graduate of Cairo University’s Faculty of Commerce, English Section, Omar’s journey reflects his belief in turning ideas into meaningful experiences and businesses that create real value for people and communities.","https://technesummit.com/storage/events/2/speakers/01M1K2WPHMEGC4SDSGKB2W83JC_1788420708_thumbnail.webp","https://technesummit.com/storage/events/2/speakers/01M2NC0FWJZR7295W4195W822N_1789571121_company_logo.jpeg","","https://technesummit.com/2026/speakers?page=6","https://technesummit.com/2026/speakers?page=6#speakerCardModal01M1H4F1YEM32CCXR1VA5XG0MG","2026-10-04"
"01M20B4C7NRFDW9XM5ZB26YPCN","Menna Abdelhady","Project Manager","SIA","Egypt","I’m a Biotechnologist passionate about Business especially where Science and Business come together. I’m currently a Master’s Student at the Faculty of Science Cairo University, while working as a Senior Account Manager at Nawah Scientific. My role allows me to combine my scientific background with business development, account management, and building strong relationships with researchers, universities, students, and organizations. Through my experience in Biotechnology and Life Sciences I’ve developed a strong interest in understanding scientific needs and turning them into business opportunities, partnerships, and practical solutions. Alongside my work in Life Sciences, I’ve been working in Event Management for the past four years, managing and supporting different conferences, events, and initiatives with nearly 5,000 attendees in total. This experience has allowed me to develop strong skills in event management, communication, partnerships, and community engagement. What connects everything I do is my passion for Science, Business, and people. I believe a scientific background can open opportunities beyond the lab especially when combined with business, communication, entrepreneurship, and strong connections between people and industries.","https://technesummit.com/storage/events/2/speakers/01M20B4BWARXWDR96X38AMZ4B3_1788865556_thumbnail.webp","https://technesummit.com/storage/events/2/speakers/01M20B4C6HJ1CAGNPXNT2B6EES_1788865556_company_logo.jpeg","","https://technesummit.com/2026/speakers?page=6","https://technesummit.com/2026/speakers?page=6#speakerCardModal01M20B4C7NRFDW9XM5ZB26YPCN","2026-10-04"
"01M2DGAD122R09JHAZVG76T93E","Amany Helmy","Founder & CEO","Blissify","Egypt","Amany Helmy is a seasoned HR entrepreneur, founder, and people strategist with a strong track record across Egypt and the Middle East. As the Founder & CEO of Blissify, she helps businesses build stronger cultures, smarter people systems, and higher-performing teams through innovative HR consulting, employee engagement, and practical learning experiences. With deep expertise in talent, performance, and organizational development, Amany is known for blending strategic HR with human-centered impact.","https://technesummit.com/storage/events/2/speakers/01M39WTG7CX7B5HPJ5D1G749XE_1790259839_thumbnail.webp","https://technesummit.com/storage/events/2/speakers/01M2DGAD068S3S3HTXWWSHMNG1_1789307204_company_logo.jpeg","","https://technesummit.com/2026/speakers?page=6","https://technesummit.com/2026/speakers?page=6#speakerCardModal01M2DGAD122R09JHAZVG76T93E","2026-10-04"
"01M3CMBXR3K8FPB6KB35V0JDHJ","Amr Saleh","Head of AI Transformation","Bosta","Egypt","Amr leads AI Transformation at Bosta, Egypt's leading last-mile delivery and logistics platform. He's also chairman and investor at Taalam.ai, empowering Arabs to learn AI tools for the professional workspace, and a serial entrepreneur: former CEO of Miran (AI-powered health and fitness app in Saudi Arabia), co-founder of Elk (blockchain tools for makers), and co-founder of Integreight, the company behind 1Sheeld, which raised 8.5x its Kickstarter goal and shipped to 50+ countries.","https://technesummit.com/storage/events/2/speakers/01M3CMBWVN4VA3P0K2CY3D6WNQ_1790351635_thumbnail.webp","https://technesummit.com/storage/events/2/speakers/01M3CMBXKZ8RQTYWMTJCYD9HCB_1790351636_company_logo.png","","https://technesummit.com/2026/speakers?page=6","https://technesummit.com/2026/speakers?page=6#speakerCardModal01M3CMBXR3K8FPB6KB35V0JDHJ","2026-10-04"
"01K94T3H6KVA8RKWD4A0FYW0KE","Dalia Elbadry","Business Growth Manager","ICEALEX","Egypt","Dalia El Badry is a leading expert in Social Entrepreneurship and project management, particularly in the realm of incubation and acceleration programs that support female empowerment. With a Master's in Marketing and a Marketing Diplomat from Alexandria University, Dalia has extensive experience in the tech industry. Dalia's hands-on approach and deep understanding of incubator operations have earned her recognition as a top performer in TOT programs related to management and incubation. She has honed her skills as a trainer and consultant through her participation in these programs, and her experience has made her a sought-after resource for startups and entrepreneurs. Her expertise in management and incubation has been honed through years of hands-on experience and training, making her a valuable asset to any organization looking to grow and succeed.","https://technesummit.com/storage/events/2/speakers/01M3CMHWZBDD8VF9JXETRHQQ63_1790351832_thumbnail.webp","https://technesummit.com/storage/events/2/speakers/01M3CMHXCGP62DJCJT2K61G12K_1790351832_company_logo.png","","https://technesummit.com/2026/speakers?page=6","https://technesummit.com/2026/speakers?page=6#speakerCardModal01K94T3H6KVA8RKWD4A0FYW0KE","2026-10-04"
"01M2DH6277HMEY0BMQGGS0ZVXP","Amr Helal","Founder & CEO","DotPy.tech","Egypt","Amr Helal is an AI Engineer, CEO & Founder of DotPy, and a certified Machine Learning Specialist accredited by MIT and AWS, with more than 7 years of experience in the field. He started in engineering, then shifted his focus to AI and Machine Learning, building his skills through continuous self-learning and hands-on practice. He is also exploring the business side of building tech and education platforms. Amr is the founder of AI Catalyst, one of the largest annual AI events, bringing together experts, students, and professionals in the field.","https://technesummit.com/storage/events/2/speakers/01M2DH60K8NG6DBHRG2C583TW2_1789308109_thumbnail.webp","https://technesummit.com/storage/events/2/speakers/01M2DH6264A83132M3CAB1BMPF_1789308111_company_logo.png","","https://technesummit.com/2026/speakers?page=6","https://technesummit.com/2026/speakers?page=6#speakerCardModal01M2DH6277HMEY0BMQGGS0ZVXP","2026-10-04"
"01K94T3M3JCHYZH1SGKQ9W1HJN","Lamiaa Melegui","Partnerships and Programms Management","United Nations","Egypt","Lamiaa Melegui is an international economic cooperation, trade promotion, and private sector development expert with more than 15 years of experience advancing regional integration, export competitiveness, sustainable economic growth, and strategic international partnerships across Africa, the Mediterranean region, and Europe. Currently serving as Partnerships and Programme Management at the UN. Lamiaa led strategic initiatives focused on local economic development, investment facilitation, urban-rural economic linkages, and enabling environments for sustainable private sector engagement. Lamiaa served as Senior Advisor and Component Lead for Access to Markets and Business Linkages at GIZ, acting as Egypt Focal Point for the Africa Global Project Agricultural Policy and Innovation Fund (FABI). Her work focused on intra-African trade, export promotion, agribusiness competitiveness, market access, and policy dialogue. Lamiaa is a certified International Trade Centre (ITC) trainer on the African Continental Free Trade Area (AfCFTA), supporting African businesses and entrepreneurs in accessing regional and international markets. She has worked with major international organizations including UN-Habitat, GIZ, UNIDO, USAID, DFID/FCDO, SECO, the European Union, and the Government of Egypt. Lamiaa is a recognized speaker and moderator at international forums including Afreximbank Annual Meetings, AIM Congress UAE, the World Fair Trade Organization Conference, and GIZ-SNRD Africa platforms.","https://technesummit.com/storage/events/2/speakers/01M3CMS3060K7F7X6W0BV4SXF6_1790352067_thumbnail.webp","https://technesummit.com/storage/events/2/speakers/01M3CMS3DSV00GHKDSWCDM2B95_1790352068_company_logo.png","","https://technesummit.com/2026/speakers?page=6","https://technesummit.com/2026/speakers?page=6#speakerCardModal01K94T3M3JCHYZH1SGKQ9W1HJN","2026-10-04"
"01M3CMXTW2NMD5EGW0JM5151A0","Sherif Shalaby","Co-Founder / CMO","Big Move Agency","Egypt","Dr. Sherif Shalaby is a creative technologist, filmmaker, and Co-Founder & CMO of Big Move Agency, a 360° creative and marketing company operating across Egypt and the MENA region. With over 15 years of experience across brand strategy, integrated campaigns, media production and emerging creative technologies, he has led work for Vodafone, PepsiCo, Mars, HEKMA, inDrive, InstaPay and other regional and multinational brands. His practice sits at the intersection of strategy, visual storytelling and generative AI, helping organizations turn emerging technology into commercially relevant creative systems. He is a Creative Partner to selected AI platforms and was selected among 300 creators worldwide by Wonder Studios for his work in AI-driven storytelling and virtual production.","https://technesummit.com/storage/events/2/speakers/01M3CMXTDTKCMJM4Q4F2K0H9JF_1790352222_thumbnail.webp","https://technesummit.com/storage/events/2/speakers/01M3CMXTW0E54MGAGWKGTJ9KZD_1790352223_company_logo.png","","https://technesummit.com/2026/speakers?page=6","https://technesummit.com/2026/speakers?page=6#speakerCardModal01M3CMXTW2NMD5EGW0JM5151A0","2026-10-04"
"01M3CN1B9KY6E20ZS2A8NV28EQ","Ashraf Lotfy","Assistant Managing Director -Claims","GIG -Egypt","Egypt","","https://technesummit.com/storage/events/2/speakers/01M3CN1ARV6ED29PQ1XP220S6A_1790352337_thumbnail.webp","https://technesummit.com/storage/events/2/speakers/01M3CN1B8FWKVJ85V4AQ026S02_1790352338_company_logo.jpeg","","https://technesummit.com/2026/speakers?page=6","https://technesummit.com/2026/speakers?page=6#speakerCardModal01M3CN1B9KY6E20ZS2A8NV28EQ","2026-10-04"
"01M3CN698V19X0KK2RFW3S2VBG","Sherif Aboshady","Managing Director, SMEs","Fawry","Egypt","Visionary Managing Director and CCO with 25+ years of pioneering leadership across Tier-1 Banking institutions, Fintech, and Digital Lending Ecosystems. Renowned for architecting and scaling high-growth financial enterprises from the ground up, obtaining critical regulatory licenses, and managing multi-billion EGP portfolios. A strategic expert in post-merger integration (PMI), products and ecosystems design, digital transformation. Adept at navigating complex regulatory landscapes (FRA & CBE) while building strategic alliances to position organizations as market-leading platforms.","https://technesummit.com/storage/events/2/speakers/01M3CN68QP1M587Q3TK57EETG6_1790352499_thumbnail.webp","https://technesummit.com/storage/events/2/speakers/01M3CN698JEASF60QTGWTW21BW_1790352499_company_logo.png","","https://technesummit.com/2026/speakers?page=6","https://technesummit.com/2026/speakers?page=6#speakerCardModal01M3CN698V19X0KK2RFW3S2VBG","2026-10-04"
"01M3CNAH5HX834YFD61RZSTBC3","Shady Gabr","Managing Director","Orca Advisory","Egypt","Investment advisor specializing in private markets, with a focus on real estate and infrastructure investments across Egypt and the MENA region. Experienced in structuring debt and equity transactions, advising on capital raising strategies, REIT, and supporting developers and investors in aligning projects with institutional capital requirements. Core experience includes evaluating investment opportunities, structuring financing solutions, and advising on market entry, risk assessment, and capital deployment strategies in emerging markets. Provides practical, transaction-level insights on: • Real estate investment strategies and yield dynamics • Developer financing models and capital structures • Debt structuring and bank financing in Egypt • Equity partnerships, joint ventures, and investor negotiations • Macroeconomic impact on real estate and private markets Frequently engaged in discussions with investors, consultants, and financial institutions seeking on-the-ground perspectives on Egypt and MENA investment opportunities. Holds an MBA from Alliance Manchester Business School, a Management Accounting Diploma from CIMA, and a B.Sc. in Engineering from Ain Shams University.","https://technesummit.com/storage/events/2/speakers/01M3CNAGQEJGSXGM0F6DY6FE1H_1790352638_thumbnail.webp","https://technesummit.com/storage/events/2/speakers/01M3CNAH5EEYCJQD0JR3N8CREC_1790352639_company_logo.png","","https://technesummit.com/2026/speakers?page=6","https://technesummit.com/2026/speakers?page=6#speakerCardModal01M3CNAH5HX834YFD61RZSTBC3","2026-10-04"
"01M3CNDZ7GFSGAB47121VSND1N","Mohamed Abaza","Head of sales","Upwyde Development","Egypt","Mohamed Abaza is the Head of Sales at Upwyde Developments, bringing over 15 years of experience across the real estate and automotive sectors. He has held senior leadership positions at leading developers, including DAL Developments, Melee Development, Madaar Developments, ORA, and SODIC. His expertise spans sales strategy, revenue growth, team leadership, market positioning, broker relations, and go-to-market planning. In his current role at Upwyde Developments, Mohamed leads sales strategy and execution across projects, with a strong focus on building high-performing teams and driving sustainable business growth.","https://technesummit.com/storage/events/2/speakers/01M3CNDYTD049BCJ1M4DMXT5M4_1790352751_thumbnail.webp","https://technesummit.com/storage/events/2/speakers/01M3CNDZ7DGP8ZJHN8Z05DKC84_1790352751_company_logo.png","","https://technesummit.com/2026/speakers?page=6","https://technesummit.com/2026/speakers?page=6#speakerCardModal01M3CNDZ7GFSGAB47121VSND1N","2026-10-04"
"01M3CNHFMHF10VV229SX8KVMBV","Ahmed Mosaad","Co-founder","CyberX","Egypt","Engineer turned business guy in the gaming industry.","https://technesummit.com/storage/events/2/speakers/01M3CNHF48R9YBSJWQA7M7N4G8_1790352866_thumbnail.webp","https://technesummit.com/storage/events/2/speakers/01M3CNHFJ9H1XA3QGTRG0XPVQ1_1790352866_company_logo.png","","https://technesummit.com/2026/speakers?page=6","https://technesummit.com/2026/speakers?page=6#speakerCardModal01M3CNHFMHF10VV229SX8KVMBV","2026-10-04"
"01M3CNSCVJ6PSNP514QC3AWKEQ","Mohamed Fayez","Business Development Manager and F&B Brand Creator","EgyMap","Egypt","With 22+ years across Egypt & KSA, Mohammed Fayez grew from leading operations and Training at F&B giants like Americana, Cilantro, TBS & Supreme Cafe to becoming a Brand Creator & Business Development Manager at EgyMap.","https://technesummit.com/storage/events/2/speakers/01M3CNSCBDDAD5A7QCR0SN8PFT_1790353125_thumbnail.webp","https://technesummit.com/storage/events/2/speakers/01M3CNSCVFWYK0ZT6Q1DNCN9SD_1790353126_company_logo.png","","https://technesummit.com/2026/speakers?page=6","https://technesummit.com/2026/speakers?page=6#speakerCardModal01M3CNSCVJ6PSNP514QC3AWKEQ","2026-10-04"
"01M3CP0RJWT4CSDJ1YMEQ1WWF8","Ahmed Abdelatif","Digital Infrastructure Development Consultant","","Egypt","Driving digital infrastructure delivery across MEA by aligning technology, capital, economic policy, and energy regulation. Leveraging a track record of accountability for multi-billion-dollar operations across MEA and South Asia, I help regional operators become market leaders by delivering: ⭕ Strategic Asset Development: Accelerating the transformation of legacy telcos into digital powerhouses. ⭕ M&A and Partnerships: Structuring accretive deals that expand market share. ⭕ Execution Excellence: integrating cross-border operations for consolidated revenue growth & cost reduction. I've held senior leadership roles at Verizon (including legacy MCI and WorldCom operations), FLAG Telecom, Etisalat Group (e&), Global Cloud Xchange, and Batelco Group (Beyon), consistently delivering revenue growth while integrating cross-border operations and launching high-growth lines of business. Today, I advise governments, operators, and development organizations on 𝗔𝗜 𝗶𝗻𝗳𝗿𝗮𝘀𝘁𝗿𝘂𝗰𝘁𝘂𝗿𝗲 𝗱𝗲𝗽𝗹𝗼𝘆𝗺𝗲𝗻𝘁, 𝗵𝘆𝗽𝗲𝗿𝘀𝗰𝗮𝗹𝗲 𝗱𝗮𝘁𝗮 𝗰𝗲𝗻𝘁𝗲𝗿 𝘀𝘁𝗿𝗮𝘁𝗲𝗴𝗶𝗲𝘀, and 𝗻𝗲𝘅𝘁-𝗴𝗲𝗻𝗲𝗿𝗮𝘁𝗶𝗼𝗻 𝗰𝗼𝗻𝗻𝗲𝗰𝘁𝗶𝘃𝗶𝘁𝘆 𝗳𝗿𝗮𝗺𝗲𝘄𝗼𝗿𝗸𝘀. I also contribute to regional policy discourse through conference keynotes, ministerial roundtables, and C-suite briefings across MEA markets. Academic Foundation: B.Sc. Telecommunications Engineering | M.Sc. Computer Science | MBA (Globalization)","https://technesummit.com/storage/events/2/speakers/01M3CP0R5AK6ZR4K2KWVEH1BV6_1790353367_thumbnail.webp","","","https://technesummit.com/2026/speakers?page=6","https://technesummit.com/2026/speakers?page=6#speakerCardModal01M3CP0RJWT4CSDJ1YMEQ1WWF8","2026-10-04"
"01M3PSC99AGNN8QCVDMRQXHABW","Tarek Badr","Project Manager","ITIDA - TIEC - CREATIVA","Egypt","With a decade of experience, I specialize in empowering startups through structured mentorship. As a mentor at AUC VMS and the IFC She Wins Africa Program, I focus on guiding entrepreneurs in business valuation, investment analysis, and startup management to build strong foundations and overcome funding challenges. Passionate about fostering inclusive innovation, I actively support women-led ventures by enhancing investment readiness and enabling sustainable growth. Equipped with the FMVA® certification, I am dedicated to equipping founders with actionable strategies to scale their businesses successfully.","https://technesummit.com/storage/events/2/speakers/01M3PSC8WHDH58Z2NSFFCSTVC3_1790692434_thumbnail.webp","https://technesummit.com/storage/events/2/speakers/01M3PSC9979NAN5WT2JZJC2DJV_1790692435_company_logo.jpeg","","https://technesummit.com/2026/speakers?page=6","https://technesummit.com/2026/speakers?page=6#speakerCardModal01M3PSC99AGNN8QCVDMRQXHABW","2026-10-04"
"01K94T3JJQJ22FEBJBM908HW55","Ahmed Wadi","Founder and CEO","Moneyfellows","Egypt","Ahmed Wadi: Founder & CEO, Money Fellows My professional journey has always been defined by a singular focus: identifying fundamental human needs and building the technology to meet them. This path began with my first venture, Objectly, a startup dedicated to developing item-tracking software. It was a pivotal learning experience, resulting in technology that was subsequently adopted by industry giants like Microsoft and Daimler. While my academic background—a B.Sc. in Computer Science from the University of Stuttgart (2009) and an M.Sc. in IT from the Technical University of Munich (2014)—equipped me with the technical tools, the inspiration for Money Fellows was born from personal necessity. During my time in Germany, I sought personal financing only to discover that the available options required an extensive credit history—a barrier that excluded thousands of otherwise eligible individuals. I was immediately reminded of the traditional Egyptian ""Gameya"" (ROSCA), a model of communal saving and financing I had watched my family rely on since childhood. I saw how effective these money circles were for millions in Egypt and across the region, yet they lacked convenience. They were limited by personal networks, availability of slots, and the friction of physical payments and collection. I realized that by applying modern fintech infrastructure, we could solve the issues of scalability and security while preserving the community spirit of the model. Today, Money Fellows is not just a fintech company; we are a bridge connecting tradition with technology, delivering essential, secure, and inclusive financial services to our community.","https://technesummit.com/storage/events/2/speakers/01M3A0E1ZBKAB3E1W77SZ46N4C_1790263625_thumbnail.webp","https://technesummit.com/storage/events/1/speakers/01K1X7P1QJP875Y745PTKN6ASG_1754401539_company_logo.png","","https://technesummit.com/2026/speakers?page=6","https://technesummit.com/2026/speakers?page=6#speakerCardModal01K94T3JJQJ22FEBJBM908HW55","2026-10-04"
"01M3PSXB7B01C3TFSJ2T2867SA","Aya El Dessouky","Co-Founder","Pend","Egypt","","https://technesummit.com/storage/events/2/speakers/01M3PSXAT8FJPGCY2Z9VFE9GWM_1790692993_thumbnail.webp","https://technesummit.com/storage/events/2/speakers/01M3PSXB78K1X102S9468V1DR9_1790692994_company_logo.jpeg","","https://technesummit.com/2026/speakers?page=6","https://technesummit.com/2026/speakers?page=6#speakerCardModal01M3PSXB7B01C3TFSJ2T2867SA","2026-10-04"
"01M3PT42GG6FVW8AGNMRB8J27V","May Al-Ibrashy","Architectural Historian and Chairperson","BEC","Egypt","Architect with more than 35 years of field experience in conservation and heritage management in Historic Cairo. Recipient of the 2022 Prince Claus Fund Impact Award. Currently founder and chair of Megawra-Built Environment Collective, a twin institution consisting of Egyptian NGO and consultancy working on issues of the built environment. Coordinator of Athar Lina, an initiative run by Megawra-BEC in partnership with the Egyptian Ministry of Antiquities and Cairo Governorate that conserves the heritage of al-Khalifa in Historic Cairo and conceives of it as a driver for community development.","https://technesummit.com/storage/events/2/speakers/01M3PT421B2J5TVNDX2MB67K00_1790693214_thumbnail.webp","https://technesummit.com/storage/events/2/speakers/01M3PT42G0GAEAS6YDDW8FSPBM_1790693214_company_logo.png","","https://technesummit.com/2026/speakers?page=6","https://technesummit.com/2026/speakers?page=6#speakerCardModal01M3PT42GG6FVW8AGNMRB8J27V","2026-10-04"
"01M3PT83SPSEKEZTMPJ2M0CYJE","Ahmed Refaat","Co-founder","Neo Kozmo","Egypt","Ahmed Refaat is a serial entrepreneur and technology executive with over 15 years of experience spanning energy, fintech, and electric mobility. He is the Founder & CEO of Neo Kozmo, an Egyptian climate-tech company building battery-swapping infrastructure to accelerate the adoption of electric two-wheelers and electrify last-mile delivery. Previously, Ahmed co-founded Copal, a fintech startup focused on family banking and financial inclusion, and Odqa Renewable Energy Technologies, an Oxford spinout developing innovative solar-energy technology. He began his career with Schlumberger in engineering and commercial roles. Ahmed holds an MBA from the University of Oxford’s Saïd Business School and a degree in Mechanical Engineering from Cairo University. His work focuses on building and scaling technology-driven businesses that address real-world challenges in emerging markets.","https://technesummit.com/storage/events/2/speakers/01M3PT83CC4W97SHKJ9R1F2MC6_1790693346_thumbnail.webp","https://technesummit.com/storage/events/2/speakers/01M3PT83SKKWEWS5N358YVJ9V9_1790693347_company_logo.png","","https://technesummit.com/2026/speakers?page=6","https://technesummit.com/2026/speakers?page=6#speakerCardModal01M3PT83SPSEKEZTMPJ2M0CYJE","2026-10-04"
"01M3PTDXJTM8NS6YYTDF3BPQN5","Yara Yousry","Co-founder","Texula","Egypt","Yara Yousry is an architect, award-winning entrepreneur, and Founder & CEO of Texula, a material innovation startup transforming banana agricultural waste into high-performance textile fibers. A graduate of The American University in Cairo (AUC), she is a ReGen Fellow at the Prince Albert II of Monaco Foundation and a START Fellow at the University of St. Gallen. Her work at the intersection of architecture, sustainability, and material innovation has earned international recognition, including being recognized as a Change Maker by the International Union for Conservation of Nature (IUCN) at the IUCN Leaders Forum in Geneva in 2024.","https://technesummit.com/storage/events/2/speakers/01M3PTDX73K80DWCFQ4PMQNJ0K_1790693536_thumbnail.webp","https://technesummit.com/storage/events/2/speakers/01M3PTDXJQJAEN31YZH8TX04J4_1790693537_company_logo.png","","https://technesummit.com/2026/speakers?page=6","https://technesummit.com/2026/speakers?page=6#speakerCardModal01M3PTDXJTM8NS6YYTDF3BPQN5","2026-10-04"
"01M3PTY30G6NRPPS32PT843SHJ","Ramy Agieb","Regional Head of AIoT & Digital Transformation","Bosch","Egypt","","https://technesummit.com/storage/events/2/speakers/01M3PTY2GKB3ZNDJ1T87D43E6G_1790694066_thumbnail.webp","https://technesummit.com/storage/events/2/speakers/01M3PTY2ZA3DFQK5GP6YF0B68E_1790694067_company_logo.png","","https://technesummit.com/2026/speakers?page=6","https://technesummit.com/2026/speakers?page=6#speakerCardModal01M3PTY30G6NRPPS32PT843SHJ","2026-10-04"
"01M3PV3SM0GFXZX5MW59AY99ZG","Heba ElAzayzy","Regional Sales Manager, SMEs","Fawry","Egypt","","https://technesummit.com/storage/events/2/speakers/01M3PV3S7EWQ46CV8X39P6S81X_1790694253_thumbnail.webp","https://technesummit.com/storage/events/2/speakers/01M3PV3SKX4MH125ZNHS2TG6N5_1790694254_company_logo.png","","https://technesummit.com/2026/speakers?page=6","https://technesummit.com/2026/speakers?page=6#speakerCardModal01M3PV3SM0GFXZX5MW59AY99ZG","2026-10-04"
"01M3QJVE563QTJHQS85TMW6WF1","Amr Gazarin","Executive Chairman","Orascom Pyramids Entertainment","Egypt","Amr Gazarin is the Executive Chairman of Orascom Pyramids Entertainment (OPE), an Egyptian joint-stock company and subsidiary of Orascom Investment Holding. OPE develops, manages, and operates tourism services for major projects and currently manages and provides visitor services across the Giza Pyramids Plateau under contract with the Supreme Council of Antiquities. Gazarin’s LinkedIn profile describes his focus as transforming the tourism experience. Through his leadership at OPE, he has been involved in the development and management of the visitor experience at one of Egypt’s most significant heritage sites, with a focus on tourism services and hospitality. He is a graduate of Cairo University.","https://technesummit.com/storage/events/2/speakers/01M3QJVE0F9R6Z2M6EXKH1WSRJ_1790719145_thumbnail.webp","https://technesummit.com/storage/events/2/speakers/01M3QJVE4QTMV9HBWHCWWVFV2C_1790719146_company_logo.jpg","","https://technesummit.com/2026/speakers?page=6","https://technesummit.com/2026/speakers?page=6#speakerCardModal01M3QJVE563QTJHQS85TMW6WF1","2026-10-04"
"01M3QK5JNQ5TPWXWMM66FSD6H6","Mostafa Essa","Head of GRC & Digital Transformation","Azimut Investments - Egypt","Egypt","Mr. Mostafa Essa is the Head of GRC & Digital Transformation at Azimut Investments Egypt, a subsidiary of Azimut Group, Italy and Founder and President of the Egyptian Compliance Society (ECS) He brings over 18 years of experience in compliance, governance, financial crime prevention, digital transformation and risk management across asset management, including mutual funds, portfolio management, holding, venture capital, underwriting, and brokerage sectors. He has a proven track record in building compliance frameworks, preventing financial crime and AML, strengthening governance structures, and leading regulatory transformation initiatives, and driving the adoption of fintech solutions and innovative applications in dynamic financial markets. Prior to this, Mr. Essa served as Head of Compliance and Anti-Money Laundering at Rasmala Egypt Asset Management, a subsidiary of Rasmala Holding (UAE). He also held compliance positions at Mubasher Trade Egypt and NBK Capital Egypt, subsidiaries of Mubasher Capital (UAE) and the National Bank of Kuwait, respectively. He is licensed by the Financial Regulatory Authority (FRA). Mr. Essa is an active lecturer and speaker, contributing to leading professional bodies including the Egyptian Compliance Society (ECS), the International Compliance Association (ICA), the Egyptian Investment Management Association (EIMA), and the Egyptian Society of Technical Analysts (ESTA). He holds a Licentiate Degree in Law from Cairo University, a Bachelor’s degree in Foreign Trade from Helwan University, and a Diploma in Capital Market Analysis from the Faculty of Economics and Political Science at Cairo University. He also holds the ICA Certificate in Compliance (ICA – London), an AML/CFT certification from ECMA and EBI, and is a certified trainer (TOT) from the American Board. السيد/ مصطفى عيسى رئيس قطاع الحوكمة وإدارة المخاطر والالتزام والتحول الرقمي بشركة ازيموت للاستثمارات – مصر، التابعة لمجموعة ازيموت الإيطالية، هو المؤسس والرئيس التنفيذي للجمعية المصرية لمسؤولي الالتزام (ECS) يتمتع بخبرة تمتد لأكثر من 18 عامًا في مجالات الالتزام والحوكمة ومكافحة الجرائم المالية ومكافحة غسل الأموال وتمويل الإرهاب والتحول الرقمي وإدارة المخاطر داخل قطاع إدارة الأصول، بما يشمل صناديق الاستثمار، وإدارة المحافظ، وشركات القابضة، ورأس المال المخاطر، وتغطية الاكتتابات، والوساطة المالية. وقد نجح في بناء أطر فعّالة للالتزام، وتعزيز نظم الحوكمة، والحد من مخاطر الجرائم المالية ومكافحة غسل الأموال، إلى جانب قيادة مبادرات التحول الرقابي ودعم تبني الحلول المالية التكنولوجية والتطبيقات الابتكارية في الأسواق المالية. شغل سابقًا منصب رئيس قطاع الالتزام ومكافحة غسل الأموال بشركة رسملة لإدارة الأصول – مصر، التابعة لمجموعة رسملة القابضة (الإمارات). كما تولى عدة مناصب في مجال الالتزام لدى كل من شركة مباشر للتداول – مصر التابعة لمباشر كابيتال (الإمارات) وشركة NBK كابيتال – مصر التابعة إلى بنك الكويت الوطني على التوالي. وهو مرخص من الهيئة العامة للرقابة المالية (FRA). يُعد السيد/ مصطفى عيسى محاضرًا معتمداً، حيث يساهم في عدد من الجهات المهنية البارزة، منها جمعية الالتزام الدولية (ICA) لندن - والجمعية المصرية لمسؤولي الالتزام (ECS)، والجمعية المصرية لإدارة الاستثمار (EIMA)، والجمعية المصرية للمحللين الفنيين (ESTA)الى جانب التحدث في عدد من الجهات المختلفة سواء المحلية أو الدولية. حصل على ليسانس الحقوق من جامعة القاهرة، وبكالوريوس التجارة الخارجية من جامعة حلوان، ودبلومة في تحليل أسواق المال من كلية الاقتصاد والعلوم السياسية – جامعة القاهرة. كما يحمل شهادة الامتثال من الجمعية الدولية للالتزام ICA – لندن، وشهادة مكافحة غسل الأموال وتمويل الإرهاب (AML/CFT) من ECMA وEBI، بالإضافة إلى كونه مدربًا معتمدًا (TOT) من البورد الأمريكي.","https://technesummit.com/storage/events/2/speakers/01M3QK5J6KNF517R9TH6H4HTXR_1790719477_thumbnail.webp","https://technesummit.com/storage/events/2/speakers/01M3QK5JNM3SJJM7EYH10GETCF_1790719478_company_logo.png","","https://technesummit.com/2026/speakers?page=7","https://technesummit.com/2026/speakers?page=7#speakerCardModal01M3QK5JNQ5TPWXWMM66FSD6H6","2026-10-04"
"01M3QKB4SCRFV8AM0CGG0GQAPK","Mahmoud ElSabbagh","Founder","ByBagh Studio","Egypt","With 11 years of experience in filmmaking, design, advertising, Sabbagh served as Senior Art Director and Design Director at VML Egypt before co-founding ByBagh, a pioneering AI art direction studio","https://technesummit.com/storage/events/2/speakers/01M3QKB3KR3Z7SBGQKMQCBTWTT_1790719659_thumbnail.webp","https://technesummit.com/storage/events/2/speakers/01M3QKB4SAZKNS43SAT1N5GVAS_1790719660_company_logo.jpg","","https://technesummit.com/2026/speakers?page=7","https://technesummit.com/2026/speakers?page=7#speakerCardModal01M3QKB4SCRFV8AM0CGG0GQAPK","2026-10-04"
"01M3QKP6WX6TTZNZED5XBN8N6Y","Galal Elbeshbishy","Co-Founder and COO","Synapse Analytics","Egypt","I help companies fuel their growth and optimize their operations by leveraging the power of Artificial Intelligence & Machine Learning.","https://technesummit.com/storage/events/2/speakers/01M3QKP6D8JQG9S79SNWC4MME0_1790720022_thumbnail.webp","https://technesummit.com/storage/events/2/speakers/01M3QKP6V4TK01CJQ86Q5440MD_1790720023_company_logo.jpg","","https://technesummit.com/2026/speakers?page=7","https://technesummit.com/2026/speakers?page=7#speakerCardModal01M3QKP6WX6TTZNZED5XBN8N6Y","2026-10-04"
"01M3QM3AJ4T6QNWVBDCXFCRRA7","Mohamed Abu okail","Executive Director of Marketing and Investment","El Ahly SC","Egypt","Executive Director of Marketing and Investment @ Al Ahly SC , Lecturer @ FIFA CIES , Ex Marketing manager @ Sela Sports , Ex Sports Marketing a team leader @ Juhayna . With over 15 years Experience in the Sports Management field .","https://technesummit.com/storage/events/2/speakers/01M3QM3A6TN1VZMF0DVJFVKPQM_1790720452_thumbnail.webp","https://technesummit.com/storage/events/2/speakers/01M3QM3AJ16CMWPRRFTFR59FSV_1790720453_company_logo.jpeg","","https://technesummit.com/2026/speakers?page=7","https://technesummit.com/2026/speakers?page=7#speakerCardModal01M3QM3AJ4T6QNWVBDCXFCRRA7","2026-10-04"
"01M3QM79008F4715TAXVPC59YG","Ibrahim Mohamed Naguib","Managing Director","Great Place To Work - Egypt","Egypt","Ibrahim Mohamed Naguib is the Managing. Director of Great Place To Work - Egypt, and a commercial and growth leader with experience across technology, edtech, HR tech, and people focused businesses in Egypt. His work sits at the intersection of growth, culture, and execution, with a strong belief that sustainable performance starts with trust, leadership, and the employee experience. Prior to joining Great Place to Work, Ibrahim held senior positions at Lenovo and Cambly, and worked directly with LinkedIn and Udacity on market growth, partnerships, and go to market initiatives. Throughout his career, he has collaborated closely with global and San Francisco based teams, supporting market entry, scaling operations, and building high performing, values driven teams. Ibrahim brings hands on experience in working with global brands, scaling teams, and building cultures that support both performance and people. He is a father of twins and enjoys adventure, challenge, and building things that last.","https://technesummit.com/storage/events/2/speakers/01M3QM78GZH27D8H0RYVGZ1T0P_1790720582_thumbnail.webp","https://technesummit.com/storage/events/2/speakers/01M3QM78ZXTTED64V0VVBDHGX7_1790720582_company_logo.jpg","","https://technesummit.com/2026/speakers?page=7","https://technesummit.com/2026/speakers?page=7#speakerCardModal01M3QM79008F4715TAXVPC59YG","2026-10-04"
"01M3QM96H2QGV4YQ0B2NDVBQXP","Nihad Mahmoud","Environmental Consultant","","Egypt","","https://technesummit.com/storage/events/2/speakers/01M3QM969MQH6R871PXY659EEB_1790720645_thumbnail.webp","","","https://technesummit.com/2026/speakers?page=7","https://technesummit.com/2026/speakers?page=7#speakerCardModal01M3QM96H2QGV4YQ0B2NDVBQXP","2026-10-04"
"01M31JBT3XFHPCRK15JCCM8KCB","Ahmed Alaa","CEO","Cryptyd Games","Egypt","As Founder & CEO of Cryptyd, Ahmed led a 17-person cross-functional team to ship 9 titles while owning product vision, live operations, and player engagement systems end-to-end. Cryptyd has been incubated by Google in the Google play Indie Accelerator Program 2019 at the google Asia HQ in Singapore!. Cryptyd was among 30 companies selected out of 1700 applicants from 37 countries.","https://technesummit.com/storage/events/2/speakers/01M31JBS25XXRK1YCES7AV082Q_1789980435_thumbnail.webp","https://technesummit.com/storage/events/2/speakers/01M31JBT33CV0HHEX7M63QHJWR_1789980436_company_logo.png","","https://technesummit.com/2026/speakers?page=7","https://technesummit.com/2026/speakers?page=7#speakerCardModal01M31JBT3XFHPCRK15JCCM8KCB","2026-10-04"
"01M3QMEGPQ8V3D6BWFNS3PQRHZ","Islam El Dakhakhny","Producer","Agora","Egypt","","https://technesummit.com/storage/events/2/speakers/01M3QMEG8QV6M781J0CYMM732J_1790720819_thumbnail.webp","https://technesummit.com/storage/events/2/speakers/01M3QMEGPNAQEWEW02QXB9E6H7_1790720819_company_logo.png","","https://technesummit.com/2026/speakers?page=7","https://technesummit.com/2026/speakers?page=7#speakerCardModal01M3QMEGPQ8V3D6BWFNS3PQRHZ","2026-10-04"
"01K94T3HBCD56N4C6CE9BSNY74","Zeyad Zein","Co-Founder & CEO","LAYN","Egypt","Zeyad Zein is the Co-founder and CEO of LAYN, where robots turn code into concrete. Having built the software, hardware, and materials from scratch, he's printing his way through real estate's rulebook — from furniture to façades to full structures.","https://technesummit.com/storage/events/2/speakers/01M2Y8Y84JH77078EBS0P2TE4S_1789869891_thumbnail.webp","https://technesummit.com/storage/events/2/speakers/01M2Y8Y8N8DGTKVDM33B6VVTBK_1789869892_company_logo.jpeg","","https://technesummit.com/2026/speakers?page=7","https://technesummit.com/2026/speakers?page=7#speakerCardModal01K94T3HBCD56N4C6CE9BSNY74","2026-10-04"
"01M31KRTV2RTDH5V1EPFRN504J","Mahmoud Aglan","CEO","Alarcade","Egypt","I am a passionate and experienced gamification entrepreneur with a strong understanding of the gamification market. I am the founder of AL-Arcade, a startup that provides gamification solutions to businesses of all sizes. I am committed to helping businesses improve their engagement, productivity, and profitability through gamification. I have over 5 years of experience in the technology industry, with a focus on gaming and software development. I started my career as a back-end Java developer, where I was responsible for updating and optimizing an ERP system. I then moved on to become a junior unity game developer, where I built hyper casual games and educational games for kids. I later became the lead game developer at PG-Soft Games Egypt, where I led a team of developers in creating high-quality mobile games. I am a skilled and experienced developer with a strong understanding of gamification principles. I am also a creative and innovative thinker with a proven ability to come up with new and innovative solutions to problems. I am confident that we can make a significant contribution to your company and help you achieve your goals.","https://technesummit.com/storage/events/2/speakers/01M31KRSAH89NG8P9Z985JNVXG_1789981910_thumbnail.webp","https://technesummit.com/storage/events/2/speakers/01M31KRTTZCE9JC8GNEBQPSHWE_1789981911_company_logo.jpg","","https://technesummit.com/2026/speakers?page=7","https://technesummit.com/2026/speakers?page=7#speakerCardModal01M31KRTV2RTDH5V1EPFRN504J","2026-10-04"
"01M3QMJVRC7E1CQ3QZS33V4EJX","Heba Ayad","Founder & Managing Partner","Talent 360 ME","Egypt","","https://technesummit.com/storage/events/2/speakers/01M3QMJVANK60XAQGAZJZAKYXK_1790720961_thumbnail.webp","https://technesummit.com/storage/events/2/speakers/01M3QMJVRA7HXDD9VK0FWK2KJD_1790720962_company_logo.png","","https://technesummit.com/2026/speakers?page=7","https://technesummit.com/2026/speakers?page=7#speakerCardModal01M3QMJVRC7E1CQ3QZS33V4EJX","2026-10-04"
"01M3QMP1M2NA5TPB5A6JVCBZFP","Osama Salman","Innovation & Entrepreneurship TL","EiTESAL NGO","Egypt","Technology entrepreneur, and product manager with 8+ years of experience working with startups, entrepreneurs, and technology-driven ventures. As Innovation & Entrepreneurship Team Lead at EiTESAL NGO, Osama is leading programs focused on startup incubation, acceleration, venture building, AI adoption, and digital transformation. As an Entrepreneur in Residence, working closely with founders on idea validation, product development, business models, and leveraging technology to turn early-stage ideas into viable ventures. He brings hands-on experience from both sides of the table-as an entrepreneur building technology ventures and as an ecosystem leader supporting other founders.","https://technesummit.com/storage/events/2/speakers/01M3QMP172X1684Q3RY5VTJH0R_1790721066_thumbnail.webp","https://technesummit.com/storage/events/2/speakers/01M3QMP1KZB2RSBVCW0XWGA3K6_1790721066_company_logo.jpeg","","https://technesummit.com/2026/speakers?page=7","https://technesummit.com/2026/speakers?page=7#speakerCardModal01M3QMP1M2NA5TPB5A6JVCBZFP","2026-10-04"
"01M3242YM85DQQWDF55AAQ6935","Sherif Aboshady","Managing Director, SMEs","Fawry","Egypt","Visionary Managing Director and CCO with 25+ years of pioneering leadership across Tier-1 Banking institutions, Fintech, and Digital Lending Ecosystems. Renowned for architecting and scaling high-growth financial enterprises from the ground up, obtaining critical regulatory licenses, and managing multi-billion EGP portfolios. A strategic expert in post-merger integration (PMI), products and ecosystems design, digital transformation. Adept at navigating complex regulatory landscapes (FRA & CBE) while building strategic alliances to position organizations as market-leading platforms.","https://technesummit.com/storage/events/2/speakers/01M3242XX1NTQQPBJ55A0DM474_1789999019_thumbnail.webp","https://technesummit.com/storage/events/2/speakers/01M3242YM6M52MMX6QMHKXK7JG_1789999020_company_logo.png","","https://technesummit.com/2026/speakers?page=7","https://technesummit.com/2026/speakers?page=7#speakerCardModal01M3242YM85DQQWDF55AAQ6935","2026-10-04"
"01M3QMTDP6Q0551G3CNAYT16VB","Ahmed El Maghraby","Public Policy & Human Rights Senior Manager","Vodafone Egypt","Egypt","Ahmed ElMaghraby is Senior Manager, Public Policy & Human Rights at Vodafone Egypt, with more than 23 years at the company. He leads external affairs strategy and the company's human rights mandate, including how digital services are designed to protect children and young users while preserving their access to opportunity. He is also a certified trainer and speaker on strategy and regional change.","https://technesummit.com/storage/events/2/speakers/01M3QMTD2XWERVSBQQ34MN4XP7_1790721209_thumbnail.webp","https://technesummit.com/storage/events/2/speakers/01M3QMTDH5QE66D5YD31YTSD6E_1790721209_company_logo.jpg","","https://technesummit.com/2026/speakers?page=7","https://technesummit.com/2026/speakers?page=7#speakerCardModal01M3QMTDP6Q0551G3CNAYT16VB","2026-10-04"
"01M3QMY2XP6YRQN2QTJ68SVZ7F","Jerome Challandard","Chief Business Officer","Blue Bridge Group AI","United Arab Emirates","Jerome Challandard is a senior transformation executive with more than 20 years of international experience leading business and technology transformation programs across Europe, the Middle East, and North America. During his career at Accenture, he led complex initiatives spanning strategy, digital, operations, supply chain, ERP modernization, shared services, and enterprise transformation across life sciences, healthcare, consumer goods, retail, and industrial sectors. Based in Dubai for the past decade, Jerome founded and developed Accenture’s Life Sciences practice in the Middle East, supporting pharmaceutical companies, healthcare distributors, and public sector institutions on strategic healthcare and manufacturing initiatives. His work included pharmaceutical strategic stock programs for Saudi Arabia, digital health platforms, patient support programs, pharmaceutical manufacturing transformation, and healthcare operating model redesign. In parallel, Jerome became a recognized leader in the consumer goods and food industries, advising groups on supply chain modernization, digital manufacturing, AI-enabled analytics, food security initiatives, and large-scale operating model transformation. Jerome is now Chief Business Officer at Blue Bridge, an AI-native system integrator helping enterprises redesign how work gets done with AI. His career has consistently combined business transformation with technology innovation, making his move into AI a natural evolution focused on helping organizations transition from traditional digital transformation toward AI-enabled enterprise reinvention.","https://technesummit.com/storage/events/2/speakers/01M3QMY252YS15CHS0ZD61QRRM_1790721329_thumbnail.webp","https://technesummit.com/storage/events/2/speakers/01M3QMY2X272Z43S6SKGK5DZZF_1790721330_company_logo.jpeg","","https://technesummit.com/2026/speakers?page=7","https://technesummit.com/2026/speakers?page=7#speakerCardModal01M3QMY2XP6YRQN2QTJ68SVZ7F","2026-10-04"
"01M3278MJ2N04T24VKJHWJVBKS","Shady Gabr","Managing Director","Orca Advisory","Egypt","Investment advisor specializing in private markets, with a focus on real estate and infrastructure investments across Egypt and the MENA region. Experienced in structuring debt and equity transactions, advising on capital raising strategies, REIT, and supporting developers and investors in aligning projects with institutional capital requirements. Core experience includes evaluating investment opportunities, structuring financing solutions, and advising on market entry, risk assessment, and capital deployment strategies in emerging markets. Provides practical, transaction-level insights on: • Real estate investment strategies and yield dynamics • Developer financing models and capital structures • Debt structuring and bank financing in Egypt • Equity partnerships, joint ventures, and investor negotiations • Macroeconomic impact on real estate and private markets Frequently engaged in discussions with investors, consultants, and financial institutions seeking on-the-ground perspectives on Egypt and MENA investment opportunities. Holds an MBA from Alliance Manchester Business School, a Management Accounting Diploma from CIMA, and a B.Sc. in Engineering from Ain Shams University.","https://technesummit.com/storage/events/2/speakers/01M3278KPYS8PHHBW5549XG3DN_1790002351_thumbnail.webp","https://technesummit.com/storage/events/2/speakers/01M3278MHZWYKAR7KB8ZFRM4A0_1790002352_company_logo.png","","https://technesummit.com/2026/speakers?page=7","https://technesummit.com/2026/speakers?page=7#speakerCardModal01M3278MJ2N04T24VKJHWJVBKS","2026-10-04"
"01M378BBQ13QMSJMFYYYX8J68C","Osama Salman","Innovation & Entrepreneurship TL","EiTESAL NGO","Egypt","Technology entrepreneur, and product manager with 8+ years of experience working with startups, entrepreneurs, and technology-driven ventures. As Innovation & Entrepreneurship Team Lead at EiTESAL NGO, Osama is leading programs focused on startup incubation, acceleration, venture building, AI adoption, and digital transformation. As an Entrepreneur in Residence, working closely with founders on idea validation, product development, business models, and leveraging technology to turn early-stage ideas into viable ventures. He brings hands-on experience from both sides of the table-as an entrepreneur building technology ventures and as an ecosystem leader supporting other founders.","https://technesummit.com/storage/events/2/speakers/01M378B97T637Z8W94JYX6RECZ_1790171260_thumbnail.webp","https://technesummit.com/storage/events/2/speakers/01M378BBGEXWKM52WJMNRFAK2T_1790171262_company_logo.jpeg","","https://technesummit.com/2026/speakers?page=7","https://technesummit.com/2026/speakers?page=7#speakerCardModal01M378BBQ13QMSJMFYYYX8J68C","2026-10-04"
"01M3QN1KJERGTPB3AFAWE7BD73","Mostafa Abbas","Ceo of online coaching company","Wellvix for development","Egypt","My name is Mostafa Abbas, Founder & CEO of Wellvix for Development, an online coaching company. I currently run The 90 B.A.D. Days, a wellness program designed to help business owners and entrepreneurs overcome burnout and build a healthier, more sustainable lifestyle. My work combines fitness, nutrition, behavioral change, supplementation, peptides, and technology to help people improve their overall health, performance, and quality of life.","https://technesummit.com/storage/events/2/speakers/01M3QN1K5NTKKNXXN5ZXWFS37E_1790721445_thumbnail.webp","https://technesummit.com/storage/events/2/speakers/01M3QN1KJ1CT08CT31R61DN8H7_1790721445_company_logo.png","","https://technesummit.com/2026/speakers?page=7","https://technesummit.com/2026/speakers?page=7#speakerCardModal01M3QN1KJERGTPB3AFAWE7BD73","2026-10-04"
"01M37H6QKR3Q519RG21GTZH891","Balsam Alayoub","Artist and fashion Designer AI coach","","Kuwait","ATHLETE | HUMANITARIAN | WOMEN’S EMPOWERMENT ADVOCATE | INTERNATIONAL SPEAKER | ARTIST | FASHION DESIGNER | AI CONVERSATION DESIGNER | EMOTIONAL INTELLIGENCE Balsam AlAyoub is a pioneering Kuwaiti athlete, humanitarian, international speaker, artist, fashion designer, and prominent advocate for women’s empowerment, with a professional journey spanning more than 30 years. A former Kuwait National Team athlete, Balsam has dedicated her career to empowering women and youth through sport, education, leadership, humanitarian initiatives, and community engagement. Her contributions have received international recognition through numerous awards, fellowships, leadership programmes, and speaking engagements at conferences and international events. In recent years, Balsam has expanded her work into the fields of technology and artificial intelligence, combining emotional intelligence, an understanding of human behaviour, communication, and innovation. Through her work as an AI conversation designer and prompt and instruction specialist, she focuses on creating more effective, intuitive, and human-centred interactions between people and artificial intelligence technologies","https://technesummit.com/storage/events/2/speakers/01M37H6PDMKF1SSTDMTYW2B584_1790180546_thumbnail.webp","","","https://technesummit.com/2026/speakers?page=7","https://technesummit.com/2026/speakers?page=7#speakerCardModal01M37H6QKR3Q519RG21GTZH891","2026-10-04"
"01M3S8ZMW21GP28ZHB9F3JDEHG","Sara Elkady","SVP Highspeed & Intercity, Rolling Stock","Siemens Mobility","Germany","Sara Elkady is Senior Vice President Highspeed & Intercity at Siemens Mobility, leading a global business focused on shaping the future of sustainable high-speed and intercity rail transportation. Over the past two decades, she has led international teams across strategy, business development, product management, and execution, contributing to major mobility programs and helping translate technology into meaningful business and societal impact. Her focus includes advancing sustainable rail, accelerating digital and AI-driven transformation, and developing high-performing teams and future leaders, grounded in a belief that diverse teams create the greatest value when united around a shared purpose.","https://technesummit.com/storage/events/2/speakers/01M3S8ZKKCW2V7C68YQ9PG0P3P_1790775905_thumbnail.webp","https://technesummit.com/storage/events/2/speakers/01M3S8ZMSXKCNF55ECG6PEZ5WJ_1790775907_company_logo.jpg","","https://technesummit.com/2026/speakers?page=7","https://technesummit.com/2026/speakers?page=7#speakerCardModal01M3S8ZMW21GP28ZHB9F3JDEHG","2026-10-04"
"01M3AC6BAC7Y2256X7Z3BKBEFE","Mostafa Amin","AI & Platform Product Manager","Rology","Egypt","Dr. Mostafa Amin is a radiologist and health informatics consultant with over a decade of clinical practice. A 2007 graduate of Suez Canal University Faculty of Medicine, he joined Rology in 2018, first leading medical operations and now serving as AI and Platform Product Manager, where he works at the intersection of radiology practice and product design — bringing a radiologist's perspective to the design of AI-assisted radiology tools and imaging workflows.","https://technesummit.com/storage/events/2/speakers/01M3AC6ATYT6XCT9TBRPXHQYGH_1790275955_thumbnail.webp","https://technesummit.com/storage/events/2/speakers/01M3AC6B9T3K0B9QKC7BCENWPW_1790275956_company_logo.png","","https://technesummit.com/2026/speakers?page=7","https://technesummit.com/2026/speakers?page=7#speakerCardModal01M3AC6BAC7Y2256X7Z3BKBEFE","2026-10-04"
"01K94T3N9XBA1RDBP1XKGJPD9P","Ahmed Farouk","Technology & Business Consultant | Entrepreneur","","Egypt","Ahmed Farouk is a technology entrepreneur and business consultant with 25+ years of experience building and leading technology-driven businesses across Egypt, MENA, and the GCC. He began his entrepreneurial journey in the early days of the internet, co-founding Mazika.com in 1998 and ArabicCards.com, and later founding ArabLeadz.com, one of the region’s early digital advertising businesses. Mazika became a pioneering Arabic digital music platform and was subsequently acquired by LINKdotNET. Ahmed went on to hold senior leadership roles across technology, digital platforms, fintech, and financial information, including General Manager of Mubasher.info and CEO of DirectFN Egypt. He also founded QuantRobots, an AI-based algorithmic trading platform, taking it from concept to a revenue-generating business. Today, Ahmed advises founders, digital platforms, and fintechs on growth, digital transformation, monetization, and expansion, while supporting investors with technology and operational due diligence.","https://technesummit.com/storage/events/2/speakers/01M3ACBQRVN59PAHZFRQ2TREW8_1790276132_thumbnail.webp","","","https://technesummit.com/2026/speakers?page=7","https://technesummit.com/2026/speakers?page=7#speakerCardModal01K94T3N9XBA1RDBP1XKGJPD9P","2026-10-04"
"01M3ACGF59TKJB68EJN6W8388F","Sabrine Assem","CEO","Untap","Egypt","Sabrine is the Founder and CEO of Untap, the talent and innovation infrastructure used by enterprises, governments, and foundations to build their own platforms that host hackathons, innovation challenges, awards, scholarships, and talent acquisition and development programs. Founded in 2019, Untap has powered more than 500 programs for organizations including Dell Technologies, P&G, Accor, the Saudi government, and the United Nations. Sabrine holds a Master's in Digital Innovation and Information Systems from Warwick Business School, where she studied as a Chevening Scholar. She previously founded SolverMine, an open innovation platform for the MENA region built on the same thesis: connecting talent to organizations.","https://technesummit.com/storage/events/2/speakers/01M3ACGEQ6W8WJM4AAKYK0FRQ2_1790276287_thumbnail.webp","https://technesummit.com/storage/events/2/speakers/01M3ACGF57RY1TX44WHFQ1BQH7_1790276287_company_logo.png","","https://technesummit.com/2026/speakers?page=7","https://technesummit.com/2026/speakers?page=7#speakerCardModal01M3ACGF59TKJB68EJN6W8388F","2026-10-04"
"01M3QKHMH104SV9JGP7K4S78WP","Michael Mounir","Chief AI and Digital Officer","","Egypt","Michael Mounir Habib is an AI and digital transformation leader with 18+ years of experience across telecom, fintech, insurance, healthcare and pharma. He has delivered large-scale transformation programs at Mobinil, Orange, Eva Pharma, Limitless Naturals, Care Point and Limitless Care. Michael was named Best CIO in Egypt (IDC 2025) and is a multiple award winner at Pharmaconex, receiving the 2024 and 2025 awards for Innovation in Digital Transformation and Patient Care. He holds a B.Sc. in Telecom Engineering from Alexandria University, an MBA in Strategic Management, and a strategy diploma from Harvard Business School.","https://technesummit.com/storage/events/2/speakers/01M3QKHM3MV69FQM6J21J974CJ_1790719873_thumbnail.webp","","","https://technesummit.com/2026/speakers?page=7","https://technesummit.com/2026/speakers?page=7#speakerCardModal01M3QKHMH104SV9JGP7K4S78WP","2026-10-04"
"01K94T3M13434VPX2544PFP6WE","Heba Adly","Head of Business Development","El Qalaa El Hamraa","Egypt","Head of Marketing @ Al Ahly Sporting Club | Marketing Communications","https://technesummit.com/storage/events/2/speakers/01M19BVXKX3PPVQ5TW6N83APNV_1788094576_thumbnail.webp","https://technesummit.com/storage/events/2/speakers/01M19BVY3JRY6P6QAG7TV1F3EE_1788094576_company_logo.png","","https://technesummit.com/2026/speakers?page=7","https://technesummit.com/2026/speakers?page=7#speakerCardModal01K94T3M13434VPX2544PFP6WE","2026-10-04"
"01K94T3M1MPG9MMEFZ7ZYEYXZ3","Youssef Mohsen","Founder & Managing partner","Anubis gaming","Egypt","Youssef Mohsen is an Egyptian entrepreneur and a pioneer of the esports industry in Egypt and the wider region. As a founder of Anubis Gaming, the first professional esports organization in Egypt, the Middle East, and Africa, he helped grow the organization from a small startup into a championship-winning team with world and regional titles, securing major partnerships with brands like Mercedes-Benz and Vodafone along the way. Today, he is the Founder and Managing Director of Quantum, a premium ecosystem that combines education, esports, talent management, and events to transform gaming in Egypt into a structured and professionally valuable path for young people. Through Quantum, he is working to bring coding, AI, and esports programs to youth across Egypt, turning something millions already love into real skills and opportunity. His experience spans business development, sponsorships, operations, events, and talent management, built on a track record of taking ideas from the ground up and scaling them.","https://technesummit.com/storage/events/2/speakers/01M1GV3SVQ2JFH70FG3B049HD2_1788345444_thumbnail.webp","https://technesummit.com/storage/events/2/speakers/01M1GV3T4AEW0VCRBC9J4PPQCP_1788345444_company_logo.png","","https://technesummit.com/2026/speakers?page=7","https://technesummit.com/2026/speakers?page=7#speakerCardModal01K94T3M1MPG9MMEFZ7ZYEYXZ3","2026-10-04"
"01K94T3MAK7X7PW5J5D9GBFJGE","Youssef Alaa","Co-founder","Neo Gamerz","Egypt","Driving Seamless Gaming Operations & Competitive Excellence Neo Gamerz","https://technesummit.com/storage/events/2/speakers/01M1GTXTSZ49EZSDGWYKSHMAQB_1788345248_thumbnail.webp","https://technesummit.com/storage/events/2/speakers/01M1GTXV5A4DKMT37AJBQRT94T_1788345248_company_logo.webp","","https://technesummit.com/2026/speakers?page=7","https://technesummit.com/2026/speakers?page=7#speakerCardModal01K94T3MAK7X7PW5J5D9GBFJGE","2026-10-04"
"01M3MCMFQJAZD78GDFMFTH4SNQ","Islam Gad","CEO, Transformix | Group VP, Future Experts Group","Transformix Digital Solutions","Egypt","Dr. Islam Gad is the CEO of Transformix and Group VP of Future Experts Group, specializing in digital transformation, quality management, Technology 5.0, Data Science and AI. He brings extensive regional leadership experience, including more than a decade within the Nokia and Microsoft business ecosystem. He holds a Doctorate in Quality Management and an MBA , from the AAST, and two postgraduate diplomas oin ne IT and HR from the AUC","https://technesummit.com/storage/events/2/speakers/01M3MCME89M7JR0V1D7WWVQMPV_1790611962_thumbnail.webp","https://technesummit.com/storage/events/2/speakers/01M3MCMFPWZN30YT70HS00MCY4_1790611963_company_logo.webp","","https://technesummit.com/2026/speakers?page=7","https://technesummit.com/2026/speakers?page=7#speakerCardModal01M3MCMFQJAZD78GDFMFTH4SNQ","2026-10-04"
